loc,blank_ratio,comment_ratio,doc_boilerplate_ratio,generic_name_ratio,template_name_ratio,bare_except_ratio,trycatch_density,avg_line_len,quote_consistency,indent_consistency,sentence_comment_ratio,todo_density,func_density,label
5.762051382780177,0.09686609686609686,0.14195583596214512,0.0,0.03460207612456748,0.0,0.0,0.0,30.08832807570978,0.9344262295081968,1.0,0.0,0.0,1.2618296529968454,0
5.241747015059643,0.12558139534883722,0.005319148936170213,0.0,0.20681818181818182,3.1818181818181817,0.0,6.382978723404255,38.29255319148936,1.0,1.0,0.0,0.0,9.574468085106384,0
3.044522437723423,0.09090909090909091,1.0,0.0,0.0,0.0,0.0,0.0,31.85,0.5,1.0,0.05,0.0,0.0,0
3.6109179126442243,0.05263157894736842,0.16666666666666666,0.0,0.0,0.0,0.0,0.0,36.72222222222222,1.0,1.0,0.16666666666666666,0.0,0.0,0
4.330733340286331,0.21875,0.38666666666666666,0.0,0.03806228373702422,0.0,0.0,2.666666666666667,46.986666666666665,0.3793103448275862,1.0,0.034482758620689655,0.0,9.333333333333334,0
2.70805020110221,0.125,0.0,0.0,0.0,0.0,0.0,0.0,18.142857142857142,1.0,1.0,0.0,0.0,0.0,0
5.545177444479562,0.16938110749185667,0.49411764705882355,12.156862745098039,0.14352941176470588,0.0,0.0,0.0,22.219607843137254,0.6410256410256411,0.48756218905472637,0.1111111111111111,0.0,4.313725490196078,0
3.044522437723423,0.2,0.25,0.0,0.024,0.0,0.0,0.0,44.0,1.0,1.0,0.0,0.0,0.0,0
6.641182169740591,0.1809421841541756,0.338562091503268,7.320261437908497,0.11657142857142858,0.34285714285714286,0.0,4.705882352941177,40.76078431372549,0.8544061302681992,0.984993178717599,0.07335907335907337,0.130718954248366,9.934640522875817,0
3.1354942159291497,0.08333333333333333,0.18181818181818182,0.0,0.0,0.0,0.0,0.0,24.772727272727273,1.0,1.0,0.0,0.0,0.0,0
2.3978952727983707,0.2857142857142857,0.0,0.0,0.0,0.0,0.0,0.0,40.0,0.6666666666666666,1.0,0.0,0.0,10.0,0
4.382026634673881,0.13186813186813187,0.10126582278481013,0.0,0.11627906976744186,0.0,0.0,0.0,26.063291139240505,0.5,1.0,0.0,0.0,0.0,0
3.9318256327243257,0.20634920634920634,0.04,0.0,0.21367521367521367,0.8547008547008548,0.0,8.0,33.34,0.75,1.0,0.0,0.0,8.0,0
5.786897381366708,0.16666666666666666,0.3230769230769231,2.1538461538461537,0.049060542797494784,0.0,0.25,3.076923076923077,38.926153846153845,0.8734177215189873,0.9759450171821306,0.11428571428571428,0.0,9.230769230769232,0
2.833213344056216,0.15789473684210525,0.5,18.75,0.018518518518518517,0.0,0.0,0.0,37.3125,1.0,0.2222222222222222,0.0,0.0,6.25,0
2.1972245773362196,0.2727272727272727,1.0,12.5,0.0,0.0,0.0,0.0,21.125,1.0,1.0,0.125,0.0,0.0,0
4.844187086458591,0.23170731707317074,0.6190476190476191,2.380952380952381,0.04823747680890538,0.0,0.0,0.0,44.75396825396825,0.4090909090909091,1.0,0.01282051282051282,0.0,7.142857142857142,0
3.8918202981106265,0.1724137931034483,0.14583333333333334,0.0,0.053691275167785234,0.0,0.0,0.0,49.583333333333336,0.14285714285714285,1.0,0.2857142857142857,0.0,14.583333333333334,0
3.9512437185814275,0.23880597014925373,0.6274509803921569,3.9215686274509802,0.004424778761061947,0.0,0.0,0.0,42.627450980392155,0.7674418604651163,1.0,0.03125,0.0,3.9215686274509802,0
4.127134385045092,0.17567567567567569,0.01639344262295082,0.0,0.11351351351351352,0.0,0.0,0.0,33.557377049180324,0.9622641509433962,1.0,0.0,0.0,11.475409836065573,0
3.828641396489095,0.26229508196721313,0.4444444444444444,0.0,0.07633587786259542,0.0,0.0,0.0,24.11111111111111,0.8,0.47058823529411764,0.1,0.0,0.0,0
6.293419278846481,0.16279069767441862,0.5018518518518519,5.185185185185185,0.033102386451116246,0.0,1.0,0.5555555555555556,25.233333333333334,0.7269076305220884,0.5330396475770925,0.07749077490774908,0.0,1.1111111111111112,0
5.641907070938114,0.1783625730994152,0.15302491103202848,0.3558718861209964,0.0464326160815402,0.5662514156285391,0.0,3.9145907473309607,39.8220640569395,0.974025974025974,1.0,0.20930232558139536,0.3558718861209964,8.185053380782918,0
3.4965075614664802,0.2,0.3125,0.0,0.024096385542168676,0.0,0.0,0.0,35.78125,0.5,1.0,0.2,0.0,6.25,0
5.187385805840755,0.12745098039215685,0.25280898876404495,0.5617977528089888,0.07630522088353414,0.0,1.0,2.247191011235955,31.51685393258427,0.4482758620689655,0.8590604026845637,0.13333333333333333,0.5617977528089888,2.8089887640449436,0
4.6443908991413725,0.2076923076923077,0.22330097087378642,0.9708737864077669,0.030201342281879196,0.0,0.0,7.766990291262135,39.38834951456311,0.0967741935483871,1.0,0.08695652173913043,0.0,10.679611650485436,0
4.736198448394496,0.22602739726027396,0.3274336283185841,4.424778761061947,0.054313099041533544,0.6389776357827476,0.0,6.1946902654867255,37.150442477876105,0.8867924528301887,1.0,0.10810810810810811,0.0,7.079646017699115,0
2.833213344056216,0.23809523809523808,0.0625,0.0,0.029411764705882353,0.0,0.0,0.0,32.4375,1.0,1.0,1.0,0.0,0.0,0
3.9318256327243257,0.35064935064935066,0.02,0.0,0.06611570247933884,0.0,0.0,0.0,36.78,0.9047619047619048,1.0,1.0,0.0,10.0,0
2.0794415416798357,0.4166666666666667,0.2857142857142857,0.0,0.05263157894736842,0.0,0.0,0.0,35.0,1.0,1.0,0.0,0.0,0.0,0
4.127134385045092,0.22784810126582278,0.2459016393442623,0.0,0.1437125748502994,0.0,0.0,0.0,36.90163934426229,1.0,1.0,0.06666666666666667,0.0,14.754098360655737,0
4.1588830833596715,0.125,0.14285714285714285,0.0,0.16455696202531644,0.0,0.0,0.0,29.682539682539684,1.0,0.94,0.0,0.0,1.5873015873015872,0
4.700480365792417,0.128,0.08256880733944955,0.0,0.10526315789473684,0.0,0.0,0.0,29.26605504587156,1.0,1.0,0.0,0.0,5.5045871559633035,0
6.240275845170769,0.15650741350906094,0.533203125,12.109375,0.03609239653512993,0.0,0.2,3.90625,44.142578125,0.251063829787234,0.8888888888888888,0.040293040293040296,0.0,4.1015625,0
6.648984550024776,0.20679012345679013,0.23476005188067445,1.556420233463035,0.0425531914893617,0.3481624758220503,0.15384615384615385,3.761348897535668,38.9935149156939,0.7618147448015122,1.0,0.09392265193370165,0.12970168612191957,4.798962386511025,0
3.5553480614894135,0.10526315789473684,0.029411764705882353,0.0,0.06382978723404255,0.0,1.0,5.88235294117647,23.323529411764707,1.0,1.0,0.0,0.0,5.88235294117647,0
3.1354942159291497,0.2413793103448276,0.0,0.0,0.0,0.0,0.0,0.0,31.454545454545453,1.0,1.0,0.0,0.0,9.090909090909092,0
3.044522437723423,0.09090909090909091,0.6,0.0,0.0,0.0,0.0,0.0,34.2,1.0,1.0,0.08333333333333333,0.0,0.0,0
6.876264611890766,0.15605928509154315,0.2737603305785124,3.512396694214876,0.10670630987776676,0.561612157251404,0.4,1.4462809917355373,40.804752066115704,0.8980891719745223,0.969264544456641,0.10943396226415095,0.10330578512396695,6.301652892561983,0
3.6635616461296463,0.19148936170212766,0.2894736842105263,0.0,0.0625,0.0,1.0,5.263157894736842,29.13157894736842,1.0,0.8947368421052632,0.09090909090909091,0.0,5.263157894736842,0
2.833213344056216,0.1111111111111111,0.0625,0.0,0.0,4.3478260869565215,0.0,0.0,20.625,1.0,1.0,1.0,0.0,0.0,0
3.7612001156935624,0.20754716981132076,0.16666666666666666,0.0,0.045454545454545456,0.0,0.0,0.0,35.38095238095238,1.0,1.0,0.0,2.380952380952381,0.0,0
4.61512051684126,0.20634920634920634,0.16,3.0,0.040880503144654086,0.0,0.0,0.0,32.01,0.9439252336448598,1.0,0.3125,0.0,5.0,0
7.077498053569231,0.19728813559322034,0.3876689189189189,0.5912162162162162,0.06784810126582279,0.7594936708860759,0.0,2.027027027027027,40.6402027027027,0.05832147937411095,0.9935897435897436,0.09803921568627451,0.16891891891891891,6.756756756756757,0
4.02535169073515,0.09836065573770492,0.05454545454545454,0.0,0.22556390977443608,0.0,0.0,0.0,28.854545454545455,1.0,1.0,0.0,0.0,7.2727272727272725,0
3.4339872044851463,0.14285714285714285,0.0,0.0,0.028985507246376812,0.0,0.0,0.0,37.43333333333333,1.0,1.0,0.0,0.0,0.0,0
4.6443908991413725,0.16260162601626016,0.05825242718446602,0.9708737864077669,0.0653061224489796,0.0,0.0,0.0,31.485436893203882,0.6666666666666666,1.0,0.0,0.0,0.0,0
5.3706380281276624,0.1640625,0.2336448598130841,0.46728971962616817,0.04185351270553064,0.0,0.0,0.0,43.16822429906542,0.22077922077922077,1.0,0.24,0.0,9.813084112149532,0
5.030437921392435,0.17391304347826086,0.15789473684210525,0.0,0.12037037037037036,0.3703703703703704,0.0,1.3157894736842104,41.39473684210526,0.7317073170731707,1.0,0.08333333333333333,0.0,5.263157894736842,0
4.290459441148391,0.14285714285714285,0.3194444444444444,8.333333333333332,0.0,0.0,0.0,0.0,30.958333333333332,0.75,0.625,0.17391304347826086,0.0,4.166666666666666,0
6.07993319509559,0.07036247334754797,0.1743119266055046,0.22935779816513763,0.1086021505376344,0.0,0.0,0.0,24.605504587155963,0.7446808510638298,0.8798882681564246,0.14473684210526316,0.0,2.522935779816514,0
3.044522437723423,0.09090909090909091,0.7,0.0,0.0,0.0,0.0,0.0,33.15,1.0,1.0,0.07142857142857142,0.0,0.0,0
2.8903717578961645,0.19047619047619047,0.17647058823529413,0.0,0.14035087719298245,0.0,0.0,0.0,25.529411764705884,1.0,0.8181818181818182,0.3333333333333333,0.0,0.0,0
2.1972245773362196,0.3333333333333333,0.0,0.0,0.0,0.0,0.0,0.0,41.25,0.5,1.0,0.0,0.0,12.5,0
5.0689042022202315,0.10227272727272728,0.06329113924050633,0.0,0.21973094170403587,0.0,0.0,0.6329113924050633,34.550632911392405,0.8285714285714286,1.0,0.0,0.0,2.5316455696202533,0
3.367295829986474,0.06666666666666667,0.25,0.0,0.0,0.0,0.0,0.0,37.392857142857146,1.0,1.0,0.14285714285714285,0.0,0.0,0
3.1354942159291497,0.15384615384615385,0.18181818181818182,0.0,0.2727272727272727,0.0,0.0,0.0,23.954545454545453,1.0,0.8571428571428571,0.25,0.0,0.0,0
3.6888794541139363,0.04878048780487805,0.28205128205128205,0.0,0.0,0.0,0.0,0.0,43.84615384615385,1.0,1.0,0.09090909090909091,0.0,0.0,0
5.1647859739235145,0.08900523560209424,0.07471264367816093,0.0,0.064,0.0,0.0,0.0,30.396551724137932,1.0,1.0,0.0,0.0,4.597701149425287,0
3.8501476017100584,0.041666666666666664,0.21739130434782608,0.0,0.0,0.0,0.0,0.0,44.95652173913044,0.9710144927536232,1.0,0.1,0.0,0.0,0
4.23410650459726,0.08108108108108109,0.058823529411764705,0.0,0.15294117647058825,0.0,0.0,0.0,31.13235294117647,0.6363636363636364,1.0,0.0,0.0,2.941176470588235,0
4.189654742026425,0.1875,0.13846153846153847,0.0,0.21774193548387097,0.0,0.25,12.307692307692308,27.43076923076923,0.7777777777777778,1.0,0.0,0.0,15.384615384615385,0
5.123963979403259,0.2304147465437788,0.08982035928143713,0.0,0.05277777777777778,0.0,0.2,7.18562874251497,31.45508982035928,1.0,1.0,0.26666666666666666,0.0,17.964071856287426,0
4.74493212836325,0.15555555555555556,0.14912280701754385,0.0,0.030303030303030304,2.4242424242424243,0.0,7.017543859649122,41.42982456140351,0.2,1.0,0.17647058823529413,0.0,6.140350877192982,0
3.7376696182833684,0.08888888888888889,0.0,0.0,0.007936507936507936,0.7936507936507936,0.0,0.0,36.926829268292686,0.9444444444444444,1.0,0.0,0.0,0.0,0
2.1972245773362196,0.2727272727272727,0.0,0.0,0.0,7.6923076923076925,0.0,0.0,38.0,1.0,1.0,0.0,0.0,0.0,0
4.875197323201151,0.12751677852348994,0.3230769230769231,0.0,0.10150375939849623,0.0,0.0,0.0,29.361538461538462,1.0,1.0,0.0,1.5384615384615385,5.384615384615385,0
5.049856007249537,0.12921348314606743,0.2709677419354839,0.6451612903225806,0.053784860557768925,0.0,0.0,8.38709677419355,40.47096774193548,0.45454545454545453,1.0,0.30952380952380953,0.0,9.67741935483871,0
3.828641396489095,0.1509433962264151,0.24444444444444444,0.0,0.20610687022900764,2.2900763358778624,0.0,0.0,42.44444444444444,0.13333333333333333,1.0,0.36363636363636365,0.0,8.88888888888889,0
3.58351893845611,0.125,0.0,2.857142857142857,0.01818181818181818,0.0,0.0,0.0,47.74285714285714,0.8805970149253731,1.0,0.0,0.0,0.0,0
5.075173815233827,0.12154696132596685,0.20754716981132076,0.0,0.023529411764705882,0.7058823529411765,0.0,2.515723270440252,41.9748427672956,0.14285714285714285,0.9866666666666667,0.15151515151515152,0.0,8.176100628930817,0
3.4011973816621555,0.06451612903225806,0.2413793103448276,0.0,0.0,0.0,0.0,0.0,31.75862068965517,1.0,1.0,0.14285714285714285,0.0,0.0,0
6.369900982828227,0.171875,0.16295025728987994,0.17152658662092624,0.018061408789885613,0.0,0.7391304347826086,8.233276157804461,38.92967409948542,0.6938775510204082,0.9776119402985075,0.08421052631578947,0.0,10.977701543739279,0
4.859812404361672,0.09859154929577464,0.125,0.0,0.11904761904761904,0.0,0.0,0.0,31.9453125,0.75,0.9245283018867925,0.0625,0.0,5.46875,0
2.302585092994046,0.25,0.1111111111111111,0.0,0.17647058823529413,0.0,0.0,0.0,30.333333333333332,0.5,1.0,0.0,0.0,0.0,0
3.1780538303479458,0.23333333333333334,0.13043478260869565,0.0,0.2916666666666667,0.0,0.0,0.0,24.17391304347826,1.0,0.8333333333333334,0.3333333333333333,0.0,0.0,0
3.5553480614894135,0.24444444444444444,0.47058823529411764,0.0,0.05154639175257732,0.0,0.0,0.0,38.05882352941177,1.0,1.0,0.0625,0.0,0.0,0
3.4657359027997265,0.1388888888888889,0.41935483870967744,0.0,0.1981981981981982,0.0,0.0,0.0,37.064516129032256,0.2,1.0,0.0,0.0,0.0,0
2.772588722239781,0.3181818181818182,0.5333333333333333,0.0,0.04,0.0,0.0,0.0,23.8,1.0,1.0,0.125,0.0,6.666666666666667,0
5.932245187448011,0.21008403361344538,0.5106382978723404,2.6595744680851063,0.07315340909090909,0.07102272727272728,0.0,1.5957446808510638,43.215425531914896,0.7368421052631579,0.9915492957746479,0.078125,0.0,8.77659574468085,0
6.726233402358747,0.17850098619329388,0.42016806722689076,6.962785114045618,0.035478260869565216,0.9391304347826087,0.0,1.680672268907563,40.39975990396159,0.6587301587301587,0.9667093469910372,0.05142857142857143,0.0,6.24249699879952,0
3.5553480614894135,0.22727272727272727,0.5882352941176471,5.88235294117647,0.22784810126582278,0.0,0.0,0.0,23.823529411764707,1.0,0.37037037037037035,0.05,0.0,0.0,0
5.365976015021851,0.17120622568093385,0.27230046948356806,7.511737089201878,0.04552129221732746,1.762114537444934,0.0,0.9389671361502347,40.53051643192488,0.09090909090909091,0.9603960396039604,0.1896551724137931,0.0,7.981220657276995,0
3.4657359027997265,0.06060606060606061,0.1935483870967742,0.0,0.0,0.0,0.0,0.0,37.645161290322584,1.0,1.0,0.16666666666666666,0.0,0.0,0
4.007333185232471,0.19402985074626866,0.037037037037037035,0.0,0.013793103448275862,0.0,0.0,0.0,31.88888888888889,0.6666666666666666,1.0,0.0,0.0,3.7037037037037033,0
4.5217885770490405,0.052083333333333336,0.03296703296703297,0.0,0.0594059405940594,0.0,0.0,0.0,24.626373626373628,0.7142857142857143,1.0,0.0,0.0,3.296703296703297,0
2.995732273553991,0.36666666666666664,0.42105263157894735,0.0,0.1111111111111111,0.0,0.0,0.0,27.894736842105264,1.0,1.0,0.125,0.0,10.526315789473683,0
2.772588722239781,0.11764705882352941,0.0,0.0,0.0,0.0,0.0,0.0,27.866666666666667,1.0,1.0,0.0,0.0,6.666666666666667,0
2.0794415416798357,0.4166666666666667,0.2857142857142857,0.0,0.0,0.0,0.0,0.0,45.714285714285715,1.0,1.0,0.0,0.0,0.0,0
5.407171771460119,0.16853932584269662,0.17117117117117117,0.45045045045045046,0.05071521456436931,0.5201560468140443,1.0,1.8018018018018018,36.752252252252255,0.17105263157894737,0.9818181818181818,0.2894736842105263,0.0,10.36036036036036,0
4.859812404361672,0.152317880794702,0.078125,0.0,0.022727272727272728,0.5681818181818182,0.0,3.125,42.6328125,0.6,1.0,0.2,0.0,7.03125,0
3.044522437723423,0.16666666666666666,0.0,0.0,0.0,1.8181818181818181,0.0,0.0,30.7,1.0,1.0,0.0,0.0,0.0,0
3.8066624897703196,0.22807017543859648,0.20454545454545456,0.0,0.09836065573770492,2.459016393442623,0.0,4.545454545454546,38.02272727272727,1.0,1.0,0.1111111111111111,0.0,11.363636363636363,0
4.442651256490317,0.125,0.16666666666666666,0.0,0.06875,0.0,1.0,4.761904761904762,24.595238095238095,1.0,0.922077922077922,0.0,0.0,3.571428571428571,0
4.68213122712422,0.11570247933884298,0.06542056074766354,0.0,0.07851239669421488,0.0,1.0,1.8691588785046727,28.214953271028037,1.0,1.0,0.0,0.0,7.476635514018691,0
4.852030263919617,0.20125786163522014,0.48031496062992124,2.3622047244094486,0.07317073170731707,0.6097560975609756,0.0,4.724409448818897,42.75590551181102,0.2765957446808511,1.0,0.14754098360655737,0.0,5.511811023622047,0
3.8066624897703196,0.13725490196078433,0.25,0.0,0.29906542056074764,0.0,0.0,0.0,27.227272727272727,0.3333333333333333,0.8108108108108109,0.0,0.0,0.0,0
3.4657359027997265,0.06060606060606061,0.1935483870967742,0.0,0.0,0.0,0.0,0.0,37.38709677419355,1.0,1.0,0.16666666666666666,0.0,0.0,0
4.430816798843313,0.26548672566371684,0.0,0.0,0.271889400921659,0.0,0.0,0.0,37.40963855421687,0.8823529411764706,1.0,0.0,0.0,15.66265060240964,0
2.9444389791664403,0.14285714285714285,0.05555555555555555,0.0,0.025,0.0,0.0,0.0,29.22222222222222,1.0,1.0,0.0,0.0,0.0,0
2.0794415416798357,0.3,0.14285714285714285,0.0,0.21052631578947367,0.0,0.0,0.0,27.714285714285715,1.0,1.0,0.0,0.0,0.0,0
3.784189633918261,0.17307692307692307,0.37209302325581395,0.0,0.061224489795918366,0.0,0.0,0.0,23.11627906976744,0.8333333333333334,0.6774193548387096,0.1875,0.0,2.3255813953488373,0
3.784189633918261,0.21818181818181817,0.11627906976744186,0.0,0.08641975308641975,0.0,0.0,0.0,44.116279069767444,1.0,1.0,0.0,0.0,11.627906976744185,0
3.8918202981106265,0.15789473684210525,0.14583333333333334,2.083333333333333,0.02654867256637168,0.0,0.0,0.0,26.166666666666668,1.0,0.8214285714285714,0.14285714285714285,0.0,2.083333333333333,0
3.4339872044851463,0.25,0.43333333333333335,0.0,0.03418803418803419,0.0,0.0,0.0,40.833333333333336,0.23076923076923078,1.0,0.07692307692307693,0.0,3.3333333333333335,0
2.1972245773362196,0.2727272727272727,0.25,0.0,0.0625,0.0,0.0,0.0,53.125,1.0,1.0,0.0,0.0,12.5,0
4.290459441148391,0.23404255319148937,0.013888888888888888,1.3888888888888888,0.24271844660194175,0.0,0.0,4.166666666666666,38.861111111111114,1.0,1.0,1.0,0.0,12.5,0
3.8712010109078907,0.0784313725490196,0.1702127659574468,0.0,0.12698412698412698,0.0,0.0,0.0,28.680851063829788,1.0,0.9487179487179487,0.125,0.0,2.127659574468085,0
3.6635616461296463,0.11627906976744186,0.15789473684210525,0.0,0.0,0.0,0.0,0.0,41.71052631578947,1.0,1.0,0.16666666666666666,0.0,0.0,0
4.127134385045092,0.1643835616438356,0.09836065573770492,0.0,0.3114754098360656,0.0,0.0,0.0,20.442622950819672,1.0,0.9565217391304348,0.16666666666666666,0.0,0.0,0
5.480638923341991,0.22402597402597402,0.100418410041841,0.41841004184100417,0.02337228714524207,0.0,0.5,2.092050209205021,36.22175732217573,0.8571428571428571,0.9662921348314607,0.0,0.0,10.87866108786611,0
3.6635616461296463,0.22448979591836735,0.0,0.0,0.0,0.0,0.0,0.0,28.92105263157895,1.0,1.0,0.0,0.0,7.894736842105263,0
5.442417710521793,0.18149466192170818,0.21304347826086956,0.43478260869565216,0.10815047021943573,1.09717868338558,0.0,2.1739130434782608,37.8,0.3626373626373626,1.0,0.16326530612244897,0.0,14.347826086956522,0
4.356708826689592,0.10465116279069768,0.03896103896103896,0.0,0.2857142857142857,0.0,0.0,0.0,24.766233766233768,1.0,1.0,0.0,0.0,3.896103896103896,0
2.639057329615259,0.23529411764705882,1.0,0.0,0.0,0.0,0.0,0.0,41.30769230769231,1.0,1.0,0.07692307692307693,0.0,0.0,0
3.970291913552122,0.21212121212121213,0.34615384615384615,0.0,0.046632124352331605,0.0,0.0,3.8461538461538463,41.28846153846154,1.0,1.0,0.0,0.0,7.6923076923076925,0
4.787491742782046,0.15602836879432624,0.2857142857142857,0.0,0.12590799031476999,0.0,0.0,0.0,46.99159663865546,0.30434782608695654,1.0,0.2647058823529412,0.0,11.76470588235294,0
3.044522437723423,0.09090909090909091,0.5,0.0,0.0,0.0,0.0,0.0,36.75,1.0,1.0,0.1,0.0,0.0,0
3.295836866004329,0.1875,0.038461538461538464,0.0,0.02564102564102564,0.0,0.0,0.0,30.53846153846154,1.0,1.0,0.0,0.0,11.538461538461538,0
3.6888794541139363,0.13333333333333333,0.0,0.0,0.08108108108108109,0.0,0.0,0.0,24.102564102564102,1.0,1.0,0.0,0.0,0.0,0
2.4849066497880004,0.26666666666666666,0.45454545454545453,0.0,0.019230769230769232,0.0,0.0,0.0,48.0,1.0,1.0,0.4,0.0,0.0,0
3.044522437723423,0.09090909090909091,0.45,0.0,0.0,0.0,0.0,0.0,36.4,1.0,1.0,0.1111111111111111,0.0,0.0,0
3.5553480614894135,0.22727272727272727,0.3235294117647059,0.0,0.06422018348623854,0.0,0.0,0.0,31.61764705882353,1.0,1.0,0.18181818181818182,0.0,5.88235294117647,0
3.4339872044851463,0.21052631578947367,0.2,0.0,0.08,0.0,0.0,0.0,30.2,1.0,0.8571428571428571,0.16666666666666666,0.0,0.0,0
3.912023005428146,0.07547169811320754,0.24489795918367346,0.0,0.0,0.0,0.0,0.0,43.0,1.0,1.0,0.08333333333333333,0.0,0.0,0
4.672828834461906,0.2318840579710145,0.5566037735849056,0.0,0.08,2.823529411764706,0.0,0.0,43.386792452830186,0.8360655737704918,1.0,0.0847457627118644,0.0,6.60377358490566,0
3.044522437723423,0.09090909090909091,0.55,0.0,0.0,0.0,0.0,0.0,34.4,1.0,1.0,0.09090909090909091,0.0,0.0,0
4.02535169073515,0.09836065573770492,0.10909090909090909,0.0,0.22608695652173913,0.0,1.0,3.6363636363636362,27.69090909090909,0.8095238095238095,1.0,0.0,0.0,1.8181818181818181,0
3.58351893845611,0.14634146341463414,0.02857142857142857,2.857142857142857,0.017699115044247787,0.0,0.0,0.0,41.22857142857143,0.5675675675675675,1.0,0.0,0.0,5.714285714285714,0
5.673323267171493,0.1021671826625387,0.43448275862068964,0.6896551724137931,0.07740213523131673,0.0,0.0,0.0,40.57586206896552,0.896414342629482,1.0,0.023809523809523808,0.0,5.172413793103448,0
3.091042453358316,0.2222222222222222,0.42857142857142855,0.0,0.125,0.0,0.0,0.0,45.714285714285715,0.5,1.0,0.3333333333333333,0.0,9.523809523809524,0
2.3978952727983707,0.16666666666666666,0.1,0.0,0.043478260869565216,0.0,0.0,0.0,25.2,1.0,1.0,0.0,0.0,0.0,0
3.7376696182833684,0.10869565217391304,0.21951219512195122,0.0,0.09333333333333334,0.0,0.0,0.0,22.170731707317074,1.0,0.84375,0.0,0.0,2.4390243902439024,0
4.060443010546419,0.13636363636363635,0.05263157894736842,0.0,0.027777777777777776,0.0,0.0,0.0,36.50877192982456,1.0,1.0,0.0,0.0,5.263157894736842,0
4.584967478670572,0.19834710743801653,0.16494845360824742,0.0,0.04778156996587031,0.0,0.0,6.185567010309279,36.876288659793815,0.16129032258064516,1.0,0.3125,0.0,9.278350515463918,0
7.372118028337787,0.14378029079159935,0.37610062893081764,4.716981132075472,0.05870944992947814,0.15867418899858957,0.16666666666666666,1.257861635220126,46.19433962264151,0.12138728323699421,0.9225306649451259,0.051839464882943144,0.0,7.3584905660377355,0
3.6635616461296463,0.05,0.2631578947368421,0.0,0.0,0.0,0.0,0.0,52.973684210526315,1.0,1.0,0.1,0.0,0.0,0
2.302585092994046,0.25,0.8888888888888888,0.0,0.0,0.0,0.0,0.0,21.555555555555557,1.0,1.0,0.125,0.0,0.0,0
6.2166061010848646,0.1452991452991453,0.302,5.6000000000000005,0.04525175270873168,0.06373486297004462,0.16666666666666666,2.1999999999999997,42.408,0.8947368421052632,0.9493392070484582,0.059602649006622516,0.0,5.0,0
3.1354942159291497,0.15384615384615385,0.045454545454545456,0.0,0.32653061224489793,0.0,0.0,0.0,31.681818181818183,0.0,1.0,0.0,0.0,4.545454545454546,0
4.795790545596741,0.22077922077922077,0.4666666666666667,0.0,0.17344173441734417,0.0,0.0,0.0,24.691666666666666,0.7446808510638298,0.9636363636363636,0.017857142857142856,0.0,4.166666666666666,0
6.630683385642372,0.22597137014314927,0.34346103038309117,5.9445178335535,0.08188585607940446,0.6617038875103392,0.0,5.812417437252312,38.40422721268164,0.02830188679245283,0.9970414201183432,0.11153846153846154,0.13210039630118892,5.151915455746367,0
3.5553480614894135,0.15,0.4117647058823529,11.76470588235294,0.015748031496062992,0.0,0.0,0.0,36.55882352941177,1.0,0.5,0.07142857142857142,0.0,2.941176470588235,0
3.258096538021482,0.1935483870967742,0.12,0.0,0.016129032258064516,0.0,0.0,0.0,38.84,0.09090909090909091,1.0,0.3333333333333333,0.0,4.0,0
5.75890177387728,0.18134715025906736,0.3860759493670886,2.2151898734177213,0.058163265306122446,0.0,0.5,1.2658227848101267,40.550632911392405,0.7633587786259542,0.9966442953020134,0.07377049180327869,0.0,4.113924050632911,0
4.718498871295094,0.08264462809917356,0.26126126126126126,0.0,0.07065217391304347,0.0,0.0,0.0,35.44144144144144,1.0,1.0,0.034482758620689655,0.0,4.504504504504505,0
2.1972245773362196,0.2,0.0,0.0,0.0,0.0,0.0,0.0,22.0,1.0,1.0,0.0,0.0,0.0,0
3.828641396489095,0.1,0.13333333333333333,0.0,0.0,0.0,0.0,0.0,44.91111111111111,0.9655172413793104,1.0,0.16666666666666666,0.0,0.0,0
3.6888794541139363,0.1875,0.2564102564102564,0.0,0.15037593984962405,0.0,0.0,0.0,30.923076923076923,0.5,0.875,0.1,0.0,0.0,0
2.70805020110221,0.125,0.0,0.0,0.0,5.555555555555555,0.0,0.0,18.5,1.0,1.0,0.0,0.0,0.0,0
3.912023005428146,0.19672131147540983,0.02040816326530612,0.0,0.045454545454545456,0.0,0.0,8.16326530612245,38.142857142857146,0.25,1.0,1.0,0.0,10.204081632653061,0
2.302585092994046,0.3076923076923077,0.5555555555555556,0.0,0.058823529411764705,0.0,0.0,0.0,42.22222222222222,0.7142857142857143,1.0,0.2,0.0,11.11111111111111,0
3.6635616461296463,0.05,0.2631578947368421,0.0,0.0,0.0,0.0,0.0,43.73684210526316,1.0,1.0,0.1,0.0,0.0,0
3.8066624897703196,0.043478260869565216,0.13636363636363635,0.0,0.0,0.0,0.0,0.0,39.09090909090909,1.0,1.0,0.16666666666666666,0.0,0.0,0
4.110873864173311,0.07692307692307693,0.06666666666666667,0.0,0.3063063063063063,0.0,0.0,0.0,23.683333333333334,0.7333333333333333,0.9615384615384616,0.25,0.0,0.0,0
4.23410650459726,0.11688311688311688,0.058823529411764705,0.0,0.15476190476190477,0.0,0.0,0.0,29.205882352941178,1.0,1.0,0.0,0.0,7.352941176470589,0
6.29156913955832,0.1870286576168929,0.29313543599257885,1.6697588126159555,0.11205564142194745,0.0,1.0,1.4842300556586272,26.38404452690167,0.9411764705882353,0.8189473684210526,0.06329113924050633,0.0,3.153988868274583,0
2.3978952727983707,0.3333333333333333,0.1,0.0,0.0,0.0,0.0,0.0,39.2,1.0,1.0,0.0,0.0,0.0,0
5.308267697401205,0.0945945945945946,0.0945273631840796,0.0,0.0792838874680307,0.5115089514066496,0.0,0.4975124378109453,34.42786069651741,0.9369627507163324,1.0,0.15789473684210525,0.0,1.4925373134328357,0
2.1972245773362196,0.2727272727272727,0.125,0.0,0.12903225806451613,0.0,0.0,0.0,38.25,1.0,1.0,0.0,0.0,0.0,0
6.386879319362645,0.14798850574712644,0.5261382799325464,2.5295109612141653,0.07567091948966125,0.9678838539375276,0.5,0.8431703204047217,44.26306913996628,0.8502673796791443,0.9787985865724381,0.060897435897435896,0.16863406408094433,6.070826306913997,0
3.784189633918261,0.23214285714285715,0.46511627906976744,0.0,0.031055900621118012,0.0,0.0,0.0,29.093023255813954,0.6521739130434783,0.8333333333333334,0.05,0.0,0.0,0
5.176149732573829,0.16587677725118483,0.4090909090909091,0.5681818181818182,0.0026666666666666666,0.0,0.0,0.0,30.75,1.0,0.8554216867469879,0.013888888888888888,0.0,3.977272727272727,0
3.6635616461296463,0.13636363636363635,0.0,0.0,0.1262135922330097,1.9417475728155338,0.0,0.0,39.36842105263158,0.3333333333333333,1.0,0.0,0.0,5.263157894736842,0
5.438079308923196,0.06147540983606557,0.1965065502183406,0.0,0.07196029776674938,0.0,1.0,1.7467248908296942,22.54585152838428,0.5,0.8944954128440367,0.26666666666666666,0.0,0.0,0
3.7612001156935624,0.2222222222222222,0.0,0.0,0.1,0.0,0.0,4.761904761904762,40.80952380952381,0.42857142857142855,1.0,0.0,0.0,9.523809523809524,0
5.147494476813453,0.2119815668202765,0.40350877192982454,2.3391812865497075,0.0748502994011976,0.0,0.0,0.0,23.0,1.0,0.6126760563380281,0.08695652173913043,0.0,1.1695906432748537,0
2.302585092994046,0.25,0.1111111111111111,0.0,0.0,0.0,0.0,0.0,20.77777777777778,1.0,1.0,0.0,0.0,0.0,0
8.487352349405215,0.10048201705598814,0.12840065952184665,0.041220115416323165,0.14285714285714285,0.0,0.75,0.3091508656224237,28.750824402308325,0.08573655494933749,0.9516932270916335,0.06581059390048154,0.1030502885408079,3.998351195383347,0
3.258096538021482,0.16666666666666666,0.0,4.0,0.0,2.631578947368421,0.0,0.0,38.24,0.5714285714285714,1.0,0.0,0.0,4.0,0
3.044522437723423,0.13043478260869565,0.05,0.0,0.3018867924528302,0.0,0.0,0.0,28.75,1.0,1.0,0.0,0.0,0.0,0
4.23410650459726,0.09333333333333334,0.058823529411764705,0.0,0.15748031496062992,0.0,0.0,0.0,27.808823529411764,0.10344827586206896,1.0,0.0,0.0,5.88235294117647,0
4.770684624465665,0.145985401459854,0.19658119658119658,0.0,0.051829268292682924,0.0,0.0,0.0,33.324786324786324,1.0,1.0,0.0,1.7094017094017095,5.982905982905983,0
3.6888794541139363,0.23529411764705882,0.358974358974359,2.564102564102564,0.11926605504587157,0.0,0.0,0.0,33.333333333333336,1.0,1.0,0.21428571428571427,0.0,7.6923076923076925,0
2.9444389791664403,0.14285714285714285,0.0,0.0,0.0,0.0,1.0,11.11111111111111,46.94444444444444,1.0,1.0,0.0,0.0,0.0,0
3.1354942159291497,0.2413793103448276,0.22727272727272727,0.0,0.010309278350515464,0.0,0.0,4.545454545454546,45.68181818181818,0.75,0.7222222222222222,0.2,0.0,4.545454545454546,0
3.9889840465642745,0.19696969696969696,0.22641509433962265,0.0,0.07317073170731707,0.8130081300813009,1.0,3.7735849056603774,36.716981132075475,1.0,1.0,0.16666666666666666,0.0,13.20754716981132,0
3.6109179126442243,0.12195121951219512,0.0,2.7777777777777777,0.0,1.0869565217391304,0.0,0.0,40.30555555555556,0.8571428571428571,1.0,0.0,0.0,0.0,0
2.5649493574615367,0.2,0.0,0.0,0.09090909090909091,0.0,0.0,0.0,19.416666666666668,1.0,1.0,0.0,0.0,8.333333333333332,0
3.258096538021482,0.07407407407407407,0.08,0.0,0.0,0.0,0.0,0.0,26.96,1.0,1.0,0.5,0.0,0.0,0
2.302585092994046,0.35714285714285715,0.0,0.0,0.2413793103448276,0.0,0.0,0.0,27.22222222222222,1.0,1.0,0.0,0.0,0.0,0
6.92461239604856,0.10484581497797357,0.10531496062992125,0.09842519685039369,0.17635467980295566,0.0,0.0,3.543307086614173,43.57972440944882,0.12525667351129363,0.9949392712550608,0.308411214953271,0.09842519685039369,6.299212598425196,0
3.2188758248682006,0.2,0.08333333333333333,0.0,0.0,0.0,0.0,0.0,50.583333333333336,0.8095238095238095,1.0,0.0,0.0,4.166666666666666,0
2.639057329615259,0.1875,0.07692307692307693,0.0,0.0,0.0,0.0,0.0,30.307692307692307,1.0,1.0,0.0,0.0,0.0,0
5.424950017481403,0.06611570247933884,0.12389380530973451,0.0,0.15367965367965367,0.0,0.0,0.0,26.849557522123895,0.7222222222222222,0.9578947368421052,0.07142857142857142,0.0,4.424778761061947,0
2.772588722239781,0.16666666666666666,0.0,0.0,0.0,0.0,1.0,13.333333333333334,41.53333333333333,1.0,1.0,0.0,0.0,0.0,0
2.70805020110221,0.125,0.0,0.0,0.0,5.555555555555555,0.0,0.0,21.071428571428573,1.0,1.0,0.0,0.0,0.0,0
3.367295829986474,0.2,0.07142857142857142,0.0,0.09375,0.0,0.0,0.0,34.035714285714285,0.6363636363636364,1.0,0.0,0.0,7.142857142857142,0
3.367295829986474,0.06666666666666667,0.25,0.0,0.0,0.0,0.0,0.0,37.57142857142857,1.0,1.0,0.14285714285714285,0.0,0.0,0
4.430816798843313,0.13541666666666666,0.24096385542168675,0.0,0.02631578947368421,0.0,0.0,0.0,30.674698795180724,0.6923076923076923,0.9178082191780822,0.0,0.0,2.4096385542168677,0
5.560681631015528,0.15081967213114755,0.4092664092664093,4.633204633204633,0.06181015452538632,0.11037527593818984,0.0,0.0,47.21621621621622,0.9323671497584541,0.9831223628691983,0.1320754716981132,0.0,7.722007722007722,0
3.044522437723423,0.25925925925925924,0.35,0.0,0.2,0.0,0.0,0.0,27.0,1.0,0.6666666666666666,0.14285714285714285,0.0,5.0,0
4.127134385045092,0.24691358024691357,0.13114754098360656,0.0,0.006896551724137931,1.3793103448275863,0.0,0.0,31.672131147540984,1.0,1.0,0.125,0.0,6.557377049180328,0
6.0867747269123065,0.08158995815899582,0.21184510250569477,0.0,0.06465517241379311,1.0057471264367817,0.07692307692307693,5.466970387243736,46.758542141230066,0.3870967741935484,0.9854014598540146,0.1935483870967742,0.0,3.189066059225513,0
4.663439094112067,0.20454545454545456,0.42857142857142855,0.0,0.039735099337748346,0.0,0.0,5.714285714285714,36.095238095238095,0.15384615384615385,0.7017543859649122,0.13333333333333333,0.0,1.9047619047619049,0
3.8712010109078907,0.0784313725490196,0.0425531914893617,0.0,0.22077922077922077,0.0,0.0,0.0,26.80851063829787,1.0,1.0,0.0,0.0,2.127659574468085,0
3.4965075614664802,0.1794871794871795,0.3125,0.0,0.013157894736842105,0.0,0.0,6.25,48.71875,0.2727272727272727,1.0,0.1,0.0,3.125,0
4.343805421853684,0.2,0.07894736842105263,0.0,0.036585365853658534,0.0,0.0,0.0,39.578947368421055,0.23076923076923078,1.0,0.0,0.0,0.0,0
2.302585092994046,0.25,0.1111111111111111,0.0,0.0,0.0,0.0,0.0,14.777777777777779,1.0,1.0,0.0,0.0,0.0,0
4.189654742026425,0.1875,0.24615384615384617,0.0,0.1016260162601626,0.40650406504065045,0.0,0.0,45.215384615384615,0.1724137931034483,1.0,0.375,0.0,1.5384615384615385,0
3.367295829986474,0.15151515151515152,0.14285714285714285,0.0,0.08602150537634409,0.0,0.0,0.0,45.92857142857143,0.14285714285714285,1.0,0.0,0.0,7.142857142857142,0
3.912023005428146,0.3717948717948718,0.10204081632653061,0.0,0.007751937984496124,0.0,0.0,0.0,39.44897959183673,0.45454545454545453,1.0,0.4,0.0,24.489795918367346,0
5.3230099791384085,0.14285714285714285,0.24019607843137256,0.0,0.04151624548736462,0.9025270758122743,0.0,1.9607843137254901,37.970588235294116,0.23076923076923078,1.0,0.24489795918367346,0.0,4.411764705882353,0
2.5649493574615367,0.2,0.0,0.0,0.0,0.0,0.0,0.0,32.666666666666664,1.0,1.0,0.0,0.0,0.0,0
4.219507705176107,0.12987012987012986,0.1044776119402985,0.0,0.078125,0.0,0.0,0.0,31.29850746268657,1.0,1.0,0.0,0.0,1.4925373134328357,0
2.639057329615259,0.48,0.0,0.0,0.0,0.0,0.0,0.0,31.923076923076923,1.0,1.0,0.0,0.0,15.384615384615385,0
4.51085950651685,0.23076923076923078,0.13333333333333333,0.0,0.047619047619047616,0.0,0.0,0.0,35.1,1.0,1.0,0.3333333333333333,0.0,6.666666666666667,0
4.007333185232471,0.19402985074626866,0.3148148148148148,0.0,0.06896551724137931,0.0,0.0,3.7037037037037033,41.351851851851855,0.8461538461538461,1.0,0.11764705882352941,0.0,14.814814814814813,0
3.713572066704308,0.2727272727272727,0.3,0.0,0.03669724770642202,2.7522935779816518,0.0,0.0,30.0,0.9555555555555556,1.0,0.16666666666666666,0.0,12.5,0
3.4965075614664802,0.08571428571428572,0.375,0.0,0.009708737864077669,0.0,0.0,0.0,42.03125,1.0,1.0,0.08333333333333333,0.0,0.0,0
3.044522437723423,0.23076923076923078,1.0,0.0,0.0,1.7543859649122806,0.0,0.0,26.2,1.0,1.0,0.0,0.0,0.0,0
3.4657359027997265,0.32608695652173914,0.12903225806451613,0.0,0.04838709677419355,0.0,0.0,0.0,38.58064516129032,0.7142857142857143,0.875,0.5,0.0,19.35483870967742,0
1.791759469228055,0.4444444444444444,0.2,0.0,0.07692307692307693,0.0,0.0,0.0,40.4,1.0,1.0,0.0,0.0,0.0,0
3.784189633918261,0.1568627450980392,0.06976744186046512,0.0,0.08547008547008547,4.273504273504273,0.0,9.30232558139535,43.627906976744185,0.2,1.0,1.0,0.0,4.651162790697675,0
3.5553480614894135,0.17073170731707318,0.4411764705882353,11.76470588235294,0.1111111111111111,0.0,0.0,0.0,24.88235294117647,1.0,0.45454545454545453,0.06666666666666667,0.0,8.823529411764707,0
3.6635616461296463,0.22448979591836735,0.23684210526315788,0.0,0.13043478260869565,0.0,0.0,0.0,38.94736842105263,0.875,1.0,0.0,0.0,13.157894736842104,0
6.816735880594968,0.06557377049180328,0.0668859649122807,0.0,0.1575440266539743,0.047596382674916705,0.0,0.0,29.614035087719298,0.7284768211920529,0.9975339087546239,0.01639344262295082,0.21929824561403508,2.9605263157894735,0
3.4965075614664802,0.1794871794871795,0.0,0.0,0.057971014492753624,0.0,0.0,3.125,36.25,1.0,1.0,0.0,0.0,9.375,0
3.044522437723423,0.09090909090909091,0.8,0.0,0.0,0.0,0.0,0.0,33.05,1.0,1.0,0.0625,0.0,0.0,0
3.970291913552122,0.13333333333333333,0.038461538461538464,0.0,0.1,0.0,0.0,0.0,30.01923076923077,0.034482758620689655,1.0,0.0,0.0,1.9230769230769231,0
4.189654742026425,0.2441860465116279,0.046153846153846156,0.0,0.0,0.0,0.0,6.153846153846154,32.06153846153846,1.0,1.0,0.6666666666666666,0.0,9.230769230769232,0
6.3561076606958915,0.001736111111111111,0.0,0.0,0.007306889352818371,0.0,0.0,0.0,40.24521739130435,0.9967373572593801,1.0,0.0,0.0,0.0,0
4.59511985013459,0.24031007751937986,0.09183673469387756,0.0,0.08646616541353383,0.37593984962406013,0.0,3.061224489795918,37.51020408163265,1.0,1.0,0.2222222222222222,0.0,14.285714285714285,0
3.7376696182833684,0.16326530612244897,0.07317073170731707,0.0,0.15492957746478872,0.0,0.0,0.0,20.51219512195122,1.0,1.0,0.0,0.0,2.4390243902439024,0
5.560681631015528,0.16987179487179488,0.3861003861003861,4.633204633204633,0.05223068552774755,0.8705114254624592,0.0,2.3166023166023164,42.142857142857146,0.26256983240223464,0.9789029535864979,0.03,0.0,12.355212355212355,0
4.1588830833596715,0.25,0.047619047619047616,0.0,0.0,0.0,0.0,6.349206349206349,32.53968253968254,1.0,1.0,0.6666666666666666,0.0,9.523809523809524,0
3.912023005428146,0.0392156862745098,0.0,0.0,0.029411764705882353,0.0,0.0,0.0,25.714285714285715,1.0,1.0,0.0,0.0,0.0,0
3.8918202981106265,0.058823529411764705,0.08333333333333333,0.0,0.38095238095238093,0.0,0.0,0.0,24.5,1.0,0.9523809523809523,0.25,0.0,0.0,0
3.8918202981106265,0.12727272727272726,0.375,0.0,0.0880503144654088,0.0,0.0,0.0,42.520833333333336,0.8947368421052632,0.9772727272727273,0.1111111111111111,0.0,6.25,0
4.852030263919617,0.1910828025477707,0.09448818897637795,0.0,0.11444141689373297,0.0,0.0,1.574803149606299,32.8503937007874,0.27710843373493976,0.8969072164948454,0.8333333333333334,0.0,10.236220472440944,0
2.4849066497880004,0.21428571428571427,0.09090909090909091,0.0,0.08333333333333333,0.0,0.0,0.0,29.545454545454547,1.0,1.0,0.0,0.0,0.0,0
3.367295829986474,0.17647058823529413,0.03571428571428571,0.0,0.2328767123287671,0.0,0.0,0.0,30.357142857142858,1.0,1.0,0.0,0.0,3.571428571428571,0
3.6375861597263857,0.17777777777777778,0.16216216216216217,0.0,0.15306122448979592,0.0,0.0,0.0,25.54054054054054,1.0,1.0,0.0,0.0,2.7027027027027026,0
4.762173934797756,0.10077519379844961,0.05172413793103448,0.0,0.11397058823529412,0.0,0.75,6.896551724137931,33.73275862068966,0.5142857142857142,1.0,0.0,0.0,5.172413793103448,0
2.4849066497880004,0.3125,0.7272727272727273,0.0,0.0,0.0,0.0,0.0,21.727272727272727,1.0,1.0,0.125,0.0,0.0,0
2.302585092994046,0.25,0.8888888888888888,0.0,0.0,0.0,0.0,0.0,19.555555555555557,1.0,1.0,0.125,0.0,0.0,0
2.639057329615259,0.23529411764705882,0.23076923076923078,0.0,0.06818181818181818,0.0,0.0,0.0,35.53846153846154,1.0,1.0,0.0,0.0,0.0,0
3.7612001156935624,0.19230769230769232,0.4523809523809524,0.0,0.08024691358024691,0.0,0.0,0.0,30.333333333333332,0.8333333333333334,0.8888888888888888,0.05263157894736842,0.0,2.380952380952381,0
3.258096538021482,0.1935483870967742,0.52,0.0,0.10126582278481013,0.0,0.0,0.0,27.68,0.14285714285714285,1.0,0.0,0.0,4.0,0
2.70805020110221,0.125,0.0,0.0,0.0,4.761904761904762,0.0,0.0,20.642857142857142,1.0,1.0,0.0,0.0,0.0,0
3.5553480614894135,0.05555555555555555,0.17647058823529413,0.0,0.0,0.0,0.0,0.0,39.76470588235294,1.0,1.0,0.16666666666666666,0.0,0.0,0
5.472270673671475,0.19112627986348124,0.47257383966244726,1.6877637130801686,0.028894472361809045,0.0,1.0,0.8438818565400843,43.9451476793249,0.6507936507936508,1.0,0.19642857142857142,0.0,5.9071729957805905,0
2.1972245773362196,0.3333333333333333,0.0,0.0,0.0,0.0,0.0,0.0,25.875,1.0,1.0,0.0,0.0,0.0,0
4.3694478524670215,0.07142857142857142,0.10256410256410256,1.282051282051282,0.16091954022988506,0.0,0.6,11.538461538461538,27.03846153846154,0.8,1.0,0.125,0.0,2.564102564102564,0
4.553876891600541,0.16071428571428573,0.11702127659574468,0.0,0.018050541516245487,0.36101083032490977,0.0,0.0,43.734042553191486,0.05084745762711865,1.0,0.2727272727272727,0.0,7.446808510638298,0
3.5263605246161616,0.175,0.0,0.0,0.02666666666666667,0.0,0.0,6.0606060606060606,32.24242424242424,1.0,1.0,0.0,0.0,3.0303030303030303,0
4.634728988229636,0.11304347826086956,0.10784313725490197,0.0,0.06451612903225806,0.0,1.0,3.9215686274509802,31.352941176470587,1.0,1.0,0.0,0.0,2.941176470588235,0
3.5263605246161616,0.23255813953488372,0.48484848484848486,6.0606060606060606,0.0,0.0,0.0,6.0606060606060606,31.939393939393938,0.6363636363636364,1.0,0.0625,0.0,6.0606060606060606,0
4.718498871295094,0.14615384615384616,0.07207207207207207,0.0,0.1440922190201729,0.0,0.0,3.6036036036036037,44.81981981981982,0.7176470588235294,1.0,0.25,0.0,2.7027027027027026,0
2.8903717578961645,0.10526315789473684,0.0,0.0,0.14285714285714285,0.0,0.0,0.0,28.294117647058822,1.0,1.0,0.0,0.0,0.0,0
2.3978952727983707,0.2857142857142857,0.6,0.0,0.0,0.0,0.0,0.0,45.0,0.7142857142857143,1.0,0.0,0.0,0.0,0
6.396929655216146,0.14793741109530584,0.48080133555926546,6.67779632721202,0.11153519932145886,0.551314673452078,0.0,2.671118530884808,45.41569282136895,0.7827715355805244,0.9533678756476683,0.027777777777777776,0.0,5.843071786310518,0
4.6913478822291435,0.17557251908396945,0.21296296296296297,0.0,0.125,0.0,0.0,0.0,31.22222222222222,0.68,0.9701492537313433,0.08695652173913043,0.0,2.7777777777777777,0
3.58351893845611,0.10256410256410256,0.11428571428571428,0.0,0.014084507042253521,0.0,0.0,0.0,24.314285714285713,1.0,0.9310344827586207,0.0,0.0,0.0,0
4.219507705176107,0.11842105263157894,0.07462686567164178,0.0,0.09352517985611511,0.0,0.0,0.0,31.80597014925373,1.0,1.0,0.0,0.0,4.477611940298507,0
5.384495062789089,0.1962962962962963,0.543778801843318,6.451612903225806,0.061714285714285715,0.0,0.0,1.8433179723502304,45.08294930875576,0.3333333333333333,0.9609756097560975,0.01694915254237288,0.0,5.0691244239631335,0
5.159055299214529,0.1306532663316583,0.15606936416184972,0.0,0.09534368070953436,0.0,0.0,0.0,31.895953757225435,1.0,1.0,0.037037037037037035,0.0,2.8901734104046244,0
3.713572066704308,0.1836734693877551,0.275,0.0,0.21212121212121213,0.0,0.0,0.0,42.025,0.5,1.0,0.18181818181818182,0.0,12.5,0
5.480638923341991,0.09811320754716982,0.07531380753138076,0.0,0.2015065913370998,0.0,0.0,0.0,29.06694560669456,0.7058823529411765,1.0,0.0,0.0,5.857740585774058,0
4.143134726391533,0.19480519480519481,0.016129032258064516,0.0,0.0855614973262032,0.0,0.0,0.0,41.91935483870968,0.7391304347826086,1.0,1.0,0.0,8.064516129032258,0
3.58351893845611,0.3269230769230769,0.22857142857142856,0.0,0.1391304347826087,0.0,0.0,0.0,36.08571428571429,0.8888888888888888,1.0,0.125,0.0,14.285714285714285,0
3.828641396489095,0.1509433962264151,0.06666666666666667,0.0,0.1038961038961039,0.0,0.0,0.0,25.488888888888887,1.0,1.0,0.0,0.0,0.0,0
5.375278407684165,0.1115702479338843,0.6046511627906976,0.0,0.041666666666666664,0.0,0.0,1.8604651162790697,42.269767441860466,0.6056338028169014,0.9423076923076923,0.0,0.0,2.3255813953488373,0
3.784189633918261,0.10416666666666667,0.0,0.0,0.02608695652173913,0.0,0.0,0.0,42.93023255813954,1.0,1.0,0.0,0.0,0.0,0
2.772588722239781,0.25,0.0,0.0,0.0,0.0,0.0,13.333333333333334,42.06666666666667,0.45454545454545453,1.0,0.0,0.0,6.666666666666667,0
2.70805020110221,0.2631578947368421,0.7857142857142857,7.142857142857142,0.0,0.0,0.0,0.0,30.928571428571427,0.5,1.0,0.0,0.0,0.0,0
4.465908118654584,0.13131313131313133,0.023255813953488372,0.0,0.0446927374301676,0.0,1.0,1.1627906976744187,24.8953488372093,1.0,1.0,0.0,0.0,17.441860465116278,0
3.7376696182833684,0.10869565217391304,0.04878048780487805,0.0,0.1595744680851064,0.0,0.0,0.0,24.414634146341463,1.0,1.0,0.0,0.0,0.0,0
6.1224928095143865,0.13333333333333333,0.2175824175824176,1.7582417582417582,0.06947524020694752,0.07390983000739099,0.18181818181818182,4.615384615384616,39.01318681318681,0.8729096989966555,0.9904761904761905,0.16161616161616163,0.0,4.395604395604396,0
7.4377951216719325,0.1676470588235294,0.42343934040047115,3.7102473498233217,0.08430182133564613,0.3642671292281006,0.0,1.4723203769140165,42.032391048292105,0.40993184031158714,0.9814585908529048,0.0458970792767733,0.0,5.064782096584216,0
4.68213122712422,0.2517482517482518,0.22429906542056074,0.9345794392523363,0.04406779661016949,0.0,0.0,5.607476635514018,34.757009345794394,0.9764705882352941,1.0,0.2916666666666667,0.0,9.345794392523365,0
3.044522437723423,0.09090909090909091,0.7,0.0,0.0,0.0,0.0,0.0,34.15,1.0,1.0,0.07142857142857142,0.0,0.0,0
4.6443908991413725,0.07207207207207207,0.3300970873786408,0.0,0.006097560975609756,0.0,1.0,1.9417475728155338,34.601941747572816,0.8181818181818182,1.0,0.14705882352941177,0.0,6.796116504854369,0
6.410174881966167,0.2127107652399481,0.4299835255354201,10.214168039538714,0.1148705096073517,0.7936507936507936,0.0,1.6474464579901154,47.05436573311368,0.10588235294117647,1.0,0.1724137931034483,0.0,4.612850082372323,0
5.707110264748875,0.16434540389972144,0.2,0.33333333333333337,0.037484885126964934,1.4510278113663846,0.0,4.0,35.233333333333334,0.9186991869918699,0.9964912280701754,0.03333333333333333,0.0,11.0,0
4.290459441148391,0.2653061224489796,0.4305555555555556,0.0,0.0,0.0,0.0,0.0,37.375,0.916083916083916,0.7567567567567568,0.0,0.0,0.0,0
4.663439094112067,0.10256410256410256,0.20952380952380953,0.0,0.10632183908045977,0.0,1.0,3.8095238095238098,35.6,1.0,1.0,0.045454545454545456,0.0,3.8095238095238098,0
4.31748811353631,0.12941176470588237,0.05405405405405406,0.0,0.09036144578313253,0.0,0.0,0.0,26.43243243243243,1.0,1.0,0.0,0.0,4.054054054054054,0
4.007333185232471,0.06896551724137931,0.14814814814814814,0.0,0.07,0.0,0.0,0.0,24.48148148148148,0.16666666666666666,1.0,0.0,0.0,0.0,0
6.0473721790462776,0.13168724279835392,0.13507109004739337,0.0,0.038765822784810125,1.1075949367088607,0.0,0.9478672985781991,41.023696682464454,0.40298507462686567,0.9973262032085561,0.24561403508771928,0.0,6.398104265402843,0
5.53338948872752,0.17647058823529413,0.031746031746031744,0.0,0.1656534954407295,0.0,0.0,3.968253968253968,39.92460317460318,0.963302752293578,1.0,0.25,0.0,12.698412698412698,0
4.204692619390966,0.16455696202531644,0.3333333333333333,7.575757575757576,0.07228915662650602,0.0,0.0,0.0,29.560606060606062,1.0,0.5813953488372093,0.09090909090909091,0.0,6.0606060606060606,0
4.736198448394496,0.096,0.061946902654867256,0.0,0.15609756097560976,0.0,0.0,0.0,26.283185840707965,0.3684210526315789,1.0,0.0,0.0,1.7699115044247788,0
4.762173934797756,0.1076923076923077,0.20689655172413793,0.0,0.033419023136246784,0.0,1.0,3.4482758620689653,38.41379310344828,1.0,1.0,0.0,0.0,1.7241379310344827,0
2.1972245773362196,0.38461538461538464,0.375,0.0,0.18181818181818182,0.0,0.0,0.0,37.125,1.0,1.0,0.3333333333333333,0.0,12.5,0
3.295836866004329,0.07142857142857142,0.11538461538461539,0.0,0.16393442622950818,0.0,0.0,0.0,26.576923076923077,0.5,1.0,0.0,0.0,0.0,0
2.9444389791664403,0.21739130434782608,0.0,0.0,0.018518518518518517,0.0,0.0,0.0,43.05555555555556,0.0,1.0,0.0,0.0,5.555555555555555,0
2.9444389791664403,0.18181818181818182,0.0,0.0,0.10344827586206896,0.0,0.0,0.0,23.833333333333332,1.0,1.0,0.0,0.0,0.0,0
3.044522437723423,0.2857142857142857,0.15,0.0,0.02564102564102564,0.0,0.0,10.0,32.3,1.0,1.0,0.3333333333333333,0.0,15.0,0
2.772588722239781,0.25,0.4,0.0,0.061224489795918366,0.0,0.0,0.0,41.4,0.2,1.0,0.16666666666666666,0.0,26.666666666666668,0
5.910796644040527,0.11538461538461539,0.125,0.0,0.056022408963585436,1.7740429505135387,0.0,4.891304347826087,44.16576086956522,0.6692506459948321,1.0,0.30434782608695654,0.0,3.804347826086957,0
4.890349128221754,0.08333333333333333,0.06060606060606061,0.0,0.0392156862745098,0.0,0.0,0.0,26.651515151515152,0.25,1.0,0.0,0.0,3.787878787878788,0
4.07753744390572,0.13432835820895522,0.13793103448275862,0.0,0.014218009478672985,0.0,0.0,0.0,50.62068965517241,0.4666666666666667,1.0,0.125,0.0,3.4482758620689653,0
1.9459101490553132,0.4,0.16666666666666666,0.0,0.0,0.0,0.0,0.0,38.166666666666664,1.0,1.0,0.0,0.0,0.0,0
4.912654885736052,0.08783783783783784,0.14814814814814814,0.0,0.162534435261708,0.0,0.0,0.0,31.54074074074074,0.7333333333333333,0.9727272727272728,0.0,0.0,7.4074074074074066,0
2.5649493574615367,0.29411764705882354,0.0,0.0,0.022222222222222223,0.0,0.0,0.0,45.166666666666664,0.7142857142857143,1.0,0.0,0.0,16.666666666666664,0
5.886104031450156,0.18594104308390022,0.45125348189415043,6.128133704735376,0.04120879120879121,0.20604395604395606,0.16666666666666666,3.064066852367688,42.682451253481894,0.07602339181286549,0.9526627218934911,0.06172839506172839,0.0,8.635097493036211,0
3.7376696182833684,0.4142857142857143,0.0,0.0,0.03,0.0,0.0,0.0,39.5609756097561,1.0,1.0,0.0,0.0,34.146341463414636,0
5.641907070938114,0.09646302250803858,0.05338078291814947,0.0,0.0497131931166348,1.7208413001912046,0.0,0.0,30.281138790035588,0.9834710743801653,1.0,0.13333333333333333,0.3558718861209964,2.8469750889679712,0
4.1588830833596715,0.23170731707317074,0.3968253968253968,1.5873015873015872,0.09268292682926829,0.0,0.0,0.0,36.92063492063492,0.034482758620689655,1.0,0.12,0.0,12.698412698412698,0
3.044522437723423,0.09090909090909091,0.55,0.0,0.0,0.0,0.0,0.0,36.75,1.0,1.0,0.09090909090909091,0.0,0.0,0
3.8066624897703196,0.3333333333333333,0.0,0.0,0.11578947368421053,0.0,0.0,0.0,34.47727272727273,1.0,1.0,0.0,0.0,27.27272727272727,0
5.605802066295998,0.14779874213836477,0.2066420664206642,0.36900369003690037,0.03421633554083885,1.1037527593818985,0.0,2.5830258302583027,44.239852398523986,0.0594059405940594,0.996031746031746,0.16071428571428573,0.0,7.380073800738007,0
6.102558594613569,0.20357142857142857,0.20179372197309417,1.5695067264573992,0.14587593728698023,0.0,0.4,2.242152466367713,43.266816143497756,0.3588235294117647,0.9926829268292683,0.32222222222222224,0.0,12.556053811659194,0
3.828641396489095,0.26229508196721313,0.4444444444444444,0.0,0.102803738317757,0.0,0.0,0.0,21.133333333333333,1.0,0.6666666666666666,0.15,0.0,2.2222222222222223,0
3.6635616461296463,0.20833333333333334,0.42105263157894735,5.263157894736842,0.0945945945945946,0.0,0.0,0.0,22.05263157894737,1.0,0.5862068965517241,0.0625,0.0,0.0,0
2.1972245773362196,0.2,0.125,0.0,0.0,0.0,0.0,0.0,32.75,1.0,1.0,0.0,0.0,0.0,0
3.258096538021482,0.2857142857142857,0.44,4.0,0.15384615384615385,10.76923076923077,0.0,0.0,28.92,0.5,1.0,0.2727272727272727,4.0,8.0,0
6.39024066706535,0.13642960812772134,0.15294117647058825,0.33613445378151263,0.055944055944055944,0.641025641025641,0.0,1.680672268907563,43.699159663865544,0.2,0.9965397923875432,0.0989010989010989,0.0,8.403361344537815,0
3.044522437723423,0.09090909090909091,0.8,0.0,0.0,0.0,0.0,0.0,32.95,1.0,1.0,0.0625,0.0,0.0,0
3.4965075614664802,0.2,0.1875,0.0,0.2621359223300971,0.0,0.0,0.0,25.59375,1.0,0.8947368421052632,0.16666666666666666,0.0,0.0,0
4.442651256490317,0.11578947368421053,0.16666666666666666,0.0,0.19411764705882353,0.0,0.0,0.0,30.261904761904763,0.3939393939393939,0.8888888888888888,0.0,0.0,2.380952380952381,0
3.58351893845611,0.16666666666666666,0.0,0.0,0.08139534883720931,0.0,0.0,0.0,34.08571428571429,1.0,1.0,0.0,0.0,5.714285714285714,0
9.062883902508307,0.10293200249532128,0.1204218822438572,0.03477051460361613,0.1354505551252259,0.0,0.75,0.5447380621233194,28.24571163653222,0.07249779864983857,0.9636840651753659,0.061597690086621755,0.05795085767269356,4.068150208623088,0
4.219507705176107,0.1728395061728395,0.1791044776119403,0.0,0.0728744939271255,0.0,0.0,0.0,47.791044776119406,0.3442622950819672,1.0,0.3333333333333333,0.0,4.477611940298507,0
5.886104031450156,0.15130023640661938,0.12813370473537605,0.0,0.08628519527702089,0.18165304268846502,0.0,0.8356545961002786,47.47353760445682,0.5437262357414449,1.0,0.13043478260869565,0.0,9.749303621169917,0
3.044522437723423,0.16666666666666666,0.0,0.0,0.023255813953488372,0.0,0.0,0.0,26.3,1.0,1.0,0.0,0.0,5.0,0
4.430816798843313,0.07777777777777778,0.2891566265060241,0.0,0.06462585034013606,0.0,0.0,0.0,38.53012048192771,1.0,1.0,0.0,0.0,2.4096385542168677,0
5.1298987149230735,0.10638297872340426,0.26785714285714285,0.5952380952380952,0.06581740976645435,0.0,1.0,2.380952380952381,31.261904761904763,0.7894736842105263,0.8541666666666666,0.13333333333333333,0.5952380952380952,4.166666666666666,0
3.6888794541139363,0.04878048780487805,0.28205128205128205,0.0,0.0,0.0,0.0,0.0,43.84615384615385,1.0,1.0,0.09090909090909091,0.0,0.0,0
5.846438775057724,0.06504065040650407,0.06376811594202898,0.0,0.1276595744680851,0.0,1.0,1.1594202898550725,28.379710144927536,0.36585365853658536,1.0,0.0,0.0,2.608695652173913,0
6.796823718274855,0.1691449814126394,0.2516778523489933,2.796420581655481,0.05947136563876652,0.03671071953010279,0.15789473684210525,4.250559284116331,39.74496644295302,0.8804780876494024,0.9784172661870504,0.07555555555555556,0.0,5.480984340044743,0
3.258096538021482,0.3055555555555556,0.48,4.0,0.04081632653061224,0.0,0.0,0.0,23.32,0.9259259259259259,1.0,0.08333333333333333,0.0,16.0,0
3.258096538021482,0.10714285714285714,0.12,0.0,0.0,0.0,0.0,0.0,25.76,1.0,1.0,0.3333333333333333,0.0,0.0,0
4.795790545596741,0.24528301886792453,0.825,44.166666666666664,0.20241691842900303,0.0,0.0,0.0,50.94166666666667,0.06930693069306931,1.0,0.020202020202020204,0.0,6.666666666666667,0
3.258096538021482,0.07407407407407407,0.08,0.0,0.0,0.0,0.0,0.0,28.56,1.0,1.0,0.5,0.0,0.0,0
4.31748811353631,0.0975609756097561,0.16216216216216217,0.0,0.11956521739130435,0.0,0.0,0.0,29.16216216216216,0.9565217391304348,0.9705882352941176,0.08333333333333333,0.0,0.0,0
5.616771097666572,0.10749185667752444,0.09124087591240876,0.0,0.05287713841368585,0.0,0.0,0.0,32.416058394160586,0.6851851851851852,0.9711934156378601,0.04,0.0,1.824817518248175,0
4.976733742420574,0.21311475409836064,0.4722222222222222,6.25,0.006872852233676976,0.0,1.0,1.3888888888888888,21.833333333333332,0.5238095238095238,0.5652173913043478,0.10294117647058823,0.0,1.3888888888888888,0
2.639057329615259,0.13333333333333333,0.23076923076923078,0.0,0.0,0.0,0.0,0.0,32.46153846153846,1.0,1.0,0.0,0.0,0.0,0
4.2626798770413155,0.07894736842105263,0.12857142857142856,0.0,0.10407239819004525,0.0,0.0,5.714285714285714,49.68571428571428,0.6,1.0,0.3333333333333333,0.0,4.285714285714286,0
4.605170185988092,0.175,0.1111111111111111,1.0101010101010102,0.013452914798206279,0.0,0.0,4.040404040404041,34.303030303030305,0.6097560975609756,0.975609756097561,0.36363636363636365,0.0,3.0303030303030303,0
4.304065093204169,0.22340425531914893,0.4246575342465753,0.0,0.10810810810810811,0.0,0.0,0.0,30.246575342465754,0.574468085106383,0.8181818181818182,0.03225806451612903,0.0,0.0,0
6.380122536899765,0.16807909604519775,0.30220713073005095,0.3395585738539898,0.06318082788671024,1.1982570806100217,0.07142857142857142,4.753820033955857,42.17657045840407,0.06752411575562701,0.9964028776978417,0.25842696629213485,0.1697792869269949,5.263157894736842,0
4.382026634673881,0.15053763440860216,0.06329113924050633,0.0,0.10038610038610038,0.0,0.0,3.79746835443038,43.34177215189873,0.5897435897435898,1.0,0.2,0.0,5.063291139240507,0
2.833213344056216,0.1111111111111111,0.0625,0.0,0.0,4.3478260869565215,0.0,0.0,20.625,1.0,1.0,1.0,0.0,0.0,0
3.6375861597263857,0.05128205128205128,0.1891891891891892,0.0,0.0,0.0,0.0,0.0,39.62162162162162,1.0,1.0,0.14285714285714285,0.0,0.0,0
3.367295829986474,0.17647058823529413,0.21428571428571427,0.0,0.061855670103092786,0.0,0.0,0.0,46.0,0.2,1.0,0.0,0.0,7.142857142857142,0
4.672828834461906,0.07017543859649122,0.10377358490566038,0.0,0.08480565371024736,0.0,0.0,0.0,30.839622641509433,1.0,1.0,0.09090909090909091,0.0,0.9433962264150944,0
3.8066624897703196,0.08333333333333333,0.13636363636363635,0.0,0.0,0.0,0.0,0.0,45.59090909090909,1.0,1.0,0.16666666666666666,0.0,0.0,0
2.772588722239781,0.21052631578947367,0.06666666666666667,0.0,0.05128205128205128,0.0,0.0,0.0,31.2,1.0,1.0,0.0,0.0,13.333333333333334,0
4.406719247264253,0.13829787234042554,0.14814814814814814,1.2345679012345678,0.1826086956521739,0.0,0.0,0.0,27.02469135802469,1.0,0.9655172413793104,0.16666666666666666,0.0,0.0,0
4.127134385045092,0.19736842105263158,0.18032786885245902,0.0,0.00684931506849315,0.0,0.0,6.557377049180328,30.672131147540984,1.0,1.0,0.2727272727272727,0.0,4.918032786885246,0
3.5263605246161616,0.23255813953488372,0.18181818181818182,0.0,0.06481481481481481,0.0,0.0,0.0,29.0,1.0,0.8461538461538461,0.16666666666666666,0.0,3.0303030303030303,0
3.044522437723423,0.09090909090909091,0.6,0.0,0.0,0.0,0.0,0.0,33.35,1.0,1.0,0.08333333333333333,0.0,0.0,0
3.6375861597263857,0.11904761904761904,0.05405405405405406,0.0,0.24285714285714285,0.0,0.0,0.0,27.783783783783782,1.0,1.0,0.0,0.0,2.7027027027027026,0
3.1354942159291497,0.21428571428571427,0.13636363636363635,0.0,0.030303030303030304,0.0,0.0,0.0,39.40909090909091,1.0,1.0,0.0,0.0,0.0,0
4.406719247264253,0.2636363636363636,0.41975308641975306,1.2345679012345678,0.040268456375838924,0.0,0.0,0.0,38.77777777777778,0.5862068965517241,1.0,0.029411764705882353,0.0,4.938271604938271,0
3.2188758248682006,0.25,0.2916666666666667,4.166666666666666,0.015873015873015872,0.0,0.0,0.0,29.291666666666668,1.0,0.4444444444444444,0.14285714285714285,0.0,4.166666666666666,0
2.4849066497880004,0.21428571428571427,0.09090909090909091,0.0,0.0,0.0,0.0,0.0,34.18181818181818,0.14285714285714285,1.0,1.0,0.0,9.090909090909092,0
7.742835955430749,0.19242902208201892,0.3389756944444444,3.038194444444444,0.14750762970498474,0.3197209707891295,0.03225806451612903,2.517361111111111,38.58897569444444,0.7806619078520441,0.9765765765765766,0.11139564660691421,0.0,12.5,0
4.51085950651685,0.11764705882352941,0.1111111111111111,0.0,0.11059907834101383,0.0,0.0,0.0,30.966666666666665,1.0,0.9577464788732394,0.0,0.0,2.2222222222222223,0
4.465908118654584,0.21100917431192662,0.09302325581395349,0.0,0.06639004149377593,0.0,0.0,3.488372093023256,39.48837209302326,0.5625,0.9868421052631579,0.0,0.0,9.30232558139535,0
5.5254529391317835,0.14965986394557823,0.224,12.4,0.08239700374531835,0.8739076154806492,0.0,1.6,42.884,0.05405405405405406,0.9534883720930233,0.14285714285714285,0.0,4.3999999999999995,0
2.5649493574615367,0.2,0.08333333333333333,0.0,0.04,0.0,0.0,16.666666666666664,31.416666666666668,1.0,1.0,1.0,0.0,8.333333333333332,0
6.0473721790462776,0.1593625498007968,0.22274881516587677,0.0,0.05635838150289017,0.2890173410404624,0.0,3.080568720379147,44.76303317535545,0.09345794392523364,0.9848484848484849,0.19148936170212766,0.7109004739336493,7.5829383886255926,0
6.1092475827643655,0.13984674329501914,0.6347438752783965,7.795100222717149,0.10813226094727435,0.0,0.0,0.0,26.229398663697104,0.22021660649819494,0.3143631436314363,0.06315789473684211,0.22271714922048996,0.22271714922048996,0
3.713572066704308,0.16666666666666666,0.0,0.0,0.13861386138613863,0.9900990099009901,0.3333333333333333,12.5,36.35,1.0,1.0,0.0,0.0,7.5,0
3.6635616461296463,0.11627906976744186,0.15789473684210525,0.0,0.0,0.0,0.0,0.0,41.71052631578947,1.0,1.0,0.16666666666666666,0.0,0.0,0
3.044522437723423,0.16666666666666666,0.1,0.0,0.12195121951219512,0.0,0.0,0.0,30.3,1.0,1.0,0.0,0.0,0.0,0
5.170483995038151,0.20454545454545456,0.2914285714285714,2.2857142857142856,0.058704453441295545,0.0,0.0,3.428571428571429,39.417142857142856,0.8947368421052632,1.0,0.058823529411764705,0.0,3.428571428571429,0
3.044522437723423,0.09090909090909091,0.5,0.0,0.0,0.0,0.0,0.0,34.65,1.0,1.0,0.1,0.0,0.0,0
3.6888794541139363,0.04878048780487805,0.2564102564102564,0.0,0.0,0.0,0.0,0.0,43.717948717948715,1.0,1.0,0.1,0.0,0.0,0
5.978885764901122,0.20404040404040405,0.07868020304568528,0.25380710659898476,0.07793522267206478,1.0121457489878543,0.0,3.0456852791878175,30.098984771573605,0.9836512261580381,1.0,0.1935483870967742,0.0,10.152284263959391,0
5.2832037287379885,0.216,0.3979591836734694,10.714285714285714,0.038781163434903045,0.0,0.0,0.0,40.08673469387755,0.9310344827586207,0.9444444444444444,0.07692307692307693,0.0,5.1020408163265305,0
6.075346031088684,0.18726591760299627,0.35253456221198154,10.829493087557603,0.07530120481927711,0.0,0.1,3.686635944700461,47.95161290322581,0.34911242603550297,0.9746192893401016,0.12418300653594772,0.2304147465437788,3.9170506912442393,0
3.6888794541139363,0.23529411764705882,0.23076923076923078,0.0,0.010309278350515464,0.0,0.0,0.0,28.743589743589745,1.0,1.0,0.2222222222222222,0.0,7.6923076923076925,0
3.7612001156935624,0.045454545454545456,0.047619047619047616,0.0,0.07407407407407407,0.0,0.0,0.0,29.476190476190474,1.0,1.0,0.0,0.0,0.0,0
3.044522437723423,0.16666666666666666,0.15,0.0,0.3,0.0,0.0,0.0,25.7,1.0,1.0,0.0,0.0,5.0,0
2.70805020110221,0.125,0.0,0.0,0.0,5.555555555555555,0.0,0.0,19.071428571428573,1.0,1.0,0.0,0.0,0.0,1
5.241747015059643,0.22950819672131148,0.31382978723404253,0.0,0.4265402843601896,3.7914691943127963,0.0,0.0,40.41489361702128,0.04918032786885246,0.9425287356321839,0.1864406779661017,0.0,10.106382978723403,1
7.890956716138919,0.1554993678887484,0.4397455089820359,12.724550898203594,0.3524029982363316,1.6975308641975309,0.0,0.5239520958083832,41.76122754491018,1.0,0.9961685823754789,0.3251063829787234,0.0,4.416167664670659,1
5.3230099791384085,0.21235521235521235,0.45098039215686275,20.588235294117645,0.4540636042402827,3.8869257950530036,1.0,0.9803921568627451,32.455882352941174,1.0,1.0,0.31521739130434784,0.0,6.862745098039216,1
4.718498871295094,0.16541353383458646,0.1891891891891892,8.108108108108109,0.0684931506849315,0.684931506849315,0.0,1.8018018018018018,33.91891891891892,1.0,1.0,0.2857142857142857,0.0,2.7027027027027026,1
4.812184355372417,0.0962962962962963,0.09016393442622951,0.0,0.10996563573883161,0.0,0.0,0.0,31.10655737704918,1.0,1.0,0.36363636363636365,0.0,0.819672131147541,1
5.181783550292085,0.10606060606060606,0.3389830508474576,0.0,0.4280936454849498,8.361204013377927,0.0,0.0,33.24858757062147,1.0,0.9140625,0.23333333333333334,0.0,2.2598870056497176,1
4.0943445622221,0.11940298507462686,0.2711864406779661,0.0,0.46411483253588515,6.698564593301436,0.0,0.0,38.813559322033896,1.0,0.9591836734693877,0.375,0.0,6.779661016949152,1
5.786897381366708,0.1095890410958904,0.3415384615384615,7.384615384615385,0.17480035492457852,0.26619343389529726,0.125,4.0,41.57846153846154,0.6182572614107884,1.0,0.26126126126126126,0.0,2.4615384615384617,1
2.995732273553991,0.13636363636363635,0.0,0.0,0.2222222222222222,0.0,0.0,0.0,15.31578947368421,1.0,1.0,0.0,0.0,0.0,1
5.717027701406222,0.2109375,0.5742574257425742,15.841584158415841,0.40861244019138754,2.8708133971291865,0.0,0.0,38.84158415841584,0.7662337662337663,0.9926739926739927,0.2471264367816092,0.0,4.62046204620462,1
4.5217885770490405,0.14953271028037382,0.2967032967032967,9.89010989010989,0.31125827814569534,7.9470198675496695,0.0,0.0,43.2967032967033,1.0,0.9882352941176471,0.2962962962962963,0.0,5.4945054945054945,1
6.0063531596017325,0.16494845360824742,0.31851851851851853,0.24691358024691357,0.4395711500974659,5.555555555555555,0.0,1.728395061728395,34.48148148148148,1.0,0.9968253968253968,0.05426356589147287,0.0,5.9259259259259265,1
4.997212273764115,0.19230769230769232,0.3945578231292517,1.3605442176870748,0.4381625441696113,10.954063604240282,1.0,2.0408163265306123,22.238095238095237,1.0,0.6532258064516129,0.10344827586206896,0.0,2.7210884353741496,1
5.455321115357702,0.1795774647887324,0.37339055793991416,2.1459227467811157,0.4432497013142174,11.708482676224612,0.0,0.8583690987124464,42.81974248927039,1.0,0.9861751152073732,0.034482758620689655,0.0,4.291845493562231,1
4.61512051684126,0.2,0.46,6.0,0.1574074074074074,0.0,0.0,0.0,32.64,1.0,0.8536585365853658,0.13043478260869565,0.0,1.0,1
4.04305126783455,0.08196721311475409,0.19642857142857142,0.0,0.025,0.8333333333333334,0.0,0.0,32.75,1.0,1.0,0.0,0.0,0.0,1
4.174387269895637,0.20987654320987653,0.5625,10.9375,0.06190476190476191,0.0,0.5,4.6875,36.96875,1.0,1.0,0.16666666666666666,0.0,3.125,1
3.7376696182833684,0.046511627906976744,0.1951219512195122,0.0,0.0,0.0,0.0,0.0,38.90243902439025,1.0,1.0,0.125,0.0,0.0,1
4.77912349311153,0.1386861313868613,0.2627118644067797,5.084745762711865,0.05813953488372093,0.0,0.0,0.0,36.90677966101695,1.0,0.979381443298969,0.25806451612903225,0.0,1.694915254237288,1
2.70805020110221,0.125,0.2857142857142857,0.0,0.0,5.555555555555555,0.0,0.0,18.214285714285715,1.0,1.0,0.0,0.0,0.0,1
7.126087273299125,0.1949481865284974,0.5486725663716814,16.733708769107,0.10089086859688196,0.0,0.3333333333333333,0.9654062751407884,38.79806918744972,0.8555133079847909,0.9879621668099742,0.218475073313783,0.0,4.263877715205148,1
3.258096538021482,0.24242424242424243,0.44,12.0,0.07407407407407407,0.0,0.0,0.0,37.56,1.0,1.0,0.2727272727272727,0.0,4.0,1
3.4657359027997265,0.06060606060606061,0.2903225806451613,0.0,0.0,0.0,0.0,0.0,30.06451612903226,1.0,1.0,0.1111111111111111,0.0,0.0,1
4.718498871295094,0.17164179104477612,0.11711711711711711,0.0,0.05357142857142857,0.0,0.25,7.207207207207207,34.432432432432435,1.0,1.0,0.07692307692307693,0.0,7.207207207207207,1
4.983606621708336,0.10493827160493827,0.13793103448275862,0.0,0.43309859154929575,7.042253521126761,0.0,0.0,23.510344827586206,1.0,1.0,0.2,13.793103448275861,0.6896551724137931,1
5.476463551931511,0.05555555555555555,0.1722689075630252,10.084033613445378,0.4024144869215292,2.2132796780684103,0.0,0.0,27.058823529411764,1.0,0.8596491228070176,0.1951219512195122,0.0,3.361344537815126,1
6.0063531596017325,0.17008196721311475,0.1580246913580247,0.24691358024691357,0.4480755265068991,4.139433551198257,0.0,0.0,41.10864197530864,0.7040169133192389,0.9917355371900827,0.34375,0.0,9.62962962962963,1
2.70805020110221,0.125,0.0,0.0,0.6111111111111112,5.555555555555555,0.0,0.0,17.214285714285715,1.0,1.0,0.0,0.0,0.0,1
4.454347296253507,0.22018348623853212,0.38823529411764707,10.588235294117647,0.08300395256916997,0.0,0.0,4.705882352941177,31.976470588235294,1.0,1.0,0.2727272727272727,0.0,3.5294117647058822,1
4.976733742420574,0.06493506493506493,0.3125,10.416666666666668,0.3815789473684211,3.9473684210526314,0.0,0.0,29.180555555555557,1.0,0.7520661157024794,0.1111111111111111,0.0,3.4722222222222223,1
3.367295829986474,0.0967741935483871,0.35714285714285715,0.0,0.3235294117647059,7.8431372549019605,0.0,0.0,42.107142857142854,1.0,1.0,0.1,0.0,3.571428571428571,1
3.4965075614664802,0.2,0.3125,0.0,0.41818181818181815,10.909090909090908,0.0,0.0,32.46875,1.0,1.0,0.3,0.0,0.0,1
2.833213344056216,0.23809523809523808,0.0,0.0,0.4,0.0,0.0,0.0,28.0625,1.0,1.0,0.0,0.0,0.0,1
4.8283137373023015,0.21019108280254778,0.5,12.903225806451612,0.07476635514018691,0.0,1.0,1.6129032258064515,39.92741935483871,0.9393939393939394,1.0,0.12903225806451613,0.0,3.225806451612903,1
4.736198448394496,0.2709677419354839,0.4778761061946903,23.893805309734514,0.32727272727272727,4.545454545454546,0.0,0.0,33.26548672566372,1.0,1.0,0.3333333333333333,0.0,7.964601769911504,1
4.990432586778736,0.20652173913043478,0.6027397260273972,16.43835616438356,0.42342342342342343,4.054054054054054,0.0,0.0,31.794520547945204,1.0,1.0,0.3068181818181818,0.0,5.47945205479452,1
2.1972245773362196,0.2,0.0,0.0,0.0,0.0,0.0,0.0,14.375,1.0,1.0,0.0,0.0,0.0,1
5.5053315359323625,0.2222222222222222,0.6816326530612244,22.857142857142858,0.2222222222222222,0.40650406504065045,0.0,0.0,36.077551020408166,1.0,1.0,0.281437125748503,0.0,7.346938775510205,1
6.784457062637643,0.06362672322375397,0.2570781426953567,9.513023782559456,0.11198023878139152,0.0,0.0,0.11325028312570783,33.09399773499434,1.0,0.8538922155688623,0.13215859030837004,0.0,3.2842582106455263,1
4.23410650459726,0.24444444444444444,0.6470588235294118,13.23529411764706,0.3939393939393939,2.1645021645021645,0.0,0.0,31.485294117647058,1.0,1.0,0.25,0.0,4.411764705882353,1
6.597145701886651,0.2229299363057325,0.6174863387978142,23.770491803278688,0.18329070758738278,0.3410059676044331,0.4,1.366120218579235,36.69535519125683,0.598145285935085,1.0,0.2721238938053097,0.0,6.693989071038252,1
6.0844994130751715,0.19337016574585636,0.4680365296803653,17.579908675799086,0.35693215339233036,3.2448377581120944,0.5,2.968036529680365,37.71232876712329,1.0,0.9547619047619048,0.25853658536585367,0.0,5.47945205479452,1
2.772588722239781,0.11764705882352941,0.0,0.0,0.47368421052631576,10.526315789473683,0.0,0.0,17.533333333333335,1.0,1.0,0.0,0.0,0.0,1
3.8501476017100584,0.23333333333333334,0.043478260869565216,0.0,0.36923076923076925,10.76923076923077,0.0,0.0,33.23913043478261,1.0,1.0,0.0,0.0,0.0,1
4.007333185232471,0.12903225806451613,0.14814814814814814,0.0,0.2839506172839506,4.320987654320987,0.0,0.0,28.425925925925927,1.0,1.0,0.875,0.0,7.4074074074074066,1
4.859812404361672,0.17419354838709677,0.2421875,0.0,0.07428571428571429,0.0,0.0,0.0,37.640625,1.0,1.0,0.2903225806451613,0.0,7.03125,1
3.828641396489095,0.0425531914893617,0.15555555555555556,0.0,0.20270270270270271,1.3513513513513513,0.0,0.0,39.0,1.0,1.0,0.14285714285714285,0.0,0.0,1
3.8066624897703196,0.2542372881355932,0.4772727272727273,13.636363636363635,0.10071942446043165,0.0,0.0,0.0,35.47727272727273,1.0,1.0,0.23809523809523808,0.0,4.545454545454546,1
2.302585092994046,0.25,0.7777777777777778,0.0,0.2,5.0,0.0,0.0,23.555555555555557,1.0,0.0,0.0,0.0,0.0,1
2.70805020110221,0.2631578947368421,0.21428571428571427,0.0,0.34375,18.75,0.0,0.0,36.642857142857146,0.5,1.0,0.3333333333333333,0.0,14.285714285714285,1
5.081404364984463,0.25925925925925924,0.73125,26.25,0.4078674948240166,4.761904761904762,0.0,0.0,34.39375,1.0,1.0,0.27350427350427353,0.0,8.75,1
4.248495242049359,0.028169014084507043,0.43478260869565216,0.0,0.0,0.0,0.0,0.0,62.85507246376812,1.0,1.0,0.03333333333333333,0.0,0.0,1
5.429345628954441,0.26058631921824105,0.43171806167400884,19.823788546255507,0.3665086887835703,3.3175355450236967,0.0,0.0,34.81057268722467,0.5,1.0,0.3163265306122449,0.0,6.607929515418502,1
1.9459101490553132,0.3333333333333333,0.0,0.0,0.3,5.0,0.0,0.0,32.166666666666664,1.0,1.0,0.0,0.0,0.0,1
4.709530201312334,0.2413793103448276,0.43636363636363634,16.363636363636363,0.12937062937062938,0.0,0.0,3.6363636363636362,30.054545454545455,1.0,1.0,0.3333333333333333,0.0,5.454545454545454,1
3.258096538021482,0.07407407407407407,0.24,0.0,0.1935483870967742,1.6129032258064515,0.0,0.0,36.48,1.0,1.0,0.16666666666666666,0.0,0.0,1
4.0943445622221,0.2716049382716049,0.6949152542372882,23.728813559322035,0.2822966507177033,1.4354066985645932,0.0,1.694915254237288,35.33898305084746,0.7192982456140351,0.9622641509433962,0.2682926829268293,0.0,6.779661016949152,1
3.4965075614664802,0.058823529411764705,0.1875,0.0,0.0,0.0,0.0,0.0,31.96875,1.0,1.0,0.16666666666666666,0.0,0.0,1
4.394449154672439,0.09090909090909091,0.075,0.0,0.24193548387096775,8.064516129032258,0.0,0.0,31.175,1.0,1.0,0.0,0.0,5.0,1
3.044522437723423,0.09090909090909091,0.65,0.0,0.2222222222222222,4.761904761904762,0.0,0.0,33.05,1.0,1.0,0.07692307692307693,0.0,0.0,1
6.124683390894205,0.2097053726169844,0.6469298245614035,14.692982456140353,0.28851702250432776,4.731679169070975,0.0,0.21929824561403508,40.574561403508774,1.0,1.0,0.2305084745762712,0.0,4.824561403508771,1
2.772588722239781,0.25,0.06666666666666667,0.0,0.41304347826086957,0.0,0.0,0.0,27.466666666666665,1.0,1.0,1.0,0.0,0.0,1
6.3561076606958915,0.06957928802588997,0.09391304347826086,0.0,0.33403214535290005,9.713487071977637,0.0,0.0,30.05217391304348,1.0,1.0,0.0,0.0,3.304347826086956,1
3.044522437723423,0.25925925925925924,0.1,0.0,0.2727272727272727,1.8181818181818181,0.0,0.0,32.9,1.0,1.0,0.0,0.0,0.0,1
5.017279836814924,0.12280701754385964,0.08,2.0,0.44554455445544555,3.9603960396039604,0.0,0.0,27.74,1.0,0.9705882352941176,0.08333333333333333,0.0,4.0,1
3.4965075614664802,0.21951219512195122,0.15625,0.0,0.10989010989010989,0.0,0.0,6.25,30.84375,1.0,1.0,0.4,0.0,9.375,1
6.70073110954781,0.21697203471552556,0.5406403940886699,18.34975369458128,0.34490238611713664,1.9161243673174257,0.0,0.0,38.63054187192118,1.0,0.9776902887139107,0.23690205011389523,0.0,5.911330049261084,1
2.302585092994046,0.25,0.1111111111111111,0.0,0.5675675675675675,0.0,0.0,0.0,29.555555555555557,1.0,1.0,0.0,0.0,0.0,1
4.276666119016055,0.16470588235294117,0.11267605633802817,0.0,0.05263157894736842,0.0,0.0,0.0,27.619718309859156,1.0,1.0,0.25,0.0,0.0,1
6.280395838960195,0.18125960061443933,0.3827392120075047,17.4484052532833,0.13931681178834562,0.20093770931011384,0.0,0.37523452157598497,38.968105065666045,1.0,0.9901768172888016,0.3333333333333333,0.0,6.378986866791744,1
5.003946305945459,0.075,0.20945945945945946,8.108108108108109,0.452991452991453,2.849002849002849,0.0,0.0,27.195945945945947,0.7894736842105263,0.8646616541353384,0.3225806451612903,0.0,4.72972972972973,1
3.332204510175204,0.06896551724137931,0.25925925925925924,0.0,0.0,0.0,0.0,0.0,37.2962962962963,1.0,1.0,0.14285714285714285,0.0,0.0,1
5.676753802268282,0.22811671087533156,0.4879725085910653,4.123711340206185,0.45936395759717313,7.332155477031802,0.0,1.0309278350515463,40.06185567010309,1.0,0.956,0.04929577464788732,0.0,5.498281786941581,1
4.499809670330265,0.2457627118644068,0.4044943820224719,1.1235955056179776,0.1348314606741573,0.0,0.0,0.0,34.02247191011236,1.0,1.0,0.2222222222222222,0.0,8.98876404494382,1
2.9444389791664403,0.18181818181818182,0.5,16.666666666666664,0.30434782608695654,8.695652173913043,0.0,0.0,42.333333333333336,1.0,0.42857142857142855,0.1111111111111111,0.0,5.555555555555555,1
3.6109179126442243,0.1,0.16666666666666666,0.0,0.3382352941176471,2.941176470588235,0.0,0.0,35.861111111111114,1.0,1.0,0.16666666666666666,0.0,0.0,1
1.9459101490553132,0.4,0.8333333333333334,0.0,0.3225806451612903,6.451612903225806,0.0,0.0,44.5,1.0,1.0,0.4,0.0,0.0,1
2.9444389791664403,0.3076923076923077,0.16666666666666666,0.0,0.028985507246376812,0.0,0.0,0.0,44.388888888888886,1.0,1.0,1.0,0.0,11.11111111111111,1
4.955827057601261,0.12962962962962962,0.3475177304964539,6.382978723404255,0.22988505747126436,2.0689655172413794,0.0,0.0,29.319148936170212,1.0,0.7,0.3673469387755102,0.0,6.382978723404255,1
3.4011973816621555,0.21621621621621623,0.5172413793103449,10.344827586206897,0.42105263157894735,6.315789473684211,0.0,0.0,35.793103448275865,1.0,1.0,0.26666666666666666,0.0,3.4482758620689653,1
4.624972813284271,0.1652892561983471,0.38613861386138615,0.9900990099009901,0.07711442786069651,0.0,0.0,3.9603960396039604,43.28712871287129,1.0,0.896551724137931,0.20512820512820512,0.0,5.9405940594059405,1
2.1972245773362196,0.2,0.0,0.0,0.1111111111111111,0.0,0.0,0.0,14.875,1.0,1.0,0.0,0.0,0.0,1
2.772588722239781,0.25,0.06666666666666667,0.0,0.34545454545454546,1.8181818181818181,0.0,0.0,39.4,1.0,1.0,0.0,0.0,6.666666666666667,1
5.786897381366708,0.1046831955922865,0.12615384615384614,0.0,0.15159574468085107,0.0,0.0,0.0,27.393846153846155,1.0,0.9831649831649831,0.4634146341463415,0.0,3.076923076923077,1
4.219507705176107,0.20238095238095238,0.3283582089552239,4.477611940298507,0.40350877192982454,4.678362573099415,0.0,0.0,24.238805970149254,1.0,0.6923076923076923,0.22727272727272727,0.0,1.4925373134328357,1
2.5649493574615367,0.29411764705882354,0.75,0.0,0.08,0.0,0.0,0.0,23.666666666666668,1.0,1.0,0.1111111111111111,0.0,0.0,1
4.574710978503383,0.1864406779661017,0.375,3.125,0.2564102564102564,21.937321937321936,0.0,0.0,41.09375,1.0,1.0,0.05555555555555555,0.0,1.0416666666666665,1
6.248042874508429,0.09473684210526316,0.32170542635658916,11.821705426356589,0.07741935483870968,0.0,0.0,0.0,30.70736434108527,1.0,0.7128309572301426,0.0783132530120482,0.0,4.263565891472868,1
4.897839799950911,0.125,0.05263157894736842,0.0,0.32802547770700635,12.101910828025478,0.0,0.7518796992481203,31.827067669172934,1.0,1.0,0.0,0.0,8.270676691729323,1
3.2188758248682006,0.1724137931034483,0.3333333333333333,12.5,0.4666666666666667,6.666666666666667,0.5,12.5,39.0,1.0,1.0,0.25,0.0,4.166666666666666,1
4.454347296253507,0.19047619047619047,0.4588235294117647,0.0,0.3716012084592145,7.552870090634441,0.0,0.0,34.741176470588236,1.0,0.9375,0.10256410256410256,0.0,0.0,1
5.739792912179234,0.22885572139303484,0.4870967741935484,20.32258064516129,0.22986036519871106,0.21482277121374865,1.0,1.2903225806451613,35.464516129032255,1.0,1.0,0.3708609271523179,0.0,7.096774193548387,1
8.930626469173578,0.09386238312155358,0.2156369890197116,0.026458526260087312,0.12733260153677278,0.0,0.7777777777777778,0.43656568329144063,30.379944437094853,1.0,0.9550632911392405,0.36809815950920244,0.0,3.7438814658023545,1
4.02535169073515,0.16666666666666666,0.2727272727272727,0.0,0.30049261083743845,1.9704433497536946,0.0,0.0,37.945454545454545,0.4666666666666667,1.0,0.3333333333333333,0.0,5.454545454545454,1
5.0689042022202315,0.14594594594594595,0.2974683544303797,0.0,0.2854938271604938,4.4753086419753085,0.0,0.0,43.177215189873415,1.0,1.0,0.1276595744680851,0.0,3.79746835443038,1
4.465908118654584,0.21818181818181817,0.05813953488372093,0.0,0.3254901960784314,7.8431372549019605,0.0,0.0,34.22093023255814,1.0,1.0,0.0,0.0,0.0,1
6.782192056006791,0.19100091827364554,0.5698070374574348,19.63677639046538,0.3940693104680243,1.8578063594140763,0.0,0.9080590238365494,37.41316685584563,0.4170403587443946,0.9988207547169812,0.33665338645418325,0.0,6.469920544835414,1
3.4965075614664802,0.15789473684210525,0.40625,18.75,0.45544554455445546,0.9900990099009901,0.0,0.0,29.4375,1.0,0.5789473684210527,0.15384615384615385,0.0,6.25,1
3.6109179126442243,0.14285714285714285,0.2777777777777778,0.0,0.3090909090909091,1.8181818181818181,0.0,0.0,32.138888888888886,1.0,1.0,0.3,0.0,8.333333333333332,1
3.8712010109078907,0.17543859649122806,0.10638297872340426,0.0,0.02531645569620253,0.0,0.0,0.0,23.425531914893618,1.0,0.9523809523809523,0.0,0.0,0.0,1
5.288267030694535,0.16170212765957448,0.48223350253807107,1.015228426395939,0.2751677852348993,1.74496644295302,0.0,0.0,40.95939086294416,1.0,1.0,0.05263157894736842,0.0,3.0456852791878175,1
4.6443908991413725,0.2076923076923077,0.6116504854368932,17.475728155339805,0.3258064516129032,3.5483870967741935,0.0,0.9708737864077669,36.29126213592233,1.0,1.0,0.31746031746031744,0.0,5.825242718446602,1
3.4965075614664802,0.08571428571428572,0.15625,0.0,0.016666666666666666,0.0,0.0,0.0,31.8125,1.0,0.9259259259259259,0.2,0.0,3.125,1
2.995732273553991,0.13636363636363635,0.05263157894736842,0.0,0.28125,1.5625,0.0,5.263157894736842,34.0,1.0,1.0,1.0,0.0,0.0,1
3.6888794541139363,0.1875,0.358974358974359,15.384615384615385,0.19,0.0,0.0,0.0,37.05128205128205,1.0,1.0,0.42857142857142855,0.0,5.128205128205128,1
3.044522437723423,0.09090909090909091,0.0,0.0,0.019230769230769232,7.6923076923076925,0.0,0.0,50.0,1.0,1.0,0.0,0.0,0.0,1
3.332204510175204,0.15625,0.0,0.0,0.0,0.0,0.0,0.0,38.44444444444444,1.0,1.0,0.0,0.0,0.0,1
6.630683385642372,0.16261061946902655,0.48348745046235136,12.813738441215325,0.3006711409395973,5.011185682326622,0.125,2.2457067371202113,35.0885072655218,1.0,0.9970326409495549,0.27049180327868855,0.0,4.7556142668428,1
5.407171771460119,0.155893536121673,0.2747747747747748,9.45945945945946,0.395738203957382,6.69710806697108,0.0,0.0,34.26126126126126,0.9759036144578314,1.0,0.3442622950819672,0.0,3.153153153153153,1
2.3978952727983707,0.3333333333333333,0.1,0.0,0.24324324324324326,0.0,0.0,0.0,29.9,1.0,1.0,1.0,0.0,0.0,1
3.4965075614664802,0.058823529411764705,0.21875,0.0,0.2692307692307692,5.128205128205128,0.0,0.0,43.25,1.0,1.0,0.14285714285714285,0.0,0.0,1
4.68213122712422,0.183206106870229,0.5887850467289719,0.0,0.30522088353413657,4.819277108433735,0.0,0.0,24.981308411214954,1.0,0.6060606060606061,0.1111111111111111,0.0,0.0,1
6.030685260261263,0.15478615071283094,0.4987951807228916,20.0,0.5021971123666039,4.645323289391086,0.0,0.0,41.903614457831324,1.0,0.9445843828715366,0.21739130434782608,0.0,3.8554216867469884,1
2.3978952727983707,0.16666666666666666,0.1,0.0,0.15384615384615385,0.0,0.0,0.0,29.6,1.0,1.0,0.0,0.0,10.0,1
4.442651256490317,0.25,0.27380952380952384,0.0,0.034129692832764506,0.0,0.0,4.761904761904762,35.61904761904762,1.0,0.9838709677419355,0.30434782608695654,0.0,11.904761904761903,1
4.304065093204169,0.09876543209876543,0.3424657534246575,16.43835616438356,0.4127906976744186,0.5813953488372093,0.0,0.0,28.78082191780822,1.0,0.6666666666666666,0.16,0.0,5.47945205479452,1
3.367295829986474,0.06666666666666667,0.25,0.0,0.0,0.0,0.0,0.0,38.535714285714285,1.0,1.0,0.14285714285714285,0.0,0.0,1
3.1780538303479458,0.14814814814814814,0.2608695652173913,13.043478260869565,0.20634920634920634,0.0,0.0,0.0,31.347826086956523,1.0,0.6923076923076923,0.16666666666666666,0.0,4.3478260869565215,1
5.631211781821365,0.08552631578947369,0.15467625899280577,2.158273381294964,0.07422402159244265,0.0,0.0,0.0,35.06115107913669,1.0,0.9682539682539683,0.4186046511627907,0.0,2.877697841726619,1
4.189654742026425,0.13333333333333333,0.5846153846153846,16.923076923076923,0.06837606837606838,0.0,0.0,0.0,34.323076923076925,1.0,0.275,0.13157894736842105,0.0,7.6923076923076925,1
3.258096538021482,0.2647058823529412,0.28,0.0,0.5185185185185185,8.641975308641975,0.0,0.0,39.72,1.0,1.0,0.42857142857142855,0.0,12.0,1
4.61512051684126,0.12280701754385964,0.22,0.0,0.06766917293233082,0.7518796992481203,0.0,9.0,38.89,1.0,1.0,0.2727272727272727,0.0,11.0,1
3.4339872044851463,0.0625,0.2,0.0,0.3582089552238806,0.0,0.0,0.0,33.4,1.0,1.0,0.16666666666666666,0.0,0.0,1
3.713572066704308,0.2857142857142857,0.425,0.0,0.14,0.0,0.0,0.0,29.7,1.0,0.75,0.29411764705882354,0.0,0.0,1
4.605170185988092,0.175,0.3838383838383838,4.040404040404041,0.3511111111111111,1.7777777777777777,0.0,0.0,22.757575757575758,1.0,0.5846153846153846,0.18421052631578946,0.0,1.0101010101010102,1
4.962844630259907,0.0718954248366013,0.02112676056338028,0.0,0.06329113924050633,0.0,1.0,3.5211267605633805,27.485915492957748,1.0,1.0,0.0,0.0,4.225352112676056,1
4.430816798843313,0.1782178217821782,0.3253012048192771,0.0,0.02127659574468085,0.0,0.0,0.0,42.397590361445786,0.375,1.0,0.037037037037037035,0.0,3.614457831325301,1
5.049856007249537,0.0718562874251497,0.2,0.0,0.31666666666666665,2.2916666666666665,0.0,0.0,35.03225806451613,0.8666666666666667,1.0,0.5161290322580645,0.0,5.161290322580645,1
4.110873864173311,0.09090909090909091,0.26666666666666666,10.0,0.31875,1.875,0.0,0.0,29.2,1.0,0.8260869565217391,0.3125,0.0,3.3333333333333335,1
3.044522437723423,0.13043478260869565,0.0,0.0,0.375,4.166666666666666,0.0,0.0,16.25,1.0,1.0,0.0,0.0,0.0,1
4.2626798770413155,0.125,0.14285714285714285,0.0,0.36860068259385664,11.604095563139932,0.0,0.0,39.34285714285714,1.0,1.0,0.2,0.0,1.4285714285714286,1
3.295836866004329,0.16129032258064516,0.0,0.0,0.4727272727272727,3.6363636363636362,0.0,0.0,33.96153846153846,1.0,1.0,0.0,0.0,0.0,1
3.912023005428146,0.125,0.16326530612244897,6.122448979591836,0.5073529411764706,0.7352941176470588,0.0,0.0,29.73469387755102,1.0,0.8974358974358975,0.125,0.0,2.0408163265306123,1
4.330733340286331,0.24242424242424243,0.49333333333333335,16.0,0.2706422018348624,7.79816513761468,0.0,0.0,35.48,0.6923076923076923,1.0,0.3783783783783784,0.0,5.333333333333334,1
3.7612001156935624,0.19230769230769232,0.7142857142857143,7.142857142857142,0.3096774193548387,3.870967741935484,0.0,0.0,36.73809523809524,1.0,1.0,0.16666666666666666,0.0,2.380952380952381,1
2.4849066497880004,0.15384615384615385,0.09090909090909091,0.0,0.4074074074074074,3.7037037037037033,0.0,0.0,27.181818181818183,1.0,1.0,0.0,0.0,0.0,1
3.4011973816621555,0.03333333333333333,0.0,0.0,0.02631578947368421,0.0,0.0,0.0,16.862068965517242,1.0,1.0,0.0,0.0,0.0,1
2.1972245773362196,0.2727272727272727,0.5,0.0,0.3888888888888889,0.0,0.0,0.0,30.0,1.0,0.3333333333333333,0.0,0.0,0.0,1
6.597145701886651,0.2665330661322645,0.5737704918032787,11.885245901639344,0.12529365700861395,0.0,0.3333333333333333,1.639344262295082,38.63251366120219,1.0,0.9940828402366864,0.19047619047619047,0.0,3.551912568306011,1
2.833213344056216,0.15789473684210525,0.25,0.0,0.26666666666666666,0.0,0.0,0.0,37.9375,1.0,1.0,0.0,0.0,6.25,1
4.844187086458591,0.25443786982248523,0.4603174603174603,21.428571428571427,0.3802083333333333,2.864583333333333,0.0,0.0,33.61904761904762,1.0,1.0,0.3793103448275862,0.0,7.142857142857142,1
2.4849066497880004,0.26666666666666666,0.45454545454545453,0.0,0.05263157894736842,0.0,0.0,0.0,38.27272727272727,1.0,1.0,0.2,0.0,9.090909090909092,1
3.044522437723423,0.09090909090909091,0.7,0.0,0.25806451612903225,1.6129032258064515,0.0,0.0,33.25,1.0,1.0,0.07142857142857142,0.0,0.0,1
3.6375861597263857,0.2127659574468085,0.2702702702702703,0.0,0.009345794392523364,0.0,1.0,10.81081081081081,39.16216216216216,1.0,1.0,0.1,0.0,10.81081081081081,1
3.828641396489095,0.1,0.13333333333333333,0.0,0.0,0.0,0.0,0.0,49.355555555555554,1.0,1.0,0.16666666666666666,0.0,0.0,1
2.5649493574615367,0.25,0.25,0.0,0.17073170731707318,0.0,0.0,0.0,27.833333333333332,1.0,1.0,0.6666666666666666,0.0,0.0,1
3.4965075614664802,0.13513513513513514,0.5,0.0,0.12878787878787878,0.0,0.0,0.0,42.125,1.0,1.0,0.0,0.0,0.0,1
3.828641396489095,0.1,0.15555555555555556,6.666666666666667,0.19047619047619047,0.0,0.0,0.0,24.77777777777778,1.0,0.8947368421052632,0.14285714285714285,0.0,2.2222222222222223,1
4.477336814478207,0.24347826086956523,0.5402298850574713,19.54022988505747,0.2869198312236287,2.9535864978902953,0.0,0.0,33.333333333333336,1.0,1.0,0.2765957446808511,0.0,6.896551724137931,1
6.173786103901937,0.2134646962233169,0.3778705636743215,16.2839248434238,0.18099547511312217,0.0,0.3333333333333333,1.2526096033402923,35.979123173277664,0.8440860215053764,1.0,0.292817679558011,0.0,5.219206680584551,1
4.0943445622221,0.078125,0.2711864406779661,10.16949152542373,0.34615384615384615,1.282051282051282,0.0,0.0,28.559322033898304,1.0,0.8260869565217391,0.375,0.0,3.389830508474576,1
4.8283137373023015,0.20512820512820512,0.4112903225806452,14.516129032258066,0.4230769230769231,5.4945054945054945,0.0,2.4193548387096775,35.92741935483871,1.0,1.0,0.27450980392156865,0.0,4.838709677419355,1
2.0794415416798357,0.4166666666666667,0.0,0.0,0.0,6.666666666666667,0.0,0.0,34.42857142857143,1.0,1.0,0.0,0.0,0.0,1
4.2626798770413155,0.18604651162790697,0.6857142857142857,17.142857142857142,0.33495145631067963,1.9417475728155338,0.0,0.0,35.357142857142854,1.0,0.96875,0.22916666666666666,0.0,5.714285714285714,1
8.649623978596727,0.08040605865291653,0.3264412125459961,9.602242859646049,0.3581401225598585,8.547602501737316,0.875,0.28035745575608906,30.62169265813913,0.11152244331328089,0.7984310307256482,0.3027375201288245,0.0,3.2416330821797787,1
2.5649493574615367,0.14285714285714285,0.25,0.0,0.3333333333333333,2.083333333333333,0.0,0.0,51.25,1.0,0.0,0.0,0.0,0.0,1
3.6888794541139363,0.15217391304347827,0.07692307692307693,0.0,0.21951219512195122,0.0,0.0,0.0,23.76923076923077,1.0,1.0,0.0,0.0,0.0,1
5.3230099791384085,0.20622568093385213,0.4215686274509804,16.176470588235293,0.15698587127158556,0.7849293563579277,0.0,4.901960784313726,38.661764705882355,1.0,1.0,0.36046511627906974,0.0,5.88235294117647,1
3.258096538021482,0.32432432432432434,0.64,24.0,0.34782608695652173,0.0,0.0,0.0,30.96,1.0,1.0,0.25,0.0,8.0,1
4.454347296253507,0.12371134020618557,0.17647058823529413,0.0,0.3674911660777385,4.593639575971731,0.0,1.1764705882352942,33.16470588235294,1.0,1.0,0.06666666666666667,0.0,1.1764705882352942,1
5.8998973535824915,0.21212121212121213,0.45054945054945056,16.483516483516482,0.13559322033898305,0.0,0.0,0.5494505494505495,38.214285714285715,1.0,0.9970501474926253,0.3170731707317073,0.0,5.21978021978022,1
6.095824562432225,0.1641509433962264,0.4492099322799097,15.575620767494355,0.15517241379310345,0.0,0.0,0.0,37.408577878103834,1.0,1.0,0.32663316582914576,0.0,5.191873589164786,1
9.179468708309095,0.08278145695364239,0.27199587416193916,10.02578648788035,0.12434756820877817,0.0,0.7272727272727273,0.3816400206291903,29.413615265600825,1.0,0.8353079304087949,0.15547971179370496,0.0,3.4141309953584322,1
4.382026634673881,0.23300970873786409,0.189873417721519,3.79746835443038,0.125,1.9736842105263157,0.0,0.0,37.050632911392405,1.0,0.8933333333333333,0.13333333333333333,0.0,1.2658227848101267,1
4.174387269895637,0.07246376811594203,0.0,0.0,0.15,1.0,0.0,0.0,38.078125,1.0,1.0,0.0,0.0,0.0,1
4.499809670330265,0.09183673469387756,0.0449438202247191,1.1235955056179776,0.028368794326241134,0.0,0.0,0.0,29.258426966292134,1.0,1.0,0.0,0.0,2.247191011235955,1
3.8066624897703196,0.043478260869565216,0.13636363636363635,0.0,0.23880597014925373,1.4925373134328357,0.0,0.0,44.63636363636363,1.0,1.0,0.16666666666666666,0.0,0.0,1
3.8918202981106265,0.1111111111111111,0.0625,0.0,0.05454545454545454,0.0,0.0,0.0,29.291666666666668,1.0,1.0,0.0,0.0,2.083333333333333,1
3.258096538021482,0.038461538461538464,0.08,0.0,0.20689655172413793,0.0,0.0,0.0,31.24,1.0,1.0,0.5,0.0,0.0,1
3.6888794541139363,0.09302325581395349,0.15384615384615385,0.0,0.0,0.0,0.0,0.0,41.92307692307692,1.0,1.0,0.16666666666666666,0.0,0.0,1
6.352629396319567,0.005208333333333333,0.012216404886561954,0.0,0.003575685339690107,0.0,0.0,0.0,20.57591623036649,1.0,1.0,0.14285714285714285,0.0,0.0,1
4.61512051684126,0.09090909090909091,0.29,12.0,0.3010752688172043,1.4336917562724014,0.0,0.0,28.14,1.0,0.8024691358024691,0.3793103448275862,0.0,6.0,1
2.8903717578961645,0.15,0.0,0.0,0.02127659574468085,0.0,0.0,0.0,37.35294117647059,1.0,1.0,0.0,0.0,0.0,1
3.4011973816621555,0.06451612903225806,0.2413793103448276,0.0,0.27419354838709675,3.225806451612903,0.0,0.0,32.13793103448276,1.0,1.0,0.14285714285714285,0.0,0.0,1
4.795790545596741,0.16666666666666666,0.175,0.0,0.02023121387283237,0.0,0.0,3.3333333333333335,31.183333333333334,1.0,1.0,0.38095238095238093,0.0,5.0,1
3.7376696182833684,0.10869565217391304,0.2682926829268293,7.317073170731707,0.3425925925925926,4.62962962962963,0.0,0.0,25.48780487804878,0.5,0.7333333333333333,0.09090909090909091,0.0,2.4390243902439024,1
4.430816798843313,0.18627450980392157,0.2891566265060241,16.867469879518072,0.12987012987012986,1.2987012987012987,0.0,0.0,36.8433734939759,0.08108108108108109,1.0,0.3333333333333333,0.0,4.819277108433735,1
3.044522437723423,0.16666666666666666,0.0,0.0,0.44642857142857145,7.142857142857142,0.0,0.0,27.9,1.0,1.0,0.0,0.0,0.0,1
4.897839799950911,0.24,0.6165413533834586,20.30075187969925,0.42116630669546434,4.967602591792657,0.0,0.0,34.51127819548872,1.0,1.0,0.3902439024390244,0.0,6.7669172932330826,1
3.5553480614894135,0.19047619047619047,0.5882352941176471,0.0,0.2215909090909091,7.386363636363637,0.0,2.941176470588235,40.05882352941177,1.0,0.0,0.1,0.0,0.0,1
8.722905701000768,0.08616071428571428,0.26689464256635725,9.3958638658199,0.2885230553171569,3.8971678239837715,0.0,0.03256798567008631,30.625468164794007,0.8674214548542315,0.8385469223007064,0.1561928004881025,0.0,3.1753786028334146,1
6.98933526597456,0.12439418416801293,0.5276752767527675,7.287822878228782,0.3605660984239305,4.470890961724027,0.0,0.0,28.088560885608857,1.0,0.5748440748440748,0.1590909090909091,0.0,0.9225092250922509,1
4.04305126783455,0.08196721311475409,0.19642857142857142,0.0,0.359375,7.03125,0.0,0.0,24.482142857142858,1.0,0.8809523809523809,0.2727272727272727,0.0,3.571428571428571,1
4.127134385045092,0.10294117647058823,0.36065573770491804,9.836065573770492,0.3282828282828283,4.040404040404041,0.0,0.0,31.918032786885245,1.0,0.75,0.2727272727272727,0.0,6.557377049180328,1
4.624972813284271,0.2518518518518518,0.594059405940594,23.762376237623762,0.4660493827160494,2.4691358024691357,0.0,0.0,30.346534653465348,0.18518518518518517,1.0,0.4,0.0,7.920792079207921,1
5.351858133476067,0.23636363636363636,0.04285714285714286,0.0,0.36462093862815886,1.083032490974729,1.0,0.9523809523809524,35.885714285714286,1.0,1.0,0.4444444444444444,0.0,10.952380952380953,1
4.499809670330265,0.1188118811881188,0.11235955056179775,0.0,0.17105263157894737,0.0,0.0,0.0,35.70786516853933,1.0,1.0,0.8,0.0,2.247191011235955,1
5.3981627015177525,0.09090909090909091,0.11818181818181818,2.727272727272727,0.15678776290630975,0.0,0.0,0.0,26.30909090909091,0.9130434782608695,0.953757225433526,0.07692307692307693,0.0,0.9090909090909091,1
5.886104031450156,0.1728110599078341,0.3816155988857939,14.484679665738161,0.21852970795568982,0.0,1.0,1.9498607242339834,34.721448467966574,1.0,1.0,0.26277372262773724,0.0,5.013927576601671,1
4.110873864173311,0.13043478260869565,0.13333333333333333,0.0,0.2168141592920354,3.5398230088495577,0.0,0.0,38.3,1.0,1.0,1.0,0.0,0.0,1
2.302585092994046,0.3076923076923077,0.2222222222222222,0.0,0.2692307692307692,0.0,0.0,0.0,34.888888888888886,1.0,1.0,0.5,0.0,0.0,1
2.5649493574615367,0.29411764705882354,0.0,0.0,0.0,0.0,0.0,0.0,31.916666666666668,1.0,1.0,0.0,0.0,8.333333333333332,1
3.1780538303479458,0.11538461538461539,0.13043478260869565,0.0,0.03571428571428571,0.0,0.0,0.0,24.26086956521739,1.0,1.0,0.3333333333333333,0.0,4.3478260869565215,1
3.713572066704308,0.25925925925925924,0.225,0.0,0.022058823529411766,0.0,0.0,0.0,26.575,1.0,0.6,0.1111111111111111,0.0,0.0,1
5.0106352940962555,0.1286549707602339,0.35570469798657717,0.0,0.3787878787878788,6.25,0.0,1.342281879194631,41.97315436241611,1.0,1.0,0.09433962264150944,0.0,6.7114093959731544,1
2.833213344056216,0.23809523809523808,0.5625,18.75,0.47058823529411764,0.0,0.0,0.0,23.8125,1.0,1.0,0.3333333333333333,0.0,6.25,1
4.912654885736052,0.09395973154362416,0.2222222222222222,0.7407407407407408,0.1025,0.0,0.0,0.0,35.01481481481481,1.0,1.0,0.0,0.0,0.0,1
3.044522437723423,0.09090909090909091,0.85,0.0,0.0,0.0,0.0,0.0,32.75,1.0,1.0,0.058823529411764705,0.0,0.0,1
9.857181799659617,0.05203058286168206,0.6892217450508012,15.245626898502145,0.2947268269477074,8.996596772422878,1.0,0.03142348381690584,32.68005656227087,1.0,0.39504381013814976,0.12598784194528875,0.0,2.5714884256834605,1
7.057036981697891,0.2027491408934708,0.5741379310344827,16.551724137931036,0.34137238013207005,1.3781223083548666,0.05405405405405406,6.293103448275862,32.03706896551724,0.7054263565891473,1.0,0.33633633633633636,0.0,5.517241379310345,1
2.3978952727983707,0.16666666666666666,0.0,0.0,0.07692307692307693,7.6923076923076925,0.0,0.0,17.5,1.0,1.0,0.0,0.0,0.0,1
4.007333185232471,0.18181818181818182,0.5925925925925926,16.666666666666664,0.13714285714285715,0.0,0.0,3.7037037037037033,36.72222222222222,0.6216216216216216,1.0,0.3125,0.0,5.555555555555555,1
3.044522437723423,0.09090909090909091,0.8,0.0,0.0,0.0,0.0,0.0,32.95,1.0,1.0,0.0625,0.0,0.0,1
3.1354942159291497,0.2413793103448276,0.3181818181818182,13.636363636363635,0.4,6.666666666666667,0.0,0.0,37.36363636363637,0.28,1.0,0.42857142857142855,0.0,4.545454545454546,1
6.19644412779452,0.17922948073701842,0.47959183673469385,12.653061224489795,0.12277580071174377,0.0,0.5,2.0408163265306123,39.204081632653065,1.0,0.982646420824295,0.2297872340425532,0.0,4.285714285714286,1
4.189654742026425,0.19753086419753085,0.4153846153846154,18.461538461538463,0.375,2.083333333333333,0.0,1.5384615384615385,35.784615384615385,1.0,1.0,0.4074074074074074,0.0,6.153846153846154,1
4.997212273764115,0.09259259259259259,0.1360544217687075,0.0,0.3647342995169082,3.864734299516908,0.0,0.0,32.65986394557823,1.0,1.0,0.3,0.0,2.7210884353741496,1
3.6635616461296463,0.05,0.2631578947368421,0.0,0.0,0.0,0.0,0.0,52.973684210526315,1.0,1.0,0.1,0.0,0.0,1
5.846438775057724,0.0443213296398892,0.04927536231884058,0.0,0.18842530282637954,4.037685060565275,0.0,0.0,28.295652173913044,1.0,1.0,0.29411764705882354,0.0,0.0,1
4.007333185232471,0.21739130434782608,0.42592592592592593,16.666666666666664,0.19337016574585636,0.0,0.0,3.7037037037037033,35.111111111111114,1.0,0.9767441860465116,0.30434782608695654,0.0,5.555555555555555,1
4.812184355372417,0.18666666666666668,0.36885245901639346,2.459016393442623,0.29959514170040485,3.8461538461538463,0.0,0.0,38.942622950819676,0.42857142857142855,0.961038961038961,0.13333333333333333,0.0,0.819672131147541,1
2.995732273553991,0.20833333333333334,0.05263157894736842,0.0,0.07936507936507936,0.0,0.0,0.0,43.526315789473685,0.5,1.0,0.0,0.0,0.0,1
4.23410650459726,0.02857142857142857,0.029411764705882353,0.0,0.16964285714285715,0.0,0.0,0.0,22.941176470588236,1.0,1.0,0.0,0.0,0.0,1
3.970291913552122,0.16129032258064516,0.07692307692307693,0.0,0.2903225806451613,8.60215053763441,0.0,1.9230769230769231,38.05769230769231,0.5625,1.0,0.25,0.0,1.9230769230769231,1
2.302585092994046,0.25,0.8888888888888888,0.0,0.13333333333333333,6.666666666666667,0.0,0.0,20.0,1.0,1.0,0.125,0.0,0.0,1
5.579729825986222,0.07042253521126761,0.23484848484848486,0.3787878787878788,0.38563049853372433,3.3724340175953076,0.0,0.0,26.147727272727273,1.0,0.8444444444444444,0.16129032258064516,0.0,2.272727272727273,1
5.641907070938114,0.10509554140127389,0.21708185053380782,5.338078291814947,0.1620603015075377,0.0,0.0,0.0,31.508896797153024,0.8048780487804879,0.9236641221374046,0.3770491803278688,0.0,2.8469750889679712,1
3.4657359027997265,0.11428571428571428,0.1935483870967742,0.0,0.05714285714285714,0.0,0.0,0.0,30.677419354838708,1.0,0.8181818181818182,0.16666666666666666,0.0,3.225806451612903,1
6.2878585601617845,0.13526570048309178,0.148975791433892,0.37243947858473,0.020363636363636365,0.5818181818181818,0.0,4.4692737430167595,35.221601489757916,1.0,0.9782608695652174,0.0625,0.0,6.890130353817504,1
2.833213344056216,0.30434782608695654,0.375,18.75,0.4423076923076923,3.8461538461538463,0.0,0.0,32.3125,1.0,1.0,0.3333333333333333,0.0,6.25,1
2.8903717578961645,0.15,0.058823529411764705,5.88235294117647,0.21495327102803738,3.7383177570093453,0.0,0.0,53.76470588235294,1.0,1.0,1.0,0.0,0.0,1
4.454347296253507,0.12371134020618557,0.2823529411764706,3.5294117647058822,0.41533546325878595,10.223642172523961,0.0,4.705882352941177,41.44705882352941,0.21739130434782608,1.0,0.25,0.0,1.1764705882352942,1
3.5553480614894135,0.20930232558139536,0.4411764705882353,8.823529411764707,0.3893129770992366,4.580152671755725,0.0,0.0,34.470588235294116,1.0,0.4,0.3333333333333333,0.0,5.88235294117647,1
5.159055299214529,0.0748663101604278,0.2138728323699422,10.404624277456648,0.3325,5.25,0.0,0.0,25.68208092485549,1.0,0.8153846153846154,0.32432432432432434,0.0,3.4682080924855487,1
2.0794415416798357,0.3,0.5714285714285714,14.285714285714285,0.2,10.0,0.0,0.0,30.0,1.0,1.0,0.25,0.0,0.0,1
4.543294782270004,0.1308411214953271,0.24731182795698925,3.225806451612903,0.1398176291793313,0.0,0.0,0.0,34.44086021505376,0.5862068965517241,0.9466666666666667,0.43478260869565216,0.0,2.1505376344086025,1
5.58724865840025,0.16614420062695925,0.6052631578947368,18.421052631578945,0.4369266055045872,3.211009174311927,0.0,0.0,37.32706766917293,0.6254980079681275,1.0,0.2857142857142857,0.0,6.015037593984962,1
2.8903717578961645,0.2916666666666667,0.23529411764705882,0.0,0.32727272727272727,1.8181818181818181,0.0,0.0,26.235294117647058,1.0,1.0,0.75,0.0,0.0,1
4.007333185232471,0.15625,0.037037037037037035,0.0,0.29523809523809524,0.0,0.0,0.0,24.62962962962963,1.0,1.0,0.0,0.0,0.0,1
4.174387269895637,0.07246376811594203,0.15625,0.0,0.372972972972973,8.108108108108109,0.0,0.0,36.84375,1.0,1.0,0.5,0.0,3.125,1
3.58351893845611,0.18604651162790697,0.14285714285714285,0.0,0.33707865168539325,5.617977528089887,0.0,0.0,27.885714285714286,1.0,1.0,0.0,0.0,0.0,1
4.07753744390572,0.09375,0.22413793103448276,0.0,0.13043478260869565,0.0,0.0,0.0,24.43103448275862,1.0,0.88,0.0,0.0,0.0,1
3.9318256327243257,0.09090909090909091,0.26,12.0,0.43478260869565216,12.318840579710146,0.0,0.0,31.36,1.0,0.7894736842105263,0.15384615384615385,0.0,4.0,1
2.772588722239781,0.16666666666666666,0.4666666666666667,0.0,0.3968253968253968,14.285714285714285,0.0,0.0,41.333333333333336,0.3333333333333333,1.0,0.14285714285714285,0.0,6.666666666666667,1
3.7612001156935624,0.045454545454545456,0.21428571428571427,0.0,0.0,0.0,0.0,0.0,45.30952380952381,1.0,1.0,0.1111111111111111,0.0,0.0,1
3.8066624897703196,0.10204081632653061,0.38636363636363635,0.0,0.125,0.0,0.0,0.0,29.40909090909091,1.0,0.6666666666666666,0.23529411764705882,0.0,0.0,1
3.6635616461296463,0.2549019607843137,0.3157894736842105,0.0,0.3973509933774834,11.920529801324504,0.0,5.263157894736842,38.60526315789474,1.0,1.0,0.08333333333333333,0.0,5.263157894736842,1
4.304065093204169,0.0875,0.0136986301369863,0.0,0.23776223776223776,4.195804195804196,0.0,0.0,26.21917808219178,0.5,1.0,0.0,0.0,1.36986301369863,1
3.4965075614664802,0.15789473684210525,0.5625,0.0,0.13385826771653545,0.0,0.0,0.0,33.625,1.0,0.8888888888888888,0.16666666666666666,0.0,0.0,1
5.318119993844216,0.22813688212927757,0.5763546798029556,19.21182266009852,0.39473684210526316,5.756578947368421,0.0,0.0,32.29556650246305,1.0,1.0,0.3162393162393162,0.0,6.896551724137931,1
5.87493073085203,0.1839080459770115,0.37746478873239436,1.4084507042253522,0.3812292358803987,6.893687707641195,0.0,3.3802816901408446,41.82535211267606,1.0,0.9791666666666666,0.14925373134328357,0.0,10.704225352112676,1
3.4965075614664802,0.058823529411764705,0.25,0.0,0.3333333333333333,1.282051282051282,0.0,0.0,41.875,1.0,1.0,0.125,0.0,0.0,1
4.02535169073515,0.1791044776119403,0.21818181818181817,0.0,0.2900763358778626,3.816793893129771,0.0,0.0,24.036363636363635,1.0,0.9210526315789473,0.08333333333333333,0.0,0.0,1
4.330733340286331,0.18478260869565216,0.013333333333333334,0.0,0.5783783783783784,2.1621621621621623,0.0,0.0,27.533333333333335,1.0,1.0,0.0,0.0,0.0,1
3.4657359027997265,0.11428571428571428,0.06451612903225806,0.0,0.060240963855421686,0.0,1.0,6.451612903225806,33.32258064516129,1.0,1.0,0.0,0.0,0.0,1
3.5553480614894135,0.2765957446808511,0.5882352941176471,17.647058823529413,0.10434782608695652,0.0,0.0,0.0,37.911764705882355,0.5,1.0,0.25,0.0,5.88235294117647,1
5.572154032177765,0.16825396825396827,0.3702290076335878,13.740458015267176,0.4854111405835544,3.8461538461538463,0.0,4.961832061068702,37.05343511450382,1.0,1.0,0.24742268041237114,0.0,4.580152671755725,1
3.828641396489095,0.0625,0.15555555555555556,0.0,0.22058823529411764,2.941176470588235,0.0,0.0,44.51111111111111,1.0,1.0,0.14285714285714285,0.0,0.0,1
5.739792912179234,0.21518987341772153,0.5870967741935483,21.29032258064516,0.32872340425531915,0.851063829787234,0.6666666666666666,0.967741935483871,34.99354838709677,1.0,0.9965277777777778,0.3131868131868132,0.0,7.096774193548387,1
3.091042453358316,0.08695652173913043,0.2857142857142857,0.0,0.045454545454545456,0.0,0.0,0.0,24.38095238095238,1.0,0.7058823529411765,0.0,0.0,0.0,1
3.091042453358316,0.16,0.09523809523809523,0.0,0.3392857142857143,5.357142857142857,0.0,0.0,31.0,1.0,1.0,0.0,0.0,0.0,1
5.6131281063880705,0.11363636363636363,0.29304029304029305,0.0,0.32142857142857145,1.8433179723502304,0.0,0.0,38.633699633699635,1.0,0.979757085020243,0.3125,0.0,6.95970695970696,1
2.3978952727983707,0.2857142857142857,0.4,0.0,0.37254901960784315,5.88235294117647,0.0,0.0,49.6,1.0,1.0,0.25,0.0,0.0,1
4.59511985013459,0.09259259259259259,0.09183673469387756,3.061224489795918,0.3356164383561644,6.164383561643835,0.0,0.0,30.102040816326532,1.0,0.9466666666666667,0.2222222222222222,0.0,3.061224489795918,1
6.699500340161678,0.20098522167487684,0.5043156596794082,15.782983970406905,0.13103721298495646,0.1583531274742676,0.3333333333333333,1.4796547472256474,36.681874229346484,1.0,0.9920844327176781,0.1466992665036675,0.0,4.069050554870531,1
5.0689042022202315,0.05389221556886228,0.10759493670886076,0.0,0.4253731343283582,1.2437810945273633,0.0,0.0,28.253164556962027,1.0,1.0,0.0,0.0,1.2658227848101267,1
5.521460917862246,0.2361963190184049,0.43373493975903615,11.646586345381527,0.3923076923076923,5.897435897435897,0.0,0.0,37.329317269076306,1.0,0.9911111111111112,0.19444444444444445,0.0,4.016064257028113,1
5.53338948872752,0.11267605633802817,0.21428571428571427,3.571428571428571,0.20923520923520925,10.678210678210679,0.0,0.0,32.12698412698413,1.0,0.944954128440367,0.05555555555555555,0.0,1.5873015873015872,1
4.820281565605037,0.21153846153846154,0.2764227642276423,3.2520325203252036,0.021739130434782608,0.8152173913043478,1.0,3.2520325203252036,38.86178861788618,0.9636363636363636,0.9906542056074766,0.029411764705882353,0.0,8.94308943089431,1
4.574710978503383,0.04,0.1875,3.125,0.18269230769230768,0.0,0.0,0.0,24.114583333333332,1.0,0.9506172839506173,0.4444444444444444,0.0,1.0416666666666665,1
2.5649493574615367,0.14285714285714285,0.0,0.0,0.2,13.333333333333334,0.0,0.0,17.833333333333332,1.0,1.0,0.0,0.0,0.0,1
2.772588722239781,0.2857142857142857,0.13333333333333333,0.0,0.43548387096774194,1.6129032258064515,0.0,0.0,36.06666666666667,1.0,1.0,1.0,0.0,13.333333333333334,1
3.367295829986474,0.17647058823529413,0.03571428571428571,0.0,0.25806451612903225,0.0,0.0,0.0,25.928571428571427,1.0,1.0,0.0,0.0,0.0,1
7.104144092987527,0.19629874421678783,0.5748355263157895,11.595394736842106,0.3667094565682499,1.3478818998716302,0.0,0.0,40.875822368421055,0.7530529172320217,0.9659090909090909,0.18168812589413447,0.0,3.8651315789473686,1
5.981414211254481,0.12222222222222222,0.3189873417721519,9.113924050632912,0.08164983164983165,0.0,0.2222222222222222,3.79746835443038,42.789873417721516,1.0,0.9818181818181818,0.2619047619047619,0.0,3.0379746835443036,1
3.9318256327243257,0.18032786885245902,0.16,0.0,0.45454545454545453,1.3986013986013985,0.0,0.0,26.54,1.0,0.9473684210526315,0.125,0.0,0.0,1
4.61512051684126,0.15254237288135594,0.18,1.0,0.24583333333333332,5.416666666666667,1.0,3.0,33.6,1.0,1.0,0.1111111111111111,0.0,5.0,1
5.564520407322694,0.08450704225352113,0.45384615384615384,10.384615384615385,0.13414634146341464,0.0,0.0,0.0,29.51923076923077,1.0,0.6985645933014354,0.4661016949152542,0.0,3.076923076923077,1
3.332204510175204,0.25,0.5185185185185185,0.0,0.3939393939393939,5.303030303030303,0.0,0.0,44.55555555555556,0.6,1.0,0.0,0.0,3.7037037037037033,1
4.51085950651685,0.23728813559322035,0.4777777777777778,21.11111111111111,0.352112676056338,0.7042253521126761,0.0,0.0,34.06666666666667,1.0,0.974025974025974,0.4418604651162791,0.0,6.666666666666667,1
4.804021044733257,0.09701492537313433,0.17355371900826447,0.0,0.057534246575342465,0.0,0.0,0.0,34.12396694214876,1.0,1.0,0.23809523809523808,0.0,0.8264462809917356,1
4.219507705176107,0.1927710843373494,0.417910447761194,13.432835820895523,0.45977011494252873,1.7241379310344827,0.0,1.4925373134328357,33.149253731343286,1.0,1.0,0.32142857142857145,0.0,4.477611940298507,1
3.7612001156935624,0.045454545454545456,0.21428571428571427,0.0,0.26865671641791045,4.477611940298507,0.0,0.0,45.523809523809526,1.0,1.0,0.1111111111111111,0.0,0.0,1
7.621684998724611,0.17167207792207792,0.5884370406663401,3.821656050955414,0.4218464906945627,8.356647609779833,0.0,0.0,45.20186183243508,1.0,0.970632911392405,0.04079933388842631,0.0,5.046545810877022,1
7.162397497355718,0.17106109324758842,0.49495733126454616,13.809154383242825,0.3052959501557632,2.779774742391565,0.09090909090909091,1.7843289371605897,35.9433669511249,0.7751479289940828,0.9820359281437125,0.1833855799373041,0.0,2.948021722265322,1
2.70805020110221,0.2631578947368421,0.5,21.428571428571427,0.32653061224489793,6.122448979591836,0.0,0.0,32.42857142857143,1.0,1.0,0.42857142857142855,0.0,7.142857142857142,1
3.6109179126442243,0.12195121951219512,0.1388888888888889,0.0,0.17142857142857143,0.0,0.0,0.0,30.72222222222222,1.0,1.0,0.6,0.0,11.11111111111111,1
4.127134385045092,0.14084507042253522,0.4098360655737705,0.0,0.42857142857142855,3.571428571428571,0.0,0.0,42.39344262295082,0.06666666666666667,1.0,0.12,0.0,3.278688524590164,1
3.5553480614894135,0.05555555555555555,0.17647058823529413,0.0,0.24193548387096775,4.838709677419355,0.0,0.0,26.558823529411764,1.0,1.0,0.16666666666666666,0.0,0.0,1
2.70805020110221,0.125,0.0,0.0,0.3888888888888889,5.555555555555555,0.0,0.0,17.857142857142858,1.0,1.0,0.0,0.0,0.0,1
4.2626798770413155,0.14634146341463414,0.14285714285714285,0.0,0.4124293785310734,8.47457627118644,0.0,0.0,35.98571428571429,1.0,1.0,0.1,0.0,14.285714285714285,1
2.1972245773362196,0.2727272727272727,0.125,0.0,0.25,0.0,0.0,0.0,25.625,1.0,1.0,0.0,0.0,0.0,1
5.407171771460119,0.2838709677419355,0.36036036036036034,1.3513513513513513,0.18565400843881857,0.0,0.0,0.0,36.02252252252252,1.0,1.0,0.1625,0.0,16.216216216216218,1
2.3978952727983707,0.23076923076923078,0.9,0.0,0.1111111111111111,14.814814814814813,0.0,0.0,29.4,1.0,1.0,0.2222222222222222,0.0,0.0,1
2.639057329615259,0.2777777777777778,0.15384615384615385,0.0,0.38,4.0,0.0,0.0,32.53846153846154,1.0,1.0,0.5,0.0,0.0,1
3.8066624897703196,0.26666666666666666,0.06818181818181818,0.0,0.09433962264150944,1.257861635220126,0.0,4.545454545454546,43.04545454545455,1.0,1.0,1.0,0.0,6.8181818181818175,1
2.70805020110221,0.17647058823529413,0.2857142857142857,0.0,0.3333333333333333,1.8518518518518516,0.0,0.0,36.07142857142857,1.0,1.0,0.0,0.0,0.0,1
5.272999558563747,0.14912280701754385,0.07216494845360824,0.0,0.060215053763440864,0.0,0.0,0.0,30.051546391752577,1.0,1.0,0.0,0.0,0.0,1
2.9444389791664403,0.21739130434782608,0.05555555555555555,0.0,0.0,0.0,0.0,0.0,29.555555555555557,1.0,1.0,1.0,0.0,0.0,1
4.762173934797756,0.072,0.1724137931034483,0.0,0.27607361963190186,0.0,0.0,0.0,29.051724137931036,1.0,1.0,0.25,0.0,3.4482758620689653,1
3.6375861597263857,0.17777777777777778,0.08108108108108109,0.0,0.3924050632911392,7.59493670886076,0.0,0.0,28.594594594594593,1.0,1.0,0.6666666666666666,0.0,0.0,1
3.044522437723423,0.09090909090909091,0.55,0.0,0.0,0.0,0.0,0.0,34.4,1.0,1.0,0.09090909090909091,0.0,0.0,1
6.148468295917647,0.17926186291739896,0.4817987152034261,4.282655246252676,0.013056379821958458,0.0,0.0,0.0,44.44325481798715,1.0,0.986870897155361,0.022222222222222223,0.0,12.633832976445397,1
4.852030263919617,0.21604938271604937,0.31496062992125984,14.173228346456693,0.362116991643454,6.963788300835655,0.0,0.7874015748031495,36.196850393700785,0.25,1.0,0.4,0.0,4.724409448818897,1
4.276666119016055,0.21978021978021978,0.4225352112676056,21.12676056338028,0.17613636363636365,1.7045454545454544,1.0,2.8169014084507045,31.971830985915492,1.0,1.0,0.3333333333333333,0.0,7.042253521126761,1
4.605170185988092,0.2265625,0.40404040404040403,15.151515151515152,0.4296577946768061,2.6615969581749046,1.0,1.0101010101010102,32.91919191919192,1.0,1.0,0.325,0.0,5.05050505050505,1
3.8712010109078907,0.21666666666666667,0.2553191489361702,2.127659574468085,0.2781065088757396,8.284023668639055,0.0,0.0,41.59574468085106,0.15789473684210525,1.0,0.08333333333333333,0.0,8.51063829787234,1
4.465908118654584,0.21818181818181817,0.47674418604651164,10.465116279069768,0.44402985074626866,6.343283582089552,0.0,1.1627906976744187,35.53488372093023,1.0,0.9859154929577465,0.1951219512195122,0.0,3.488372093023256,1
5.3706380281276624,0.06140350877192982,0.2616822429906542,5.607476635514018,0.2070015220700152,0.0,0.0,0.0,33.76168224299065,1.0,0.9096045197740112,0.375,0.0,2.336448598130841,1
3.367295829986474,0.2222222222222222,0.21428571428571427,3.571428571428571,0.32941176470588235,5.88235294117647,0.0,0.0,26.392857142857142,1.0,1.0,0.16666666666666666,0.0,10.714285714285714,1
2.1972245773362196,0.2,0.0,0.0,0.09090909090909091,0.0,0.0,0.0,22.0,1.0,1.0,0.0,0.0,0.0,1
2.0794415416798357,0.3,0.14285714285714285,0.0,0.45,0.0,0.0,0.0,27.857142857142858,1.0,1.0,0.0,0.0,0.0,1
2.302585092994046,0.4,0.4444444444444444,0.0,0.3157894736842105,0.0,0.0,0.0,31.555555555555557,1.0,1.0,0.0,0.0,11.11111111111111,1
3.6109179126442243,0.12195121951219512,0.1111111111111111,0.0,0.3130434782608696,2.608695652173913,0.0,0.0,34.05555555555556,0.16666666666666666,1.0,0.75,0.0,2.7777777777777777,1
3.1354942159291497,0.18518518518518517,0.36363636363636365,0.0,0.4861111111111111,2.7777777777777777,0.0,0.0,33.63636363636363,1.0,1.0,0.375,0.0,4.545454545454546,1
4.31748811353631,0.41732283464566927,0.527027027027027,1.3513513513513513,0.2967032967032967,2.564102564102564,0.0,0.0,41.513513513513516,1.0,1.0,0.5384615384615384,0.0,1.3513513513513513,1
2.3978952727983707,0.23076923076923078,0.0,0.0,0.2558139534883721,23.25581395348837,0.0,0.0,56.5,1.0,1.0,0.0,0.0,10.0,1
3.044522437723423,0.09090909090909091,0.55,0.0,0.208955223880597,4.477611940298507,0.0,0.0,35.4,1.0,1.0,0.09090909090909091,0.0,0.0,1
3.044522437723423,0.09090909090909091,0.6,0.0,0.25806451612903225,11.29032258064516,0.0,0.0,36.5,1.0,1.0,0.08333333333333333,0.0,0.0,1
4.976733742420574,0.21739130434782608,0.027777777777777776,0.0,0.13966480446927373,0.0,0.0,0.0,43.49305555555556,1.0,1.0,0.0,0.0,16.666666666666664,1
3.4657359027997265,0.08823529411764706,0.03225806451612903,0.0,0.010101010101010102,0.0,0.0,0.0,36.74193548387097,1.0,1.0,0.0,0.0,0.0,1
4.406719247264253,0.21359223300970873,0.37037037037037035,18.51851851851852,0.4092664092664093,3.474903474903475,0.0,0.0,32.97530864197531,0.9733333333333334,1.0,0.3333333333333333,0.0,6.172839506172839,1
3.8918202981106265,0.1111111111111111,0.1875,6.25,0.15517241379310345,0.0,0.0,0.0,31.020833333333332,1.0,0.8857142857142857,0.4444444444444444,0.0,6.25,1
3.258096538021482,0.10714285714285714,0.24,0.0,0.0759493670886076,0.0,0.0,0.0,34.8,1.0,1.0,0.5,0.0,0.0,1
4.882801922586371,0.1437908496732026,0.20610687022900764,6.870229007633588,0.06537530266343826,0.0,1.0,3.0534351145038165,37.396946564885496,1.0,0.9482758620689655,0.4074074074074074,0.0,2.2900763358778624,1
4.51085950651685,0.10891089108910891,0.011111111111111112,0.0,0.31746031746031744,0.5291005291005291,0.0,0.0,28.055555555555557,1.0,1.0,0.0,0.0,5.555555555555555,1
2.302585092994046,0.35714285714285715,0.0,0.0,0.05555555555555555,0.0,0.0,0.0,43.22222222222222,1.0,1.0,0.0,0.0,11.11111111111111,1
4.736198448394496,0.2206896551724138,0.5752212389380531,14.15929203539823,0.13602015113350127,0.7556675062972292,0.0,0.0,39.80530973451327,1.0,1.0,0.2153846153846154,0.0,4.424778761061947,1
2.9444389791664403,0.21739130434782608,0.6111111111111112,16.666666666666664,0.375,0.0,0.0,0.0,30.0,1.0,1.0,0.36363636363636365,0.0,5.555555555555555,1
4.330733340286331,0.038461538461538464,0.06666666666666667,0.0,0.3786407766990291,0.9708737864077669,0.0,0.0,17.36,1.0,1.0,0.4,0.0,0.0,1
4.532599493153256,0.14018691588785046,0.43478260869565216,9.782608695652174,0.33136094674556216,3.5502958579881656,0.0,0.0,32.369565217391305,1.0,0.7254901960784313,0.175,0.0,3.260869565217391,1
3.5553480614894135,0.05555555555555555,0.17647058823529413,0.0,0.25,7.352941176470589,0.0,0.0,51.294117647058826,1.0,1.0,0.16666666666666666,0.0,0.0,1
4.787491742782046,0.21710526315789475,0.3025210084033613,0.0,0.07532467532467532,0.0,0.5,8.403361344537815,36.21848739495798,0.7647058823529411,1.0,0.2222222222222222,0.0,10.084033613445378,1
3.8501476017100584,0.09803921568627451,0.021739130434782608,0.0,0.0,0.0,1.0,4.3478260869565215,26.58695652173913,1.0,1.0,0.0,0.0,4.3478260869565215,1
2.995732273553991,0.36666666666666664,0.0,0.0,0.375,1.5625,0.0,0.0,33.8421052631579,1.0,1.0,0.0,0.0,26.31578947368421,1
3.5553480614894135,0.2765957446808511,0.23529411764705882,0.0,0.047619047619047616,0.0,0.0,0.0,39.3235294117647,1.0,1.0,0.25,0.0,17.647058823529413,1
6.838405200847344,0.13059701492537312,0.31223175965665234,0.2145922746781116,0.3862876254180602,5.785953177257525,0.0,2.2532188841201717,39.96030042918455,1.0,0.9853836784409257,0.19243986254295534,0.0,6.008583690987124,1
4.795790545596741,0.21568627450980393,0.31666666666666665,0.8333333333333334,0.45614035087719296,6.140350877192982,0.0,0.0,32.041666666666664,0.9733333333333334,1.0,0.13157894736842105,0.0,7.5,1
5.68697535633982,0.10638297872340426,0.24489795918367346,0.6802721088435374,0.08364544319600499,0.37453183520599254,0.6666666666666666,2.380952380952381,42.46938775510204,0.14666666666666667,0.9964285714285714,0.027777777777777776,0.0,9.183673469387756,1
3.091042453358316,0.16,0.2857142857142857,14.285714285714285,0.40476190476190477,0.0,0.0,0.0,24.952380952380953,1.0,0.7142857142857143,0.16666666666666666,0.0,4.761904761904762,1
4.02535169073515,0.2361111111111111,0.5636363636363636,16.363636363636363,0.21935483870967742,0.0,0.0,0.0,30.78181818181818,1.0,1.0,0.22580645161290322,0.0,5.454545454545454,1
4.219507705176107,0.23863636363636365,0.5522388059701493,23.88059701492537,0.327683615819209,1.694915254237288,0.0,0.0,34.985074626865675,1.0,1.0,0.2972972972972973,0.0,7.462686567164178,1
6.455198563340122,0.18380462724935734,0.49133858267716535,14.645669291338583,0.1340308918784255,1.4449427005480817,0.0,0.7874015748031495,40.645669291338585,1.0,1.0,0.27564102564102566,0.0,4.724409448818897,1
2.0794415416798357,0.3,0.14285714285714285,0.0,0.3,5.0,0.0,0.0,30.142857142857142,1.0,1.0,0.0,0.0,0.0,1
4.406719247264253,0.20588235294117646,0.38271604938271603,11.11111111111111,0.10747663551401869,0.0,0.0,4.938271604938271,30.395061728395063,1.0,1.0,0.3548387096774194,0.0,3.7037037037037033,1
2.5649493574615367,0.14285714285714285,0.0,0.0,0.5,0.0,0.0,0.0,18.0,1.0,1.0,0.0,0.0,0.0,1
6.142037405587356,0.1391465677179963,0.23060344827586207,0.0,0.10702341137123746,0.4013377926421404,0.0,4.310344827586207,40.00646551724138,1.0,0.9879518072289156,0.3177570093457944,0.0,5.818965517241379,1
6.270988431858299,0.1826625386996904,0.48674242424242425,2.083333333333333,0.23735955056179775,3.3239700374531833,0.0,0.0,40.04356060606061,0.8715328467153285,1.0,0.19844357976653695,0.0,0.1893939393939394,1
4.02535169073515,0.22535211267605634,0.2909090909090909,0.0,0.36885245901639346,8.19672131147541,0.0,0.0,27.763636363636362,1.0,1.0,0.125,0.0,0.0,1
4.290459441148391,0.05263157894736842,0.05555555555555555,0.0,0.43037974683544306,5.063291139240507,0.0,0.0,25.541666666666668,0.3333333333333333,1.0,0.0,0.0,1.3888888888888888,1
2.5649493574615367,0.14285714285714285,0.0,0.0,0.3333333333333333,0.0,0.0,0.0,28.0,1.0,1.0,0.0,0.0,0.0,1
5.556828061699537,0.15960912052117263,0.4806201550387597,13.953488372093023,0.3973902728351127,5.2194543297746145,0.0,3.488372093023256,38.201550387596896,1.0,1.0,0.33064516129032256,0.0,4.651162790697675,1
2.302585092994046,0.25,0.0,0.0,0.46153846153846156,7.6923076923076925,0.0,0.0,30.0,1.0,1.0,0.0,0.0,0.0,1
2.4849066497880004,0.21428571428571427,0.2727272727272727,0.0,0.18518518518518517,0.0,0.0,0.0,29.09090909090909,1.0,1.0,0.0,0.0,0.0,1
5.14166355650266,0.1099476439790576,0.14705882352941177,0.0,0.08210526315789474,0.0,0.0,0.0,33.94705882352941,1.0,1.0,0.08,0.0,2.941176470588235,1
5.886104031450156,0.22125813449023862,0.48467966573816157,20.891364902506965,0.2639593908629442,3.976311336717428,0.0,0.0,40.2924791086351,1.0,1.0,0.40804597701149425,0.0,8.635097493036211,1
4.110873864173311,0.15492957746478872,0.15,0.0,0.2857142857142857,6.211180124223603,0.0,0.0,27.6,0.8709677419354839,1.0,0.1111111111111111,0.0,5.0,1
3.6375861597263857,0.05128205128205128,0.24324324324324326,0.0,0.0,0.0,0.0,0.0,43.5945945945946,1.0,1.0,0.1111111111111111,0.0,0.0,1
6.0867747269123065,0.07773109243697479,0.13439635535307518,0.0,0.37292161520190026,3.879651623119557,0.0,0.0,30.984054669703873,1.0,1.0,0.6440677966101694,0.0,4.783599088838269,1
5.605802066295998,0.03900709219858156,0.12546125461254612,0.0,0.43004115226337447,7.818930041152264,0.0,0.0,31.99630996309963,1.0,1.0,0.4411764705882353,0.0,1.4760147601476015,1
3.5263605246161616,0.15384615384615385,0.45454545454545453,9.090909090909092,0.32786885245901637,1.639344262295082,0.0,0.0,41.878787878787875,1.0,0.9642857142857143,0.2,0.0,6.0606060606060606,1
4.836281906951478,0.17763157894736842,0.704,20.0,0.4077669902912621,2.669902912621359,0.0,0.8,34.896,0.7821782178217822,1.0,0.23863636363636365,0.0,6.4,1
3.8501476017100584,0.3333333333333333,0.7391304347826086,0.0,0.2832369942196532,2.8901734104046244,0.0,0.0,36.58695652173913,1.0,0.3333333333333333,0.058823529411764705,0.0,0.0,1
3.044522437723423,0.09090909090909091,0.7,0.0,0.4,4.615384615384616,0.0,0.0,34.7,1.0,1.0,0.07142857142857142,0.0,0.0,1
3.044522437723423,0.09090909090909091,0.65,0.0,0.0,0.0,0.0,0.0,33.5,1.0,1.0,0.07692307692307693,0.0,0.0,1
5.726847747587197,0.15702479338842976,0.4803921568627451,5.555555555555555,0.1232876712328767,0.3913894324853229,0.16666666666666666,4.248366013071895,41.549019607843135,1.0,0.9859154929577465,0.02040816326530612,0.0,4.248366013071895,1
4.394449154672439,0.058823529411764705,0.125,0.0,0.39565217391304347,11.73913043478261,0.0,0.0,33.5875,1.0,1.0,0.0,0.0,6.25,1
5.19295685089021,0.2183406113537118,0.5586592178770949,16.75977653631285,0.47095761381475665,6.907378335949764,0.0,0.0,38.84357541899441,1.0,0.9885057471264368,0.31,0.0,6.70391061452514,1
5.7430031878094825,0.11898016997167139,0.3633440514469453,0.0,0.1508452535760728,0.0,0.5,0.964630225080386,27.327974276527332,1.0,0.6730769230769231,0.2831858407079646,0.0,3.215434083601286,1
3.1780538303479458,0.14814814814814814,0.043478260869565216,0.0,0.11764705882352941,2.941176470588235,0.0,0.0,21.608695652173914,1.0,1.0,0.0,0.0,0.0,1
4.174387269895637,0.21951219512195122,0.59375,18.75,0.30994152046783624,1.1695906432748537,0.0,1.5625,34.75,1.0,1.0,0.21052631578947367,0.0,6.25,1
3.091042453358316,0.27586206896551724,0.5238095238095238,14.285714285714285,0.5223880597014925,2.9850746268656714,0.0,0.0,30.0,1.0,1.0,0.36363636363636365,0.0,4.761904761904762,1
5.733341276897746,0.16304347826086957,0.36363636363636365,0.6493506493506493,0.12323232323232323,0.40404040404040403,0.1111111111111111,5.51948051948052,40.98051948051948,1.0,1.0,0.26785714285714285,0.0,12.662337662337661,1
4.343805421853684,0.06172839506172839,0.0,0.0,0.009478672985781991,0.47393364928909953,0.0,0.0,35.776315789473685,0.9701492537313433,1.0,0.0,0.0,0.0,1
6.646390514847729,0.19392033542976939,0.328998699609883,1.950585175552666,0.08830188679245284,0.3018867924528302,0.0,3.5110533159947983,43.24707412223667,0.06046511627906977,0.9972602739726028,0.20948616600790515,0.0,6.371911573472041,1
3.4011973816621555,0.06451612903225806,0.20689655172413793,0.0,0.28125,4.6875,0.0,0.0,30.655172413793103,1.0,1.0,0.16666666666666666,0.0,0.0,1
2.302585092994046,0.35714285714285715,0.0,0.0,0.37037037037037035,3.7037037037037033,0.0,0.0,35.666666666666664,1.0,1.0,0.0,0.0,11.11111111111111,1
5.10594547390058,0.0989010989010989,0.3475609756097561,9.146341463414634,0.38402061855670105,4.381443298969072,0.0,0.0,25.25609756097561,0.2727272727272727,0.7131782945736435,0.2807017543859649,1.2195121951219512,3.048780487804878,1
