tree
version=v4
num_class=1
num_tree_per_iteration=1
label_index=0
max_feature_idx=13
objective=binary sigmoid:1
feature_names=Column_0 Column_1 Column_2 Column_3 Column_4 Column_5 Column_6 Column_7 Column_8 Column_9 Column_10 Column_11 Column_12 Column_13
feature_infos=[1.9459101490553132:6.4101748819661672] [0:0.41732283464566927] [0:1] [0:44.166666666666664] [0:0.27586206896551724] [0:10.76923076923077] [0:1] [0:12.121212121212121] [19.38095238095238:72.844444444444449] [0:1] [0:1] [0:1] [0:9.0909090909090917] [0:23.880597014925371]
tree_sizes=1649 1693 1686 1687 1681 1685 1687 1689 1678 1690 1689 1683 1688 1683 1692 1685 1696 1696 1687 1694 1687 1687 1686 1693 1687 1684 1685 1692 1686 1689 1695 1691 1687 1688 1677 1677 1686 1683 1693 1677 1683 1685 1693 1680 1695 1690 1696 1691 1688 1692 1685 1692 1688 1683 1683 1684 1694 1688 1685 1694 1691 1681 1692 1696 1691 1695 1695 1682 1698 1697 1695 1696 1693 1698 1690 1703 1691 1690 1708 1706 1694 1703 1700 1707 1696 1702 1704 1702 1699 1716 1704 1707 1702 1696 1707 1700 1707 1703 1709 1703 1715 1702 1715 1711 1702 1712 1710 1710 1721 1710 1711 1727 1720 1710 1720 1720 1717 1716 1718 1714 1701 1716 1720 1715 1729 1711 1712 1717 1712 1718 1710 1716 1721 1721 1715 1715 1723 1723 1721 1719 1711 1717 1721 1716 1716 1720 1720 1722 1718 1712

Tree=0
num_leaves=15
num_cat=0
split_feature=3 11 8 10 4 2 9 13 9 10 1 4 10 7
split_gain=44.1875 40.8495 32.8359 38.3919 28.6891 15.9917 9.60156 6.33842 6.20177 8.25755 5.62544 13.032 4.09472 3.24027
threshold=2.1694214876033064 0.070197044334975381 39.511479591836739 0.97511452271883137 0.0042602843807663096 0.34384831925815534 0.50757575757575768 5.5175038051750382 0.58260869565217399 0.73007471980074734 0.18556311413454271 0.035027472527472535 0.6393893650175303 0.50890914741531146
decision_type=2 2 2 2 2 2 2 2 2 2 2 2 2 2
left_child=1 6 3 5 -4 -3 -1 -6 -2 13 -5 -12 -8 -10
right_child=8 2 4 10 7 -7 12 -9 9 -11 11 -13 -14 -15
leaf_value=0.29649567225197049 0.21424271185815952 0.41253109852181097 0.25536919205506503 0.23196964297751535 0.40452941127667741 0.28278684551966865 0.33762215244887595 0.33520294773141091 0.28901813039798763 0.35818539254732867 0.36846701259655507 0.23480595195661227 0.40531706675528678 0.21424271185815957
leaf_weight=2.4315233528614035 6.0788083821535102 6.8082653880119306 4.8630467057228115 14.102835446596147 16.291206464171413 3.6472850292921066 2.4315233528614071 4.1335896998643866 2.6746756881475431 2.4315233528614044 2.9178280234336844 4.8630467057228088 27.47621388733387 3.1609803587198257
leaf_count=10 25 28 20 58 67 15 10 17 11 10 12 20 113 13
internal_value=0.334075 0.34707 0.321831 0.288456 0.364513 0.367271 0.392045 0.390499 0.252581 0.280771 0.2508 0.284929 0.399813 0.248515
internal_weight=0 89.9664 57.6271 32.3393 25.2878 10.4556 32.3393 20.4248 14.346 8.26718 21.8837 7.78087 29.9077 5.83566
internal_count=429 370 237 133 104 43 133 84 59 34 90 32 123 24
is_linear=0
shrinkage=1


Tree=1
num_leaves=15
num_cat=0
split_feature=3 11 4 13 9 1 7 4 4 4 7 1 13 2
split_gain=39.9389 34.38 27.6956 27.8368 9.06762 9.03147 8.5375 9.84252 6.91862 6.08349 6.79434 5.67877 4.98921 3.98994
threshold=1.0050505050505054 0.070197044334975381 0.0042602843807663096 4.7065337763012192 0.52554112554112564 0.10939369764658956 1.0000000180025095e-35 0.072086442875666346 0.087097495527728094 0.01993377483443709 0.66228070175438603 0.15967032967032971 7.707942464040026 0.35781671159029654
decision_type=2 2 2 2 2 2 2 2 2 2 2 2 2 2
left_child=1 4 5 9 -1 -3 7 -2 11 10 -4 -5 -13 -8
right_child=6 2 3 8 -6 -7 13 -9 -10 -11 -12 12 -14 -15
leaf_value=-0.036092537917039529 0.025883574189183252 -0.10732664260939087 0.048454636724612775 -0.075275977582304338 0.06429981641333378 -0.019499150036811672 -0.049898971640888683 -0.096841486268051752 -0.10132920987650212 0.055667035437793604 -0.043835187326932201 -0.044154907422832269 0.037490068818537579 -0.11308331133348511
leaf_weight=2.4412735104560879 4.1375717818737057 7.8840528577566129 4.1103468537330654 3.6759426295757276 28.590863138437271 4.6555610448122025 3.6564707159996015 2.6997149288654327 3.9386552572250357 19.058601140975952 3.8736669421195984 3.421060711145401 4.1302102655172348 7.8898806273937225
leaf_count=10 17 32 17 15 119 19 15 11 16 79 16 14 17 32
internal_value=0 0.0143576 -0.00947386 0.00990968 0.056402 -0.0747191 -0.0668539 -0.0225746 -0.0443117 0.0403178 0.00367765 -0.0243092 0.000501273 -0.0930742
internal_weight=0 85.7802 54.7481 42.2085 31.0321 12.5396 18.3836 6.83729 15.1659 27.0426 7.98401 11.2272 7.55127 11.5464
internal_count=429 354 225 174 129 51 75 28 62 112 33 46 31 47
is_linear=0
shrinkage=0.05


Tree=2
num_leaves=15
num_cat=0
split_feature=3 11 8 10 4 2 9 9 10 1 4 10 0 13
split_gain=35.891 31.439 29.127 29.5509 26.2598 13.7307 8.33132 7.22913 9.68469 5.56388 10.9201 4.00668 3.37278 3.05811
threshold=1.0050505050505054 0.070197044334975381 39.511479591836739 0.97511452271883137 0.0042602843807663096 0.37954248366013077 0.52554112554112564 0.70106382978723414 0.73007471980074734 0.17214439655172417 0.035027472527472535 0.6393893650175303 3.7726948748059121 5.5175038051750382
decision_type=2 2 2 2 2 2 2 2 2 2 2 2 2 2
left_child=1 6 3 5 -4 -3 -1 -2 12 -5 -11 -8 -9 -6
right_child=7 2 4 9 13 -7 11 8 -10 10 -12 -13 -14 -15
leaf_value=-0.034105988977668006 -0.097263234627939121 0.073896317904655423 -0.069990542087113722 -0.094624285969742511 0.069178481601377309 -0.05309546875275345 0.00017709450649157886 -0.030569366715399306 0.024455553195650733 0.026842222831947146 -0.089543669016552307 0.067696781754604141 -0.10696322062985836 0.018265792491131933
leaf_weight=2.4539534747600582 8.4284066110849398 6.408861920237543 4.9539806246757534 12.87774631381035 15.249811559915544 3.1870338469743729 2.4016940593719509 2.4684711396694166 4.1174186319112778 3.3960105627775174 4.9576314091682434 25.801118433475494 3.4840370416641235 3.6566925197839728
leaf_count=10 34 27 20 52 64 13 10 10 17 14 20 109 14 15
internal_value=0 0.0137263 -0.0089951 -0.0410981 0.0324813 0.0317192 0.0542583 -0.0630978 -0.0345017 -0.0740091 -0.0422292 0.0619469 -0.0752831 0.0593315
internal_weight=0 85.3445 54.6878 30.8273 23.8605 9.5959 30.6568 18.4983 10.0699 21.2314 8.35364 28.2028 5.95251 18.9065
internal_count=429 354 225 126 99 40 129 75 41 86 34 119 24 79
is_linear=0
shrinkage=0.05


Tree=3
num_leaves=15
num_cat=0
split_feature=3 11 8 4 9 7 4 13 4 0 8 2 13 2
split_gain=32.3718 28.7902 26.3729 20.6238 7.67023 7.22587 8.373 6.89978 21.3062 8.89227 6.41314 5.22839 4.02674 3.24521
threshold=1.0050505050505054 0.070197044334975381 39.877990430622013 0.0042602843807663096 0.52554112554112564 1.0000000180025095e-35 0.072086442875666346 2.6088929219600732 0.012086155592559671 4.1190041246092024 36.504545454545458 0.1068710359408034 5.5175038051750382 0.35781671159029654
decision_type=2 2 2 2 2 2 2 2 2 2 2 2 2 2
left_child=1 4 7 -4 -1 6 -2 8 -3 -10 11 -9 -5 -7
right_child=5 2 3 12 -6 13 -8 10 9 -11 -12 -13 -14 -15
leaf_value=-0.03225765210655672 0.02587010525235249 -0.077750088139485585 -0.061902402473356724 0.069630925715277972 0.059780055290188275 -0.044915374394631669 -0.086875721187839233 -0.01369802402817639 0.081468867583476504 -0.016437148639547625 -0.0049523830971609194 -0.095963664935226289 0.0073021132786039132 -0.10161065195706756
leaf_weight=2.464548513293269 4.1307615637779262 7.470362231135371 4.4811696857214001 14.301801890134813 27.775707617402077 3.689408674836157 2.7383695691823959 2.4279164075851432 4.9506909251213056 4.3630906194448471 3.8602416664361945 9.4442132264375669 3.1646902114152899 7.9903358817100525
leaf_count=10 17 30 18 61 119 15 11 10 21 18 16 38 13 32
internal_value=0 0.0131588 -0.00856206 0.0337877 0.0522791 -0.0597691 -0.0190759 -0.0371469 -0.014848 0.0356043 -0.0609365 -0.0791399 0.0583378 -0.0837017
internal_weight=0 84.7044 54.4642 21.9477 30.2403 18.5489 6.86913 32.5165 16.7841 9.31378 15.7324 11.8721 17.4665 11.6797
internal_count=429 354 225 92 129 75 28 133 69 39 64 48 74 47
is_linear=0
shrinkage=0.05


Tree=4
num_leaves=15
num_cat=0
split_feature=3 4 13 1 8 2 0 10 7 4 8 13 9 8
split_gain=29.2796 18.7558 27.7382 11.0035 10.2478 9.67342 9.18889 8.89432 6.49912 7.54272 5.1398 10.9575 11.6523 3.33107
threshold=1.0050505050505054 0.0042602843807663096 5.4446640316205537 0.10939369764658956 39.283787661406031 0.098611111111111135 3.9981586158983733 0.43795062935353785 1.0000000180025095e-35 0.072086442875666346 39.592704402515729 1.5127251930225911 0.87210884353741502 33.317883895131096
decision_type=2 2 2 2 2 2 2 2 2 2 2 2 2 2
left_child=1 3 7 -1 5 -4 -5 -3 9 -2 11 -9 -13 -14
right_child=8 2 4 6 -6 -7 -8 10 -10 -11 -12 12 13 -15
leaf_value=-0.07038050345155826 0.024685004280133985 -0.029268017134508009 0.017005098809533908 0.032335552338068695 0.027644686540575003 -0.078232657026707786 -0.079887225283789581 0.079066963856526298 -0.07946454737887812 -0.082346728199844066 0.071005052201194352 -0.081146296405522442 0.0024763450827366053 0.060507033887526443
leaf_weight=9.1686032712459582 4.1130791306495693 3.5570262670516959 3.7634333670139339 7.6106225699186307 6.2230607271194449 9.1455452740192396 2.3990592956542969 8.7874256670475024 11.687216416001318 2.7443262040615082 20.498052194714546 2.9222712963819495 4.7834438085556013 5.1196009814739227
leaf_count=37 17 15 16 32 26 37 10 38 47 11 89 12 20 22
internal_value=0 0.0126264 0.0254814 -0.0308084 -0.02506 -0.0504674 0.00543868 0.0466552 -0.0567914 -0.018149 0.0530683 0.0360565 0.00658743 0.0324766
internal_weight=0 83.9781 64.7999 19.1783 19.132 12.909 10.0097 45.6678 18.5446 6.85741 42.1108 21.6127 12.8253 9.90304
internal_count=429 354 275 79 79 53 42 196 75 28 181 92 54 42
is_linear=0
shrinkage=0.05


Tree=5
num_leaves=15
num_cat=0
split_feature=3 8 4 2 10 2 9 8 13 9 13 9 10 2
split_gain=26.573 15.6307 16.4086 14.2485 14.684 16.0009 10.0153 5.83599 6.55869 7.55812 5.30364 4.50332 5.57919 4.29441
threshold=2.1694214876033064 39.877990430622013 0.0042602843807663096 0.067424242424242428 0.96133009527367841 0.5761327713382508 0.40817242927705438 32.487406398910828 1.8433571185864766 0.88832733314871237 2.7681992337164756 0.58260869565217399 0.73007471980074734 0.24929378531073451
decision_type=2 2 2 2 2 2 2 2 2 2 2 2 2 2
left_child=1 3 -3 -1 5 -5 -4 10 -9 -10 -6 -2 -13 -11
right_child=11 2 6 4 7 -7 -8 8 9 13 -12 12 -14 -15
leaf_value=0.046218263804999722 -0.094643404028108516 -0.03709205940029324 -0.034693698675012256 0.052383814500834736 -0.025682014094016582 -0.079393336240204587 0.063667359341791296 -0.06799727779067638 -0.046638100287496764 0.067531416953020229 -0.089474276243153295 -0.064529321384960703 0.02542891380402151 -0.016326933876809318
leaf_weight=10.384976997971533 6.2114660590887061 6.1080872714519492 2.888623088598254 10.659281224012373 5.5414153933525103 2.9386712610721579 24.862929239869118 4.7020113170146933 4.6205679625272733 4.1665792614221573 7.9077248871326447 5.9467580467462522 2.426996722817421 2.4096036404371262
leaf_count=45 25 25 12 46 23 12 109 19 19 18 32 24 10 10
internal_value=0 0.0105307 0.0370996 -0.00633778 -0.0190467 0.0239053 0.0534291 -0.0389478 -0.0184407 0.00237025 -0.0631901 -0.062385 -0.0384564 0.0368046
internal_weight=0 87.1905 33.8596 53.3308 42.9459 13.598 27.7516 29.3479 15.8988 11.1968 13.4491 14.5852 8.37375 6.57618
internal_count=429 370 146 224 179 58 121 121 66 47 55 59 34 28
is_linear=0
shrinkage=0.05


Tree=6
num_leaves=15
num_cat=0
split_feature=3 11 8 10 4 7 9 9 10 1 4 10 0 13
split_gain=24.4987 24.3075 20.6635 21.1534 18.935 14.9901 8.12226 5.72507 7.16253 4.58516 8.4054 3.5143 2.75571 2.55436
threshold=1.0050505050505054 0.070197044334975381 39.511479591836739 0.97511452271883137 0.0042602843807663096 0.68434609530499946 0.50757575757575768 0.70106382978723414 0.73007471980074734 0.17214439655172417 0.035027472527472535 0.6393893650175303 3.7726948748059121 5.5175038051750382
decision_type=2 2 2 2 2 2 2 2 2 2 2 2 2 2
left_child=1 6 3 5 -4 -3 -1 -2 12 -5 -11 -8 -9 -6
right_child=7 2 4 9 13 -7 11 8 -10 10 -12 -13 -14 -15
leaf_value=-0.043431592904593738 -0.082542396163715476 0.076474863027726867 -0.058485599316156767 -0.081405649893201149 0.061214472481485052 -0.055684625319542415 -0.0021881344513021319 -0.021387127939070067 0.024285550843766053 0.026916060258655734 -0.075323899639432548 0.061544547516227288 -0.090507136392865173 0.014061225470915241
leaf_weight=2.2255940288305309 8.3866403102874774 5.8378684520721453 4.9898261278867748 12.917026951909067 14.235872134566309 3.3923970460891724 2.371289640665057 2.4736782908439618 4.0965722352266312 3.3827715963125211 4.9547405242919922 24.623129725456238 3.4575347304344177 3.5979871153831473
leaf_count=9 34 26 20 52 64 14 10 10 17 14 20 110 14 15
internal_value=0 0.0117249 -0.00836512 -0.0353006 0.0276117 0.0279023 0.0483768 -0.0520571 -0.0265611 -0.0627479 -0.0338422 0.055946 -0.0616799 0.0517013
internal_weight=0 82.5285 53.3085 30.4848 22.8237 9.23027 29.22 18.4144 10.0278 21.2545 8.33751 26.9944 5.93121 17.8339
internal_count=429 354 225 126 99 40 129 75 41 86 34 120 24 79
is_linear=0
shrinkage=0.05


Tree=7
num_leaves=15
num_cat=0
split_feature=3 11 10 6 7 1 1 9 4 7 4 4 10 0
split_gain=22.2984 22.3352 16.7143 14.5766 13.0046 9.89529 8.71537 7.48187 5.6964 5.47435 6.32999 5.15699 3.29905 2.874
threshold=1.0050505050505054 0.070197044334975381 0.97511452271883137 0.22500000000000003 0.5698421975452953 0.15069985168705971 0.15967032967032971 0.50757575757575768 0.022783388673277474 1.0000000180025095e-35 0.072086442875666346 0.045683741973146529 0.6393893650175303 3.8709839499103427
decision_type=2 2 2 2 2 2 2 2 2 2 2 2 2 2
left_child=1 7 4 6 -3 8 -4 -1 -6 10 -2 -8 -9 -13
right_child=9 2 3 -5 5 -7 11 12 -10 -11 -12 13 -14 -15
leaf_value=-0.041103333705020062 0.025013986922760606 0.074602221702167681 -0.06593259055281693 0.056150646946067653 -0.021347945110630137 -0.082424785831333891 0.0191122743075605 -0.0020777062944262754 0.07466378519892751 -0.070818133532245447 -0.073537167122941741 -0.068485446473923073 0.059715324327713537 -0.0049927392452173008
leaf_weight=2.2338504195213345 4.0925950407981899 8.7779015004634875 16.103146508336071 4.4483098387718192 3.0973063856363279 3.1432778388261795 6.8274536877870542 2.3724259287118938 3.0822107195854187 11.49645349383354 2.7071594148874283 4.1735340356826782 24.12132354080677 3.1107044965028763
leaf_count=9 17 40 66 20 13 13 29 10 14 47 11 17 110 13
internal_value=0 0.0112972 -0.00801762 -0.0283533 0.0309256 -0.0101982 -0.0407942 0.0467726 0.0265406 -0.0497842 -0.0142218 -0.0121083 0.054182 -0.0413711
internal_weight=0 81.4914 52.7638 34.6631 18.1007 9.32279 30.2148 28.7276 6.17952 18.2962 6.79975 14.1117 26.4937 7.28424
internal_count=429 354 225 145 80 40 125 129 27 75 28 59 120 30
is_linear=0
shrinkage=0.05


Tree=8
num_leaves=15
num_cat=0
split_feature=3 11 8 10 4 7 9 9 8 4 13 4 0 0
split_gain=20.3083 22.3739 18.0027 16.9394 15.3059 11.9637 5.91879 5.30269 6.20705 6.84407 3.57216 4.29681 3.35251 3.98173
threshold=1.3832228454869966 0.070197044334975381 39.511479591836739 0.97511452271883137 0.0042602843807663096 0.68434609530499946 0.87210884353741502 0.58260869565217399 34.566983578219542 0.025526978328479045 5.0953459831964514 0.015964989127697376 4.166635176627655 3.6242520361853052
decision_type=2 2 2 2 2 2 2 2 2 2 2 2 2 2
left_child=1 6 3 5 -4 -3 10 -2 -9 -10 11 -1 13 -5
right_child=7 2 4 12 -6 -7 -8 8 9 -11 -12 -13 -14 -15
leaf_value=-0.022382446620833885 -0.085632634880615233 0.066157738831687504 -0.053320957015913863 -0.056041368144985983 0.045805756371395751 -0.05203888053390298 0.060784180300475971 -0.071931884591343448 -0.041563227424758306 0.070480559800244758 -0.041123675379234337 0.063059260192244476 -0.083798982915112161 0.014959589304394425
leaf_weight=2.3549115657806414 6.520950615406039 5.8118543177843112 4.9612835645675686 10.715900108218195 18.105331644415855 3.3894724547863007 20.053254410624504 4.3992050439119321 3.1037182509899139 2.4300754070281982 2.3625946044921875 3.9222422093153 8.1373416185379011 2.420679807662963
leaf_count=10 27 27 20 44 82 14 93 18 13 10 10 18 33 10
internal_value=0 0.0102519 -0.00884018 -0.034064 0.0244851 0.0226179 0.0458783 -0.0506004 -0.027602 0.00763898 0.0112812 0.0310053 -0.0585798 -0.042958
internal_weight=0 82.2349 53.5419 30.4752 23.0666 9.20133 28.693 16.4539 9.933 5.53379 8.63975 6.27715 21.2739 13.1366
internal_count=429 361 230 128 102 41 131 68 41 23 38 28 87 54
is_linear=0
shrinkage=0.05


Tree=9
num_leaves=15
num_cat=0
split_feature=3 11 8 10 4 7 1 1 4 7 4 9 2 7
split_gain=18.7345 18.8205 16.6671 15.5297 12.7788 11.8636 6.59405 5.40631 8.31673 4.91037 5.57629 4.30768 2.64455 2.10177
threshold=1.0050505050505054 0.070197044334975381 39.877990430622013 0.97511452271883137 0.0042602843807663096 0.66228070175438603 0.217967175352721 0.18556311413454271 0.035027472527472535 1.0000000180025095e-35 0.072086442875666346 0.80388805810724218 0.35781671159029654 0.372758135866397
decision_type=2 2 2 2 2 2 2 2 2 2 2 2 2 2
left_child=1 6 3 5 -4 -3 11 -5 -9 10 -2 13 -11 -1
right_child=9 2 4 7 -6 -7 -8 8 -10 12 -12 -13 -14 -15
leaf_value=0.043201075115255561 0.024602293396877167 0.071674111691059098 -0.046989822089176514 -0.071650193931499614 0.048819950433267652 -0.041339262391235893 -0.01996078070716303 0.047959203538941321 -0.059497776923154944 -0.031234349207793985 -0.068536445512191152 0.064160957445419456 -0.082935063713009058 -0.020510836519866307
leaf_weight=2.7083775550127092 4.0732061862945583 5.4246487170457858 4.4514263719320324 14.163565978407862 15.951979562640188 4.0603412091732025 3.5375280231237403 2.8626401126384726 4.8535486459732056 3.6651847213506681 2.6542205363512039 18.986549213528633 7.6068554222583771 2.4795107245445251
leaf_count=12 17 26 18 58 74 17 16 12 20 15 11 90 32 11
internal_value=0 0.0105433 -0.00725831 -0.0301406 0.0279171 0.0232953 0.0437981 -0.0533053 -0.0196322 -0.0459489 -0.0121444 0.0531282 -0.0661242 0.0127505
internal_weight=0 79.4801 51.7682 31.3647 20.4034 9.48499 27.712 21.8798 7.71619 17.9995 6.72743 24.1744 11.272 5.18789
internal_count=429 354 225 133 92 43 129 90 32 75 28 113 47 23
is_linear=0
shrinkage=0.05


Tree=10
num_leaves=15
num_cat=0
split_feature=3 11 8 10 7 9 13 9 13 7 10 2 1 13
split_gain=17.1271 17.3088 15.3718 14.7112 11.3879 6.42214 6.3382 7.74347 4.94647 5.98878 3.6312 3.47542 3.47272 5.56337
threshold=1.0050505050505054 0.070197044334975381 39.511479591836739 0.97511452271883137 0.68434609530499946 0.50757575757575768 1.7204380642296879 0.96261355695317963 5.9411764705882364 1.0000000180025095e-35 0.61781343800507982 0.39009661835748799 0.17214439655172417 6.960594315245479
decision_type=2 2 2 2 2 2 2 2 2 2 2 2 2 2
left_child=1 5 3 4 -3 -1 7 -4 9 -2 -7 -11 -5 -14
right_child=8 2 6 12 -6 10 -8 -9 -10 11 -12 -13 13 -15
leaf_value=-0.038827128749385903 0.019865809352285421 0.070189442663328008 0.043252706528289581 -0.069970198480984569 -0.047149013090792807 -0.013022632595032294 0.048407670214883937 -0.048013000263243302 -0.080463544241293358 -0.008756681924387567 0.055434957381546628 -0.080814987230433247 0.02425368950538713 -0.060636427052112342
leaf_weight=2.2349426001310375 4.5383683145046252 5.2664339840412158 4.2952554225921649 12.545683190226557 3.404500812292099 2.1162680834531811 12.36513604223728 5.0644857734441757 6.1426464468240729 2.6872486621141434 22.877339690923691 4.4348737299442291 3.1313212811946851 5.0308728814125061
leaf_count=9 19 26 20 52 14 9 57 22 26 11 111 19 13 21
internal_value=0 0.0101778 -0.00697827 -0.0305595 0.0241184 0.0423772 0.024911 -0.00613048 -0.0441516 -0.0250227 0.0496385 -0.0536267 -0.0534546 -0.0280694
internal_weight=0 78.3322 51.1037 29.3788 8.67093 27.2286 21.7249 9.35974 17.8031 11.6605 24.9936 7.12212 20.7079 8.16219
internal_count=429 354 225 126 40 129 99 42 75 49 120 30 86 34
is_linear=0
shrinkage=0.05


Tree=11
num_leaves=15
num_cat=0
split_feature=3 11 8 10 7 1 13 2 9 8 2 9 1 13
split_gain=15.6537 15.9505 14.0552 13.4277 10.5466 6.15416 5.8381 7.21355 4.72547 5.85842 5.62524 4.01902 3.27946 7.30504
threshold=1.0050505050505054 0.070197044334975381 39.511479591836739 0.97511452271883137 0.68434609530499946 0.217967175352721 1.7204380642296879 0.31145484949832786 0.70106382978723414 34.566983578219542 0.55086206896551737 0.80388805810724218 0.12448347107438018 2.7681992337164756
decision_type=2 2 2 2 2 2 2 2 2 2 2 2 2 2
left_child=1 5 3 4 -3 11 7 -4 -2 -10 -11 -1 -5 -14
right_child=8 2 6 12 -6 -7 -8 -9 9 10 -12 -13 13 -15
leaf_value=0.011228493725487553 -0.071128142620092413 0.068833799882988808 -0.046157076474180277 -0.081913746788921479 -0.044758873663432258 -0.020693605853550401 0.046756888001159999 0.042197281862943775 -0.064997101781086447 0.055242406252955324 -0.046054903790633067 0.061458724186090843 0.025688485698590731 -0.058159231747211042
leaf_weight=5.1059833765029969 7.9001295715570476 5.1057208627462405 5.0632665902376193 6.1417583972215679 3.4069084525108337 3.5032566338777533 12.166708990931509 4.2484785318374634 4.0482800453901273 3.3463905155658722 2.3211518526077271 18.094757899641991 3.4063901752233496 10.941182062029837
leaf_count=23 34 26 22 26 14 16 57 20 17 14 10 90 14 46
internal_value=0 0.00982583 -0.00670591 -0.0294105 0.023372 0.0410769 0.0239517 -0.00584545 -0.0424096 -0.019058 0.0137559 0.0504041 -0.0513399 -0.0382522
internal_weight=0 77.1844 50.4804 29.002 8.51263 26.704 21.4785 9.31175 17.616 9.71582 5.66754 23.2007 20.4893 14.3476
internal_count=429 354 225 126 40 129 99 42 75 41 24 113 86 60
is_linear=0
shrinkage=0.05


Tree=12
num_leaves=15
num_cat=0
split_feature=3 4 13 10 8 9 1 9 13 2 13 7 8 0
split_gain=14.3312 10.7916 18.1859 6.75668 5.88723 6.80553 5.69508 7.69832 4.62511 4.51583 4.44881 5.49733 3.50631 7.34129
threshold=1.0050505050505054 0.0042602843807663096 5.4446640316205537 0.43795062935353785 36.504545454545458 0.70106382978723414 0.10939369764658956 0.94669999495026025 0.27110298355593193 0.074565637065637083 5.9411764705882364 1.0000000180025095e-35 39.592704402515729 4.6001450180613412
decision_type=2 2 2 2 2 2 2 2 2 2 2 2 2 2
left_child=1 6 3 -3 9 -6 -1 -8 -9 -4 11 -2 13 -5
right_child=10 2 4 12 5 -7 7 8 -10 -11 -12 -13 -14 -15
leaf_value=-0.053862024099985542 0.020407595863786519 -0.028409430334895777 0.010095688321382759 0.056487194555629318 -0.053890305010049468 0.045296877854731382 -0.075106555839309405 0.059202517560649606 -0.025048265895386848 -0.066557363672060874 -0.075873532121309387 -0.050534397423438238 0.060902254015881688 -0.0061881628580189212
leaf_weight=8.5626389831304568 4.5067388862371462 3.4426432847976676 2.5751087814569491 11.063259288668634 2.6432215869426718 5.002129539847374 2.3903271257877332 4.5021055936813354 2.5525541305541992 7.5688735842704773 5.954381436109542 6.9296575337648392 17.669819205999374 8.0877386629581434
leaf_count=37 19 15 12 55 11 23 10 21 11 33 26 30 89 37
internal_value=0 0.00948524 0.0199746 0.0385762 -0.0221273 0.011005 -0.0243303 0.00244253 0.0287185 -0.0470985 -0.0408259 -0.0225783 0.0448392 0.0300185
internal_weight=0 76.0604 58.0528 40.2635 17.7893 7.64535 18.0076 9.44499 7.05466 10.144 17.3908 11.4364 36.8208 19.151
internal_count=429 354 275 196 79 34 79 42 32 45 75 49 181 92
is_linear=0
shrinkage=0.05


Tree=13
num_leaves=15
num_cat=0
split_feature=9 8 4 2 13 2 13 7 9 0 4 4 13 8
split_gain=13.3007 10.5326 12.1215 10.3211 11.8358 9.9939 6.54775 8.42624 6.01447 5.55121 5.05878 4.85627 6.4252 4.19558
threshold=0.25298289528577395 34.689189189189193 0.0042602843807663096 0.79285714285714304 5.4446640316205537 0.067424242424242428 2.6088929219600732 0.25306961147669121 0.70106382978723414 3.0201273556387074 0.011403101495032037 0.01690194491394292 1.5127251930225911 30.818158740903709
decision_type=2 2 2 2 2 2 2 2 2 2 2 2 2 2
left_child=-1 5 9 4 11 -2 7 10 -6 -3 13 12 -4 -7
right_child=1 2 3 -5 8 6 -8 -9 -10 -11 -12 -13 -14 -15
leaf_value=-0.076629906241755641 0.039433929352125439 0.038843750912956145 0.061395266854875487 -0.073246794323442263 -0.056265125804153465 0.024599766995515481 -0.055828577132623569 -0.084820489014377276 0.020745289624233904 -0.050456915017446639 0.044744314441197669 0.063006045287402376 -0.035815833983582034 -0.060297706979209692
leaf_weight=5.3186126351356497 6.3732857108116141 2.2366077452898008 3.5620012432336834 2.2799508124589911 4.1448639631271345 2.7049883455038088 12.993986383080481 2.8009916096925727 6.5291149467229843 7.8421950042247772 5.8226297795772552 23.25396703183651 3.2513164728879929 3.1498754620552063
leaf_count=23 31 10 17 10 18 12 57 12 30 34 29 117 15 14
internal_value=0 0.00482201 0.0187157 0.0302785 0.036072 -0.0169756 -0.0300619 -0.0069372 -0.00915899 -0.03064 0.0117441 0.0521291 0.0150061 -0.0210745
internal_weight=0 86.9458 53.1 43.0212 40.7413 33.8458 27.4725 14.4785 10.674 10.0788 11.6775 30.0673 6.81332 5.85486
internal_count=429 406 251 207 197 155 124 67 48 44 55 149 32 26
is_linear=0
shrinkage=0.05


Tree=14
num_leaves=15
num_cat=0
split_feature=11 8 9 4 2 13 1 4 8 10 2 9 11 1
split_gain=13.1139 11.5683 13.139 11.2992 9.42882 8.14456 6.5697 6.18603 7.58515 5.57644 12.2698 4.61102 2.93438 2.61376
threshold=1.0000000180025095e-35 34.301515151515154 0.25298289528577395 0.0036021840064327034 0.79285714285714304 5.4446640316205537 0.217967175352721 0.017370537958773257 42.746450288841594 0.99482210466604237 0.29141727837380016 0.70106382978723414 0.11696306429548566 0.12448347107438018
decision_type=2 2 2 2 2 2 2 2 2 2 2 2 2 2
left_child=6 9 -3 -4 5 7 -1 8 -5 10 -2 -7 -11 -12
right_child=1 2 3 4 -6 11 -8 -9 -10 12 13 -13 -14 -15
leaf_value=0.052918743591930141 0.069572623127013747 -0.081164816431713374 -0.043056551428950755 -0.068237553127713388 -0.07037255783349898 -0.051239972820072789 -0.025338447389772256 0.060570601684775072 0.042150537955481189 -0.017755232776264198 -0.01707084336429986 0.020945774301156298 -0.068796438329463694 -0.082403066884334464
leaf_weight=14.583120107650759 3.3617123365402222 4.0639178901910773 7.5323690474033347 2.333655089139941 2.46317034959793 3.8604527413845044 3.2862068861722937 18.436110064387321 4.6709990054368973 3.7471110075712213 3.1024258732795715 5.1815606504678726 11.330582424998282 3.0222774147987366
leaf_count=75 18 18 32 10 11 17 15 94 23 17 14 23 49 13
internal_value=0 -0.00925516 0.0048936 0.0127566 0.0241356 0.0308865 0.0385271 0.0453732 0.00537389 -0.0372152 -0.00718109 -0.00987365 -0.0561117 -0.0493095
internal_weight=0 73.1063 48.5422 44.4783 36.9459 34.4828 17.8693 25.4408 7.00465 24.5641 9.48642 9.04201 15.0777 6.1247
internal_count=429 339 228 210 178 167 90 127 33 111 45 40 66 27
is_linear=0
shrinkage=0.05


Tree=15
num_leaves=15
num_cat=0
split_feature=11 8 9 10 1 10 2 6 10 13 3 7 7 9
split_gain=12.0605 10.6109 12.1264 8.06461 6.10983 5.07935 11.3415 4.49262 6.53152 5.55805 6.11773 4.59555 5.56118 3.7515
threshold=1.0000000180025095e-35 34.301515151515154 0.25298289528577395 0.21825396825396828 0.217967175352721 0.99482210466604237 0.29141727837380016 0.22500000000000003 0.96133009527367841 2.0287419399094531 1.3832228454869966 1.0000000180025095e-35 1.6954022988505748 0.95235394214407265
decision_type=2 2 2 2 2 2 2 2 2 2 2 2 2 2
left_child=4 5 -3 -4 -1 6 -2 8 11 13 -11 -5 -13 -10
right_child=1 2 3 7 -6 -7 -8 -9 9 10 -12 12 -14 -15
leaf_value=0.051524533591759847 0.068360357079327458 -0.078889038965991976 -0.062388458367294612 0.069081933546561392 -0.023905836402313616 -0.054031205005412766 -0.047385048357129124 0.05659021934069286 0.015081773946030934 0.03127640163542033 -0.053970153673863631 -0.047786829129252202 0.043602766605171137 -0.062645663551507996
leaf_weight=14.237681776285173 3.2530179172754288 3.9743595570325843 3.3364005088806143 6.3524872511625272 3.3083922117948523 14.88142728805542 6.0573981404304504 6.494864657521247 2.1709982454776791 10.08432526886463 2.6597278565168372 2.5965800285339355 4.6378212869167328 5.4478804469108582
leaf_count=75 18 18 15 33 15 66 27 34 10 47 12 12 23 24
internal_value=0 -0.008931 0.00473565 0.0123269 0.0373018 -0.0359094 -0.00694412 0.0184904 0.0112016 -0.00671259 0.0134852 0.03805 0.0108011 -0.0404972
internal_weight=0 71.9473 47.7554 43.7811 17.5461 24.1918 9.31042 40.4447 33.9498 20.3629 12.7441 13.5869 7.2344 7.61888
internal_count=429 339 228 210 90 111 45 195 161 93 59 68 35 34
is_linear=0
shrinkage=0.05


Tree=16
num_leaves=15
num_cat=0
split_feature=11 8 4 13 10 1 4 10 2 4 13 2 11 7
split_gain=11.0913 9.71977 7.59829 9.13827 9.31775 5.68563 4.64124 4.61818 10.4836 3.43697 7.07619 3.38324 2.85236 2.76511
threshold=1.0000000180025095e-35 34.301515151515154 0.0036021840064327034 5.4446640316205537 0.21825396825396828 0.217967175352721 0.017983672589354845 0.99482210466604237 0.29141727837380016 0.017370537958773257 1.5127251930225911 0.24417182603378432 0.11696306429548566 0.25306961147669121
decision_type=2 2 2 2 2 2 2 2 2 2 2 2 2 2
left_child=5 7 -3 4 -4 -1 -5 8 -2 10 -6 -8 -9 -10
right_child=1 2 3 6 9 -7 11 12 13 -11 -12 -13 -14 -15
leaf_value=0.050185297594276368 0.067241380748305143 -0.041100110081906553 -0.057150049814549492 0.038790002162630198 0.068664120441111295 -0.022568516313142706 0.0060331637783839825 -0.014217883768384513 -0.0060428477153500731 0.049279451487241818 -0.036438402242191095 -0.060843165983239959 -0.0648071991145414 -0.07470080152031025
leaf_weight=13.89550517499447 3.1445454806089401 7.6294031739234915 2.8426880538463619 2.3025300651788703 2.7423198670148876 3.3286727070808402 2.7027482986450178 3.734830617904664 2.5535796582698822 18.68429034948349 3.8494194447994232 6.2979184687137604 10.970863848924635 3.4446335732936859
leaf_count=75 18 33 13 10 14 15 12 17 11 99 18 29 49 16
internal_value=0 -0.0086066 0.00457353 0.0134128 0.0286757 0.0361252 -0.0245562 -0.0346101 -0.00670522 0.0383282 0.00728674 -0.0407613 -0.0519589 -0.0454715
internal_weight=0 70.8998 47.0513 39.4219 28.1187 17.2242 11.3032 23.8485 9.14276 25.276 6.59174 9.00067 14.7057 5.99821
internal_count=429 339 228 195 144 90 51 111 45 131 32 41 66 27
is_linear=0
shrinkage=0.05


Tree=17
num_leaves=15
num_cat=0
split_feature=9 11 10 8 1 10 2 4 9 13 7 11 11 3
split_gain=10.503 8.62555 11.5084 10.0436 7.09565 7.09455 8.2664 6.9954 6.46818 3.09634 3.05366 3.02932 2.57932 2.55844
threshold=0.25298289528577395 0.077193932827735665 0.44722222222222224 37.25396825396826 0.20722186076772939 0.99482210466604237 0.34384831925815534 0.0042602843807663096 0.97142273933455814 6.0915275200989489 0.50890914741531146 0.11696306429548566 0.093073593073593086 0.50890914741531146
decision_type=2 2 2 2 2 2 2 2 2 2 2 2 2 2
left_child=-1 2 -2 5 9 6 -3 -5 -6 -4 -8 -7 -9 -14
right_child=1 3 4 7 8 11 10 12 -10 -11 -12 -13 13 -15
leaf_value=-0.070339337740373264 -0.063466651218066508 0.052955458001454341 0.054438255214355406 -0.034943922384580099 -0.081902221897437427 -0.0034661225450938506 0.00017189813006311685 -0.024616724694468694 0.035297868131214272 0.005160401356568551 -0.07500187847170646 -0.061910292174799632 0.044684966250526731 -0.0024993430779148701
leaf_weight=4.9827471673488608 3.297265067696574 4.4545835554599762 19.720021799206741 5.6281286329031017 2.2548543065786353 2.6830703020095834 2.5921237617731094 2.0494644790887859 2.4633289277553558 3.8024259954690924 2.8212285339832306 12.769169896841047 13.597643226385118 3.6424844264984122
leaf_count=23 15 25 108 24 10 12 12 10 12 19 13 58 71 17
internal_value=0 0.0044321 0.0249272 -0.00843415 0.0352477 -0.030612 0.00250738 0.0141019 -0.0207129 0.0464724 -0.0390057 -0.0517623 0.028412 0.0347159
internal_weight=0 81.7758 31.5379 50.2379 28.2406 25.3202 9.86794 24.9177 4.71818 23.5224 5.41335 15.4522 19.2896 17.2401
internal_count=429 406 164 242 149 120 50 122 22 127 25 70 98 88
is_linear=0
shrinkage=0.05


Tree=18
num_leaves=15
num_cat=0
split_feature=3 11 8 10 7 11 9 9 1 9 9 8 2 10
split_gain=9.96024 10.3828 9.11573 8.87914 6.62055 4.93465 5.66173 4.84299 5.76455 4.03251 3.60326 4.18137 3.86848 2.70093
threshold=1.0050505050505054 0.070197044334975381 37.25396825396826 0.99482210466604237 0.68434609530499946 0.16904761904761909 0.96261355695317963 0.87210884353741502 0.173494983277592 0.80388805810724218 0.70106382978723414 34.566983578219542 0.52647647647647655 0.99875311720698268
decision_type=2 2 2 2 2 2 2 2 2 2 2 2 2 2
left_child=1 7 3 4 -3 6 9 8 -1 -4 -2 -12 -13 -8
right_child=10 2 5 -5 -6 -7 13 -9 -10 -11 11 12 -14 -15
leaf_value=0.030177258642328772 -0.062402987795946885 0.06309189349276606 -0.010411539270393708 -0.048651192971281121 -0.03871526485987975 0.04188884248825387 -0.00050294680330252876 0.050538744451376384 -0.065670291632432445 0.065718049878400422 -0.054793075822271345 0.059290185924529441 -0.026686221876798855 -0.069731581794357886
leaf_weight=5.3574472963809994 6.9815311580896369 3.8183499872684488 3.649078309535982 15.836348593235016 2.7448366582393646 10.411972522735594 2.4098763167858124 16.209609985351562 2.2182331532239914 3.3238410651683807 3.7583319097757322 2.5005281716585159 2.7441667318344116 3.3919942826032639
leaf_count=27 34 24 17 73 12 53 12 92 10 19 17 11 13 15
internal_value=0 0.00833547 -0.00563698 -0.0283853 0.0205144 0.016339 -0.00448519 0.0351147 0.00211216 0.0258778 -0.0354451 -0.0145401 0.014305 -0.0409766
internal_weight=0 69.3716 45.5863 22.3995 6.56319 23.1868 12.7748 23.7853 7.57568 6.97292 15.9846 9.00303 5.24469 5.80187
internal_count=429 354 225 109 36 116 63 129 37 36 75 41 24 27
is_linear=0
shrinkage=0.05


Tree=19
num_leaves=15
num_cat=0
split_feature=9 11 10 8 1 10 2 4 9 9 2 13 11 7
split_gain=9.30456 7.35684 10.2861 8.44786 6.35126 6.03548 7.20566 5.96518 5.47131 5.3989 4.77075 2.97209 2.91569 2.85247
threshold=0.25298289528577395 0.077193932827735665 0.44722222222222224 37.25396825396826 0.20722186076772939 0.99482210466604237 0.34384831925815534 0.020287419399094529 0.97142273933455814 0.70106382978723414 0.28297101449275369 6.0915275200989489 0.11696306429548566 0.50890914741531146
decision_type=2 2 2 2 2 2 2 2 2 2 2 2 2 2
left_child=-1 2 -2 5 11 6 -3 10 -6 -9 -5 -4 -7 -8
right_child=1 3 4 7 8 12 13 9 -10 -11 -12 -13 -14 -15
leaf_value=-0.067451354436601774 -0.060806623940521359 0.051157166543018544 0.05256988693425986 -0.042483386794512218 -0.076439822902420851 -0.00087576228501138427 0.0014106458634534961 -0.034670193368597883 0.032696097230036324 0.052825423229946669 0.020662990368952371 0.0036670856275348614 -0.058570431062769816 -0.072310564837256869
leaf_weight=4.8004486709833136 3.2296388298273113 4.2386504560709 18.833422258496292 6.1940005421638507 2.2193559408187857 2.6637253463268289 2.5531870126724243 2.1342305690050116 2.3798789978027344 10.138388991355894 5.7843682318925858 3.7207655757665625 12.308711126446722 2.6993878483772278
leaf_count=23 15 25 108 28 10 12 12 11 12 56 27 19 58 13
internal_value=0 0.00424075 0.0235492 -0.00780184 0.0335825 -0.0285327 0.0026598 0.0131108 -0.0199673 0.0376098 -0.0119899 0.0445024 -0.0483061 -0.0364759
internal_weight=0 79.0977 30.3831 48.7147 27.1534 24.4637 9.49123 24.251 4.59923 12.2726 11.9784 22.5542 14.9724 5.25257
internal_count=429 406 164 242 149 120 50 122 22 67 55 127 70 25
is_linear=0
shrinkage=0.05


Tree=20
num_leaves=15
num_cat=0
split_feature=3 11 8 10 7 4 9 1 2 13 1 13 4 11
split_gain=8.85036 8.9282 7.8109 7.60841 5.88377 5.82629 4.33411 4.96641 3.24174 2.71927 2.6925 2.52325 3.56691 3.50942
threshold=1.0050505050505054 0.070197044334975381 37.25396825396826 0.99482210466604237 0.68434609530499946 0.0042602843807663096 0.87210884353741502 0.15424266455194294 0.28524124881740781 3.2362798491830751 0.1625641800060405 5.5175038051750382 0.020287419399094529 0.13563218390804602
decision_type=2 2 2 2 2 2 2 2 2 2 2 2 2 2
left_child=1 6 3 4 -3 -4 7 -1 -2 10 -10 12 13 -7
right_child=8 2 5 -5 -6 11 -8 -9 9 -11 -12 -13 -14 -15
leaf_value=0.037926542532871921 0.017749356404880276 0.061852394614469154 -0.029512071900228965 -0.045544382778189479 -0.036111403459585606 0.047815330611006235 0.048508268157730322 -0.044455289107210916 0.0080235502907926165 -0.066893254635025476 -0.057051299654248738 -0.0026907471466783377 0.059931061028471101 -0.043447770507649371
leaf_weight=4.199820652604104 2.5348488986492148 3.5760125219821939 5.4569362401962307 15.352033212780952 2.6824665367603302 2.1757497340440777 15.410691291093826 3.2414105981588364 3.5593670010566694 6.5007268488407135 2.8721792548894882 4.420935407280921 8.4482392966747266 2.0420151501893997
leaf_count=22 12 24 24 73 12 11 92 15 17 33 13 20 51 10
internal_value=0 0.00800723 -0.00512288 -0.0266019 0.0198638 0.0154669 0.0333772 0.0020409 -0.0339537 -0.044088 -0.0210374 0.0298315 0.0411831 0.00363064
internal_weight=0 67.0063 44.1544 21.6105 6.25848 22.5439 22.8519 7.44123 15.4671 12.9323 6.43155 17.0869 12.666 4.21776
internal_count=429 354 225 109 36 116 129 37 75 63 30 92 72 21
is_linear=0
shrinkage=0.05


Tree=21
num_leaves=15
num_cat=0
split_feature=9 11 8 4 9 1 8 9 1 13 11 4 4 13
split_gain=8.38856 6.23074 9.14632 7.44877 9.043 5.11264 6.05644 7.87549 4.86252 3.73492 5.03998 3.53105 2.89401 2.0234
threshold=0.25298289528577395 1.0000000180025095e-35 34.301515151515154 0.028848821081830792 0.49917491749174919 0.19290378412398712 42.668711006857912 0.96116138763197601 0.217967175352721 2.6088929219600732 0.1991379310344828 0.018085030350677215 0.019169524742773152 7.1858864027538729
decision_type=2 2 2 2 2 2 2 2 2 2 2 2 2 2
left_child=-1 8 9 5 -5 6 11 -8 -2 10 -3 -4 -7 -6
right_child=1 2 3 4 13 12 7 -9 -10 -11 -12 -13 -14 -15
leaf_value=-0.065155288156988164 0.04762677217818765 -0.028351049434004467 -0.063398790952191184 -0.063598861603324314 0.058668062740862864 0.069707448986014761 0.054393109145600596 -0.04055618948161667 -0.021828851602554895 -0.050430178576155921 0.051610024526344611 0.0021951457455485113 -0.009154930099030829 0.0060884339493659616
leaf_weight=4.6373781561851493 11.882403403520582 7.9182856529951113 7.2756325453519874 1.9634981304407144 12.223596900701521 2.9724369645118704 4.8628193736076337 3.9642730504274368 3.1981557309627524 10.652477666735647 2.623608872294426 2.8575257658958435 1.9113757163286207 2.1518273800611487
leaf_count=23 73 38 34 10 73 13 26 19 15 54 16 15 10 10
internal_value=0 0.00410175 -0.00297336 0.0110444 0.0370502 -0.00677582 -0.0185264 0.0117511 0.0328972 -0.02955 -0.00845078 -0.0449015 0.0388431 0.0507975
internal_weight=0 76.4579 61.3774 40.183 16.3389 23.8441 18.9603 8.82709 15.0806 21.1944 10.5419 10.1332 4.88381 14.3754
internal_count=429 406 318 210 93 117 94 45 88 108 54 49 23 83
is_linear=0
shrinkage=0.05


Tree=22
num_leaves=15
num_cat=0
split_feature=9 11 10 8 1 10 2 4 9 0 11 0 7 0
split_gain=7.7637 5.85496 9.00593 6.66464 5.3849 4.94506 6.0753 4.91751 4.64126 3.22505 2.80455 4.79304 2.56774 2.06245
threshold=0.25298289528577395 0.077193932827735665 0.44722222222222224 37.25396825396826 0.20722186076772939 0.99482210466604237 0.34384831925815534 0.0042602843807663096 0.97142273933455814 5.6733173626244016 0.11696306429548566 3.2384861814448418 0.50890914741531146 3.0677824455408698
decision_type=2 2 2 2 2 2 2 2 2 2 2 2 2 2
left_child=-1 2 -2 5 9 6 -3 -5 -6 13 -7 -12 -8 -4
right_child=1 3 4 7 8 10 12 -9 -10 -11 11 -13 -14 -15
leaf_value=-0.063453218714728962 -0.05834114853699976 0.049117417532753775 0.0067324389996636204 -0.029845324913847889 -0.071220539100201 0.002527639732978231 0.0024774483563761414 0.024613477043733515 0.030851644927981144 -0.0093518166490855585 0.012757704530211156 -0.070005069609411177 -0.069122023746660904 0.055929979712955817
leaf_weight=4.5265101194381705 3.1321335583925274 3.9909782186150551 2.4562602788210013 5.4018984138965633 2.1547010242938986 2.6169797182083139 2.4869133979082108 17.81864370405674 2.3050967752933502 2.6730698496103278 2.1444537788629523 9.4952400177717191 2.5221016258001328 16.051821708679199
leaf_count=23 15 25 15 24 10 12 12 98 12 14 10 48 13 98
internal_value=0 0.00396958 0.0216953 -0.00700407 0.0314721 -0.0259232 0.003095 0.0119445 -0.0184634 0.0419862 -0.0442419 -0.0547572 -0.0335738 0.0494008
internal_weight=0 75.2503 28.7731 46.4772 25.6409 23.2567 8.99999 23.2205 4.4598 21.1812 14.2567 11.6397 5.00902 18.5081
internal_count=429 406 164 242 149 120 50 122 22 127 70 58 25 113
is_linear=0
shrinkage=0.05


Tree=23
num_leaves=15
num_cat=0
split_feature=3 11 8 10 10 10 11 11 8 1 7 0 0 1
split_gain=7.5236 7.25837 6.21205 6.32815 5.07477 4.65078 3.93586 4.73748 3.81537 3.18152 3.08093 3.15824 2.43349 2.04672
threshold=1.0050505050505054 0.070197044334975381 37.25396825396826 0.99482210466604237 0.43795062935353785 0.5357505930193156 0.16904761904761909 0.14589665653495443 46.011493037193738 0.22073677956030899 1.0000000180025095e-35 4.7833076179467886 5.6733173626244016 0.12448347107438018
decision_type=2 2 2 2 2 2 2 2 2 2 2 2 2 2
left_child=1 5 3 4 -3 -1 7 8 -4 12 11 -2 -7 -5
right_child=10 2 6 13 -6 9 -8 -9 -10 -11 -12 -13 -14 -15
leaf_value=-0.045851655370377435 0.028121970935981851 -0.070493032444414919 -0.017933564131886442 -0.069087423480631058 0.043553416049588553 0.05349909669881147 0.037916244501135163 -0.059820069426813852 0.047316819811445865 -0.0080353929600287758 -0.050719764723964639 -0.045290432337240553 -0.0086025457768429108 -0.028983021887469613
leaf_weight=1.7953245490789438 3.3307068645954123 1.2348157465457923 4.7110389620065707 4.6826924979686746 4.6434242874383926 14.861500889062887 9.6763830035924894 2.9622069150209418 4.2717291265726089 3.1310325115919104 8.8366084247827512 2.6154482811689377 1.7648009955883015 9.922832325100897
leaf_count=8 15 6 24 24 30 96 53 14 25 15 47 13 10 49
internal_value=0 0.0076005 -0.00447894 -0.0242103 0.0195962 0.0311988 0.0142143 -0.00498624 0.0130961 0.0382003 -0.0319953 -0.00416887 0.0469073 -0.0418409
internal_weight=0 63.6578 42.1051 20.4838 5.87824 21.5527 21.6214 11.945 8.98277 19.7573 14.7828 5.94616 16.6263 14.6055
internal_count=429 354 225 109 36 129 116 63 49 121 75 28 106 73
is_linear=0
shrinkage=0.05


Tree=24
num_leaves=15
num_cat=0
split_feature=9 13 4 8 3 7 4 4 7 1 1 2 2 9
split_gain=6.98793 5.40777 13.8562 6.46066 5.78201 4.88263 5.97475 4.35921 4.01364 3.63292 4.58303 3.57356 2.8585 2.61617
threshold=0.25298289528577395 5.4446640316205537 0.017370537958773257 31.710351051910873 0.43393953085583054 1.0000000180025095e-35 0.0042602843807663096 0.012086155592559671 3.4190531852717712 0.10939369764658956 0.217967175352721 0.18350168350168353 0.45094862935909247 0.93208259092338341
decision_type=2 2 2 2 2 2 2 2 2 2 2 2 2 2
left_child=-1 2 5 4 -4 6 9 -3 -7 -2 -11 13 -5 -9
right_child=1 7 3 12 -6 8 -8 11 -10 10 -12 -13 -14 -15
leaf_value=-0.061453634892252119 -0.042335220505018867 0.033345477971771197 0.030378107707646779 0.059274455809367771 -0.05909391431457859 -0.071921098424543153 0.050543842682785584 -0.048003597332486922 0.0029073620580764882 0.055359591650140642 -0.034664357921365116 -0.049339196246814931 0.010565831710080943 0.0186211584783759
leaf_weight=4.3457474857568732 6.725044742226606 3.3504173606634167 4.8380780592560795 16.943639270961288 2.8809321820735931 5.399058446288107 4.36414811015129 2.1319656372070339 2.6823398619890213 2.9365518838167191 2.7263075858354568 9.3974976539611799 3.6633057445287696 4.7703341692686081
leaf_count=23 35 16 31 111 14 26 25 10 13 17 12 49 20 27
internal_value=0 0.00381444 0.0120992 0.0360008 -0.00301514 -0.0151639 0.000234907 -0.0185981 -0.0470844 -0.0174885 0.0120188 -0.0292751 0.0506155 -0.00195773
internal_weight=0 72.8096 53.1594 28.326 7.71901 24.8335 16.7521 19.6502 8.0814 12.3879 5.66286 16.2998 20.6069 6.9023
internal_count=429 406 304 176 45 128 89 102 39 64 29 86 131 37
is_linear=0
shrinkage=0.05


Tree=25
num_leaves=15
num_cat=0
split_feature=3 11 8 4 10 7 9 13 9 8 2 8 0 13
split_gain=6.55195 6.47569 5.60879 4.45847 4.25499 5.78683 3.63381 3.09384 2.92027 3.09914 2.82614 2.53555 1.72096 1.76126
threshold=1.0050505050505054 0.070197044334975381 39.877990430622013 0.0042602843807663096 0.97511452271883137 0.66228070175438603 0.80388805810724218 5.5175038051750382 0.70106382978723414 34.566983578219542 0.52647647647647655 38.264992583174411 4.166635176627655 6.960594315245479
decision_type=2 2 2 2 2 2 2 2 2 2 2 2 2 2
left_child=1 6 4 -4 5 -3 -1 -5 -2 -10 -11 12 13 -6
right_child=8 2 3 7 11 -7 -8 -9 9 10 -12 -13 -14 -15
leaf_value=-0.006120825694803338 -0.056794683000136771 0.060132396210749284 -0.027605311072137619 0.047420086153282089 -0.010067159789747671 -0.031465370752133341 0.042120578918465025 -0.012707417840340272 -0.047614280308059129 0.054017973142465925 -0.022107300770604261 0.017630861961286291 -0.059800242867548641 -0.055268494629637767
leaf_weight=5.2156623005867013 6.02954077720642 3.4325537085533169 3.9288186132907894 9.3606687337160093 6.1674603819847125 3.4647699296474457 15.517069295048714 2.7732194215059272 3.4148145914077741 2.3471816629171371 2.5370121002197266 2.2411407381296149 6.1639781296253195 3.3125696927309036
leaf_count=27 34 26 18 61 31 17 102 13 17 11 13 10 31 18
internal_value=0 0.0072262 -0.00432583 0.0186884 -0.0192425 0.0141196 0.0299847 0.0336778 -0.0303126 -0.0110725 0.014476 -0.0321084 -0.039234 -0.0258617
internal_weight=0 61.5779 40.8452 16.0627 24.7825 6.89732 20.7327 12.1339 14.3285 8.29901 4.88419 17.8851 15.644 9.48003
internal_count=429 354 225 92 133 43 129 74 75 41 24 90 80 49
is_linear=0
shrinkage=0.05


Tree=26
num_leaves=15
num_cat=0
split_feature=9 10 11 8 4 1 1 8 9 10 3 9 2 7
split_gain=6.16285 4.70905 6.66904 5.25787 5.99798 6.95145 4.39833 4.21697 3.9725 3.88508 6.9412 3.8357 3.72685 3.44358
threshold=0.25298289528577395 0.40849719101123599 0.077193932827735665 34.301515151515154 0.020287419399094529 0.19290378412398712 0.20722186076772939 41.242528735632192 0.97142273933455814 0.99482210466604237 1.0050505050505054 0.65069686411149841 0.27636363636363642 1.0178182948306229
decision_type=2 2 2 2 2 2 2 2 2 2 2 2 2 2
left_child=-1 13 6 9 5 7 -3 -5 -8 10 -4 -6 -9 -2
right_child=1 2 3 4 11 -7 8 12 -10 -11 -12 -13 -14 -15
leaf_value=-0.059163754743352254 0.014421535158569782 0.038162250122524367 0.062930039468054297 -0.07458089098156015 -0.033131161728336654 0.049408156422054858 -0.067359929587612027 -0.042568308848503073 0.02885121581963675 -0.045429844664665653 -0.066412412125374909 0.042906521940857506 0.044388529460835553 -0.06686558191570928
leaf_weight=4.1378634423017493 1.9667262285947789 19.908278152346615 2.5850201994180653 4.2423450350761431 1.9396698176860798 3.0297875255346289 2.0752311199903479 3.0225527733564377 2.2212681993842125 10.354067340493202 1.7324295341968534 11.443346895277498 2.0802025347948074 3.8600038290023804
leaf_count=23 10 129 19 21 11 14 10 15 12 55 10 69 11 20
internal_value=0 0.00362248 0.00750348 -0.00492369 0.00868476 -0.0164066 0.0282607 -0.0377445 -0.0176193 -0.0288152 0.0110298 0.031886 -0.00711926 -0.0394283
internal_weight=0 70.4609 64.6342 40.4294 25.7579 12.3749 24.2048 9.3451 4.2965 14.6715 4.31745 13.383 5.10276 5.82673
internal_count=429 406 376 225 141 61 151 47 22 84 29 80 26 30
is_linear=0
shrinkage=0.05


Tree=27
num_leaves=15
num_cat=0
split_feature=3 11 8 10 7 4 13 9 9 1 7 4 1 13
split_gain=5.80834 5.55031 4.83062 4.86914 4.20953 4.13235 4.19146 3.66624 3.30329 3.96162 2.77137 3.39598 2.08652 4.68171
threshold=1.0050505050505054 0.070197044334975381 37.25396825396826 0.99482210466604237 0.68434609530499946 0.020287419399094529 5.5175038051750382 0.95235394214407265 0.87210884353741502 0.15424266455194294 1.0000000180025095e-35 0.072086442875666346 0.12448347107438018 2.7681992337164756
decision_type=2 2 2 2 2 2 2 2 2 2 2 2 2 2
left_child=1 8 3 4 -3 7 -7 -4 9 -1 11 -2 -5 -14
right_child=10 2 5 12 -6 6 -8 -9 -10 -11 -12 -13 13 -15
leaf_value=0.034571339639181194 0.026592988658955548 0.059076304929961201 0.02495479357877628 -0.066607303860512904 -0.030155670143320573 0.056621028430519339 -0.016392970659140884 -0.034332331924568998 0.043162219911181444 -0.04164557376667688 -0.04787226796076282 -0.054156701187966165 0.03096533771224071 -0.047095512824898496
leaf_weight=3.8013505116105089 3.6395519822835913 2.9035187736153611 4.5972534865140933 4.3229816406965265 2.4260565191507339 7.0785226598381978 2.7212283760309219 6.025056853890419 13.074762731790543 3.0915246307849884 8.106541380286215 2.0272917002439499 2.6977786272764188 6.6690445244312286
leaf_count=22 17 24 23 24 12 51 13 29 92 15 47 11 12 37
internal_value=0 0.00691716 -0.00395684 -0.0220889 0.0184573 0.0129298 0.0363463 -0.00867332 0.0283962 0.000387279 -0.0291202 -0.0022949 -0.0378739 -0.0246129
internal_weight=0 59.4091 39.4414 19.0194 5.32958 20.4221 9.79975 10.6223 19.9676 6.89288 13.7734 5.66684 13.6898 9.36682
internal_count=429 354 225 109 36 116 64 52 129 37 75 28 73 49
is_linear=0
shrinkage=0.05


Tree=28
num_leaves=15
num_cat=0
split_feature=9 13 4 8 3 7 4 7 4 0 8 1 9 8
split_gain=5.58018 4.36275 11.6966 5.3736 4.61491 4.01899 5.13345 3.68567 3.56294 3.5384 3.0551 2.60752 2.21914 3.97072
threshold=0.25298289528577395 5.4446640316205537 0.017370537958773257 31.710351051910873 0.43393953085583054 1.0000000180025095e-35 0.0042602843807663096 3.4190531852717712 0.012086155592559671 2.249904835165133 30.818158740903709 0.173494983277592 0.49917491749174919 36.504545454545458
decision_type=2 2 2 2 2 2 2 2 2 2 2 2 2 2
left_child=-1 2 5 4 -4 6 9 -7 -3 -2 -11 -12 -10 -14
right_child=1 8 3 -5 -6 7 -8 -9 12 10 11 -13 13 -15
leaf_value=-0.057469757419911317 0.043430004724552634 0.030786404150566826 0.028685904497062559 0.048538888009700763 -0.054558231422616968 -0.068203361911677474 0.048665824869254616 0.0048584482508748708 -0.075202135147393656 0.017209223269364412 -0.06406989783294724 0.005360764020706895 -0.040691424181170777 0.015959963819006953
leaf_weight=3.9717913269996634 2.0311653614044216 3.2026816755533245 4.4394036978483227 18.731361620128155 2.6640347838401794 5.1527530252933493 4.0636088326573363 2.5956728309392929 2.0807703584432593 2.5977175757288915 5.2522529661655426 1.8211572989821432 8.3316310346126539 4.9193157181143752
leaf_count=23 11 16 31 131 14 26 25 13 11 13 30 10 49 26
internal_value=0 0.00350474 0.0112729 0.0344962 -0.00253352 -0.0142422 0.000249182 -0.0437281 -0.0171785 -0.0165634 -0.0291635 -0.0461939 -0.027198 -0.01966
internal_weight=0 67.8835 49.3491 25.8348 7.10344 23.5143 15.7659 7.74843 18.5344 11.7023 9.67113 7.07341 15.3317 13.2509
internal_count=429 406 304 176 45 128 89 39 102 64 53 40 86 75
is_linear=0
shrinkage=0.05


Tree=29
num_leaves=15
num_cat=0
split_feature=3 11 9 8 8 4 2 1 0 10 4 9 9 0
split_gain=5.24023 4.57203 4.13331 3.6379 3.58966 4.46782 3.57682 2.98648 3.33168 3.36802 2.97259 2.77002 2.4454 3.32926
threshold=0.27190979160719392 0.077193932827735665 0.67006802721088443 34.566983578219542 39.592704402515729 0.0042602843807663096 0.42927747705342439 0.10045871559633029 4.1190041246092024 0.99482210466604237 0.015117985878855445 0.54700854700854717 0.98717896034518193 4.3107766033702406
decision_type=2 2 2 2 2 2 2 2 2 2 2 2 2 2
left_child=1 10 -2 -4 7 -6 -5 -3 -9 -10 -1 -12 -7 -14
right_child=2 4 3 6 5 12 -8 8 9 -11 11 -13 13 -15
leaf_value=0.0018506502076938221 -0.055938179543700541 -0.059166535385849942 -0.042965501648052434 0.046555386794553393 -0.027725136197847128 0.055009328484975063 -0.023085279365938544 0.012514521454268585 0.0016434806005731857 -0.068387783744093544 -0.015400913605942885 0.051600611605405813 -0.032769286164034232 0.062383418458332153
leaf_weight=7.3693007454276112 6.276734463870528 3.4997685253620174 4.1738470494747144 4.1128006502985954 4.1000914126634589 5.825886592268942 3.3420488238334656 8.6945263147354108 3.3663389831781378 3.5037770569324493 1.8035115599632252 10.662934035062788 2.392251811921597 1.4929898828268049
leaf_count=44 38 22 23 23 20 41 18 50 19 19 9 80 13 10
internal_value=0 0.00806808 -0.0232399 -0.00559053 -0.00337017 0.0160412 0.0153351 -0.0174327 -0.0080487 -0.0340726 0.0270258 0.0419075 0.0345195 0.00379524
internal_weight=0 52.7114 17.9054 11.6287 32.8756 13.8112 7.45485 19.0644 15.5646 6.87012 19.8357 12.4664 9.71113 3.88524
internal_count=429 327 102 64 194 84 41 110 88 38 133 89 64 23
is_linear=0
shrinkage=0.05


Tree=30
num_leaves=15
num_cat=0
split_feature=13 4 2 7 10 1 9 4 7 2 8 7 11 9
split_gain=4.91352 8.4876 6.43987 3.7925 4.63604 4.0084 4.15716 3.77014 3.44447 3.41795 3.23792 3.0798 2.64148 2.35233
threshold=5.4446640316205537 0.017370537958773257 0.39578111946533007 1.0000000180025095e-35 0.75337837837837851 0.10939369764658956 0.95698427382053664 0.012086155592559671 1.8779756656674309 0.18350168350168353 31.710351051910873 1.0000000180025095e-35 0.079576156703816292 0.93208259092338341
decision_type=2 2 2 2 2 2 2 2 2 2 2 2 2 2
left_child=1 3 10 4 -1 12 -7 -2 -5 13 11 -3 -6 -9
right_child=7 2 -4 8 5 6 -8 9 -10 -11 -12 -13 -14 -15
leaf_value=0.055079520458588264 0.029149607755432374 0.039352144879823546 -0.01488784152549243 -0.072022425557832226 0.013568399052951388 -0.043146262958288634 0.042255490828605857 -0.046388649108627639 -0.004929566461833141 -0.048288383557215986 0.053966918071959372 -0.039092977005663235 -0.063492880991953979 0.018965307890631555
leaf_weight=3.1256481036543855 3.1583804711699512 3.1454768627882066 6.6357174292206755 4.3003781139850608 1.5037914365530012 2.1304977536201477 4.3029287308454514 2.0123436897993114 3.4458024054765701 10.26865818351507 14.729490704834459 2.0776702836155891 4.2684986293315887 4.3601415306329727
leaf_count=18 16 24 39 22 9 11 25 10 18 60 112 12 26 27
internal_value=0 0.00852508 0.0277818 -0.0136612 0.000746399 -0.0131673 0.0139738 -0.0209323 -0.0421769 -0.0304375 0.0419726 0.00814814 -0.043417 -0.00167258
internal_weight=0 49.6659 26.5884 23.0775 15.3314 12.2057 6.43343 19.7995 7.74618 16.6411 19.9526 5.22315 5.77229 6.37249
internal_count=429 316 187 129 89 71 36 113 40 97 148 36 35 37
is_linear=0
shrinkage=0.05


Tree=31
num_leaves=15
num_cat=0
split_feature=9 10 11 10 6 8 13 2 1 1 11 9 7 13
split_gain=4.76283 3.92551 4.88335 4.12195 4.22475 3.99679 4.35103 3.99968 4.56027 3.79812 3.29143 3.1515 2.83544 2.54746
threshold=0.25298289528577395 0.40849719101123599 0.077193932827735665 0.9207221350078495 0.22500000000000003 36.504545454545458 2.0287419399094531 0.29338212242842249 0.23399926008139108 0.20722186076772939 0.093073593073593086 0.97142273933455814 1.0178182948306229 8.9220563847429535
decision_type=2 2 2 2 2 2 2 2 2 2 2 2 2 2
left_child=-1 12 9 10 5 -5 -7 -8 -9 13 -4 -11 -2 -3
right_child=1 2 3 4 -6 6 7 8 -10 11 -12 -13 -14 -15
leaf_value=-0.05494720864288162 0.013167426435698397 0.040682035063241202 -0.032025530489585043 -0.043208450706657742 0.040544952695709895 -0.035898046791063357 0.071111585926003529 -0.049771465105023512 0.052547256297661771 -0.06354898435851325 0.037744376996120953 0.02496833833719192 -0.063152616075107484 -0.030751605075768913
leaf_weight=3.7122223302721968 1.8382214754819859 16.768412113189704 2.1413877084851256 11.199527740478521 3.1041107624769202 5.4357054233551008 2.7250116318464279 2.5354594811797142 1.9088169187307356 1.9686111584305752 8.0262894257903081 2.0554321631789207 3.6009943336248398 1.3484426885843266
leaf_count=23 10 121 13 65 22 31 16 13 10 10 55 12 20 8
internal_value=0 0.003291 0.00702485 -0.00407084 -0.0143188 -0.0214731 -0.00216119 0.0234179 -0.00582557 0.0256053 0.0230503 -0.0183354 -0.0373597 0.0353652
internal_weight=0 64.6564 59.2172 37.0763 26.9086 23.8045 12.605 7.16929 4.44428 22.1409 10.1677 4.02404 5.43922 18.1169
internal_count=429 406 376 225 157 135 70 39 23 151 68 22 30 129
is_linear=0
shrinkage=0.05


Tree=32
num_leaves=15
num_cat=0
split_feature=3 11 10 1 7 7 13 4 10 1 0 7 4 6
split_gain=4.59718 3.95985 3.80691 4.72182 4.40154 5.11185 3.16503 3.40448 2.85008 2.97611 3.27909 2.39494 2.89239 2.2108
threshold=1.0050505050505054 0.070197044334975381 0.9207221350078495 0.12967763376537059 0.66228070175438603 1.6954022988505748 5.8071379822554112 0.015964989127697376 0.58220720720720731 0.12060606060606062 5.4701122187430764 1.0000000180025095e-35 0.072086442875666346 0.22500000000000003
decision_type=2 2 2 2 2 2 2 2 2 2 2 2 2 2
left_child=1 8 4 -4 -3 -6 13 -8 -1 -10 -11 12 -2 -5
right_child=11 2 3 6 5 -7 7 -9 9 10 -12 -13 -14 -15
leaf_value=-0.032673113182577325 0.025414991120905457 0.059675468948881344 -0.046216405249738718 0.0070908454199225578 -0.062627057052480936 0.031888600295566276 0.039148398573500762 -0.036128554299392338 0.060044388803305565 0.026658147499044507 -0.05774315482717407 -0.04543230227095113 -0.052042382485569132 0.063993607819406384
leaf_weight=1.8899521529674554 3.4789955765008909 4.4985547587275487 7.7011898159980801 6.7823412865400332 2.3805174827575684 3.5849699303507805 1.8998577743768672 7.1721131503582001 6.039935119450095 8.9704134911298734 1.3201469630002964 7.3698926642537117 1.8440775573253629 2.2810371071100235
leaf_count=9 17 37 46 40 12 22 9 41 48 64 8 47 11 18
internal_value=0 0.0064362 -0.00311043 -0.0134151 0.0223325 -0.00582771 0.000514059 -0.020364 0.0254559 0.0321833 0.0158305 -0.0269742 -0.00141864 0.0214119
internal_weight=0 54.521 36.3006 25.8365 10.464 5.96549 18.1353 9.07197 18.2204 16.3305 10.2906 12.693 5.32307 9.06338
internal_count=429 354 225 154 71 34 108 50 129 120 72 75 28 58
is_linear=0
shrinkage=0.05


Tree=33
num_leaves=15
num_cat=0
split_feature=9 8 2 11 1 10 1 0 0 4 2 2 4 13
split_gain=4.2874 3.54092 4.54303 5.65891 6.31586 3.83491 3.72273 3.34213 3.14386 2.5006 3.05744 4.81974 1.99981 2.0925
threshold=0.25298289528577395 41.94285714285715 0.5761327713382508 0.083551483420593389 0.20722186076772939 0.9207221350078495 0.16354792787092695 5.8874909948915191 4.945201156493737 0.10649781586021508 0.21194295900178256 0.33766874350986503 0.0042602843807663096 5.5175038051750382
decision_type=2 2 2 2 2 2 2 2 2 2 2 2 2 2
left_child=-1 2 3 4 -2 8 -7 12 -5 10 -8 -12 -3 -14
right_child=1 7 -4 5 -6 6 9 -9 -10 -11 11 -13 13 -15
leaf_value=-0.053350316966846473 0.041954789607127993 -0.0039296169717119621 -0.042169439330642579 0.047850226620869192 -0.043582320471884928 -0.049989518577123117 0.046841103409842509 -0.041444021113302025 -0.032450724734553127 -0.054610202790080845 -0.060389629025461744 0.043619708649465745 0.048230912800908861 -0.0054603063612718855
leaf_weight=3.546551138162612 12.063938550651072 3.5192398875951794 6.7452617809176436 3.9001430496573475 2.6282054781913748 7.9009149596095112 3.1566349640488607 1.8605936467647541 1.7729799002408979 1.9323276430368421 2.676311731338501 1.9078340828418729 10.273604579269884 2.2039759978651992
leaf_count=23 92 19 37 30 14 48 17 11 11 12 16 10 77 12
internal_value=0 0.00316176 -0.0043592 0.00236312 0.0266535 -0.0129883 -0.0245265 0.0219814 0.0227544 -0.00372857 0.00897299 -0.0171029 0.0293584 0.0387472
internal_weight=0 62.542 44.6846 37.9393 14.6921 23.2471 17.574 17.8574 5.67312 9.67311 7.74078 4.58415 15.9968 12.4776
internal_count=429 406 287 250 106 144 103 119 41 55 43 26 108 89
is_linear=0
shrinkage=0.05


Tree=34
num_leaves=15
num_cat=0
split_feature=3 6 7 1 8 4 10 2 8 1 1 0 8 4
split_gain=4.09338 3.39556 3.72414 4.92322 4.93816 5.3731 3.61486 3.97351 3.57634 3.25824 3.59383 5.59783 4.38207 2.5123
threshold=1.0050505050505054 0.51923076923076927 0.372758135866397 0.15133897110641301 39.704503676470594 0.022783388673277474 0.97511452271883137 1.0000000180025095e-35 48.40083437630372 0.15967032967032971 0.21291275966915441 3.1132683346437333 38.264992583174411 0.064172958133150312
decision_type=2 2 2 2 2 2 2 2 2 2 2 2 2 2
left_child=1 2 6 4 5 -4 -1 -8 9 -9 13 -12 -13 -11
right_child=-2 -3 3 -5 -6 -7 7 8 -10 10 11 12 -14 -15
leaf_value=0.04368044938087777 -0.025832043991040873 0.052314875491691532 -0.067406928926166662 -0.049532158038719624 0.056841085926042048 0.037923154650467861 0.051586536275770548 -0.029822600866785773 0.059242718717084586 0.065757022072911286 -0.092962852290215225 -0.048833964625119679 0.061438292856453219 -0.0075730568097809974
leaf_weight=7.0653980746865264 12.305252380669115 3.710565209388732 2.872664809226988 6.7934354022145262 3.1733108088374138 2.0928598791360855 3.703005105257037 10.615760900080209 2.0276699885725966 3.2772232666611654 1.7345335036516187 1.5363762080669405 2.178210511803627 1.8148136734962461
leaf_count=56 75 30 16 39 25 14 29 71 13 20 9 10 11 11
internal_value=0 0.00620233 0.00270223 -0.0181077 0.00812214 -0.0230126 0.0118543 0.00349113 -0.00419059 -0.01027 0.00942096 -0.018801 0.015829 0.039622
internal_weight=0 52.5958 48.8853 14.9323 8.13884 4.96552 33.953 26.8876 23.1846 21.1569 10.5412 5.44912 3.71459 5.09204
internal_count=429 354 324 94 55 30 230 174 145 132 61 30 21 31
is_linear=0
shrinkage=0.05


Tree=35
num_leaves=15
num_cat=0
split_feature=9 4 8 7 4 7 2 13 0 13 10 1 11 0
split_gain=3.95673 5.04486 7.48159 4.43866 4.38181 3.9835 3.81921 3.69553 2.4004 2.9098 2.32432 2.88791 4.13745 3.83978
threshold=0.49917491749174919 0.01993377483443709 32.487406398910828 0.50890914741531146 0.01993377483443709 3.6614997905320492 0.067424242424242428 5.8071379822554112 4.4829865921051741 6.3266122979936972 0.75337837837837851 0.10939369764658956 0.075498575498575513 4.2765696590948545
decision_type=2 2 2 2 2 2 2 2 2 2 2 2 2 2
left_child=4 3 6 10 -1 -5 -3 -4 9 -8 -2 12 -12 -13
right_child=1 2 7 5 -6 -7 8 -9 -10 -11 11 13 -14 -15
leaf_value=0.024300424927787823 0.04420291178162019 0.04004548832392682 0.049377038844968663 -0.064559778894019496 -0.05743020424811332 0.011464776366211508 0.026572075922822111 0.00057320047596103756 -0.06918855117269132 -0.04688559241757722 0.0332514161924417 0.032625183648644807 -0.061306639724637846 -0.041294909525605147
leaf_weight=2.3342901170253745 2.8294734582304999 2.3997617214918163 14.704988688230516 5.7714767530560476 5.5130377262830734 2.4563862904906273 2.5547193288803083 5.2686804533004752 2.805191308259964 2.8543577492237091 1.6378449052572257 6.4238657802343351 3.9391706436872482 2.4180941805243492
leaf_count=13 19 18 121 32 35 13 19 31 18 21 11 38 27 13
internal_value=0 0.00478904 0.0184773 -0.0116455 -0.0331184 -0.041863 -0.0154448 0.0365035 -0.031656 -0.0121914 0.00276889 -0.00536181 -0.0335371 0.0124096
internal_weight=0 56.064 30.5877 25.4763 7.84733 8.22786 10.614 19.9737 8.21427 5.40908 17.2484 14.419 5.57702 8.84196
internal_count=429 381 228 153 48 45 76 152 58 40 108 89 38 51
is_linear=0
shrinkage=0.05


Tree=36
num_leaves=15
num_cat=0
split_feature=3 6 7 1 7 11 10 1 1 11 8 13 7 2
split_gain=3.67323 3.06006 3.2185 4.37073 4.47659 3.34001 6.64626 3.47484 3.03171 2.45516 3.75037 2.1987 2.83703 1.8673
threshold=1.0050505050505054 0.51923076923076927 0.372758135866397 0.15133897110641301 1.6954022988505748 0.079576156703816292 0.97511452271883137 0.095619047619047631 0.217967175352721 0.15603700097370987 38.264992583174411 5.9411764705882364 1.0000000180025095e-35 0.39009661835748799
decision_type=2 2 2 2 2 2 2 2 2 2 2 2 2 2
left_child=1 2 5 4 -4 8 -7 -8 -1 -9 -11 12 -2 -14
right_child=11 -3 3 -5 -6 6 7 9 -10 10 -12 -13 13 -15
leaf_value=0.042010932846360059 0.022562196163806149 0.050981022711925221 -0.030624271750609305 -0.046751306494141782 0.045436214305073601 0.058199557492905167 -0.060416283160848384 0.040185007712493795 -0.017939118554845295 -0.043084243888625688 0.01997970080051116 -0.057485378118281728 -0.0018705048983206072 -0.064472675041207558
leaf_weight=10.883858591318129 3.6344472765922529 3.5218356326222411 3.7608071118593198 6.6554726734757423 3.9836047887802124 3.6993248537182817 3.476075381040574 2.5229207724332801 2.6156791299581519 5.3442907333374006 4.2182923629879951 3.5901992246508589 2.1857428848743439 2.6178057268261909
leaf_count=88 19 30 26 39 29 34 25 12 14 34 23 26 11 19
internal_value=0 0.00602258 0.00266518 -0.0170365 0.00850006 0.0113251 -0.00204058 -0.016361 0.030395 -0.00368962 -0.0152652 -0.0247126 -0.0107685 -0.035987
internal_weight=0 50.6822 47.1603 14.3999 7.74441 32.7604 19.2609 15.5616 13.4995 12.0855 9.56258 12.0282 8.438 4.80355
internal_count=429 354 324 94 55 230 128 94 102 69 57 75 49 30
is_linear=0
shrinkage=0.05


Tree=37
num_leaves=15
num_cat=0
split_feature=9 4 8 7 4 7 2 13 13 10 1 0 0 8
split_gain=3.55045 4.59861 6.78906 3.91991 3.91546 3.56645 3.51654 3.50801 2.09019 2.04385 2.53047 4.10894 3.39551 2.68963
threshold=0.49917491749174919 0.01993377483443709 32.487406398910828 0.50890914741531146 0.01993377483443709 3.6614997905320492 0.074565637065637083 5.8071379822554112 0.99097331240188391 0.75337837837837851 0.10939369764658956 3.8709839499103427 4.2765696590948545 33.106575963718832
decision_type=2 2 2 2 2 2 2 2 2 2 2 2 2 2
left_child=4 3 6 9 -1 -5 -3 -4 -8 -2 11 -11 13 -12
right_child=1 2 7 5 -6 -7 8 -9 -10 10 12 -13 -14 -15
leaf_value=0.022662919895394221 0.042348738004401573 0.035146232073046034 0.048411933781411967 -0.062138175028438762 -0.055747671268996213 0.010488564961787237 0.016441347805811465 0.00029254660005478524 -0.046523857130028393 -0.057170182528414631 -0.01061341367754233 0.047161090221145369 -0.039235767153522394 0.056449764877489907
leaf_weight=2.2833443209528914 2.6968421041965529 2.5914352312684077 14.043433681130411 5.568261317908763 5.2591849863529205 2.4272134974598885 1.7008789554238317 5.1863494515418997 5.855595551431179 4.0125723183155069 2.4336917325854284 1.2339209690690038 2.4049346894025803 3.8765420913696289
leaf_count=13 19 20 121 32 35 13 15 31 41 29 15 9 13 23
internal_value=0 0.00461034 0.017973 -0.0113126 -0.0320105 -0.0400906 -0.0151145 0.0354339 -0.0323511 0.00249975 -0.0051975 -0.0326325 0.0113183 0.0305853
internal_weight=0 54.0317 29.3777 24.654 7.54253 7.99547 10.1479 19.2298 7.55647 16.6585 13.9617 5.24649 8.71517 6.31023
internal_count=429 381 228 153 48 45 76 152 56 108 89 38 51 38
is_linear=0
shrinkage=0.05


Tree=38
num_leaves=15
num_cat=0
split_feature=2 7 2 11 8 10 1 4 0 1 11 13 7 4
split_gain=3.44166 4.65497 4.25451 3.57828 4.10699 4.43442 3.98048 5.24046 2.72134 2.55766 2.88173 2.25697 3.88675 3.06737
threshold=0.41507177033492831 1.0000000180025095e-35 0.49506943360898742 0.11696306429548566 37.371462264150949 0.99482210466604237 0.23399926008139108 0.018085030350677215 3.2769667020129059 0.2251760563380282 0.10620300751879701 4.7065337763012192 1.4138689048760995 0.0042602843807663096
decision_type=2 2 2 2 2 2 2 2 2 2 2 2 2 2
left_child=3 2 -2 11 5 -5 7 -6 -7 10 -4 13 -13 -1
right_child=1 -3 9 4 6 8 -8 -9 -10 -11 -12 12 -14 -15
leaf_value=-0.0022423802420644813 -0.050498761449927258 -0.049483534326531978 0.0085078767552358905 0.030463773528111988 -0.047706061958400131 0.0087050262154828879 0.07219835082454433 0.030729318031070259 -0.061562024405794627 -0.035071076119821271 0.078708946279504644 0.029676808426225828 -0.048328673471809608 0.048414972259955537
leaf_weight=4.2276567965745953 2.7466235458850878 7.1783231422305098 3.6399307623505592 2.4336904957890537 3.5579711347818357 1.7557695209979991 2.3692710995674124 5.3042956665158272 6.4024752154946327 1.5594734102487562 2.4430245161056519 3.9756350219249716 2.668916717171669 10.19337974488735
leaf_count=27 15 50 25 20 20 11 12 45 46 8 15 28 16 91
internal_value=0 -0.0185199 0.00287442 0.00775543 -0.0064338 -0.0287696 0.0146301 -0.00076046 -0.0464396 0.0220563 0.0367019 0.0224552 -0.00165565 0.0335643
internal_weight=0 17.5674 10.3891 42.8891 21.8235 10.5919 11.2315 8.86227 8.15824 7.64243 6.08296 21.0656 6.64455 14.421
internal_count=429 113 63 316 154 77 77 65 57 48 40 162 44 118
is_linear=0
shrinkage=0.05


Tree=39
num_leaves=15
num_cat=0
split_feature=3 6 7 1 8 4 10 11 1 11 0 9 8 9
split_gain=3.25665 2.73594 2.60244 3.802 4.03782 4.24129 2.8625 6.1127 2.90007 2.5866 2.2283 1.99177 1.86951 1.75466
threshold=1.0050505050505054 0.51923076923076927 0.372758135866397 0.15133897110641301 39.704503676470594 0.022783388673277474 0.97511452271883137 0.037749287749287756 0.16575091575091577 0.026013513513513518 3.5694334999727624 0.70106382978723414 34.566983578219542 0.95235394214407265
decision_type=2 2 2 2 2 2 2 2 2 2 2 2 2 2
left_child=1 2 6 4 5 -4 9 -8 13 -1 -10 -2 -13 -9
right_child=11 -3 3 -5 -6 -7 7 8 10 -11 -12 12 -14 -15
leaf_value=-0.017954387809864025 -0.050038405274204903 0.049773227878870938 -0.061853660086304621 -0.043660257302198066 0.055702050379811567 0.036761843738253877 0.039940738915129628 0.010015833474363524 -0.017879874976247458 0.058147625204947921 0.034269309152516178 -0.03869199169494808 0.013977762090044272 -0.045225953439963558
leaf_weight=1.4494030401110674 4.4416822046041471 3.2993472293019286 2.599908769130705 6.4060592949390411 2.8419066742062569 1.877772122621536 7.680530413985255 1.8118819296360031 4.1996771916747075 4.8619302958250046 3.9989092499017715 2.8210368305444717 4.1829225793480873 6.9561955258250237
leaf_count=9 34 30 16 39 25 14 66 12 25 47 25 17 24 46
internal_value=0 0.00583524 0.00259099 -0.015531 0.00908747 -0.020498 0.0106255 0.0029319 -0.0138214 0.0406707 0.0075562 -0.0238465 -0.00723643 -0.0338105
internal_weight=0 47.9835 44.6842 13.7256 7.31959 4.47768 30.9585 24.6472 16.9667 6.31133 8.19859 11.4456 7.00396 8.76808
internal_count=429 354 324 94 55 30 230 174 108 56 50 75 41 58
is_linear=0
shrinkage=0.05


Tree=40
num_leaves=15
num_cat=0
split_feature=9 10 13 8 3 1 10 1 8 10 8 9 2 0
split_gain=3.06817 2.87762 3.2685 2.59738 3.77673 2.79593 2.39903 1.95821 4.1935 3.14245 1.71595 3.58121 2.91257 1.69246
threshold=0.25298289528577395 0.40849719101123599 5.4446640316205537 34.566983578219542 0.58188635902979546 0.26423200859291091 0.99482210466604237 0.12791467938526765 55.994696969696982 0.93490499648135128 36.504545454545458 0.70106382978723414 0.29338212242842249 3.2769667020129059
decision_type=2 2 2 2 2 2 2 2 2 2 2 2 2 2
left_child=-1 -2 3 4 6 7 -3 9 -9 -5 13 -12 -13 -4
right_child=1 2 10 5 -6 -7 -8 8 -10 -11 11 12 -14 -15
leaf_value=-0.048822565607739218 -0.034915371573540792 0.059931991281685075 0.01560690735085468 0.042761260168910555 -0.052012199960014618 -0.036571724783297739 -0.00040006677253756682 0.054782641433092506 -0.046089856022904087 -0.016161703721376586 -0.043648739770511383 0.066165519348759277 -0.0074964736990009231 -0.043058843995133995
leaf_weight=3.0356603264808646 4.6327912136912337 2.0581814311444733 1.5640389397740353 4.4984727390110546 3.0110606402158728 1.6881173476576794 8.2618520930409431 10.022686179727314 1.14836886525154 4.5529043823480606 2.7438571602106077 2.4921412393450737 2.907533161342144 5.7457206174731255
leaf_count=23 30 20 11 37 19 9 61 90 6 35 17 16 14 41
internal_value=0 0.00280505 0.00625215 0.0146592 -0.00274293 0.0252473 0.0116323 0.0304078 0.0444131 0.0131226 -0.0129204 0.00286506 0.0265011 -0.0305064
internal_weight=0 55.3277 50.6949 35.2416 13.3311 21.9105 10.32 20.2224 11.1711 9.05138 15.4533 8.14353 5.39967 7.30976
internal_count=429 406 376 277 100 177 81 168 96 72 99 47 30 52
is_linear=0
shrinkage=0.05


Tree=41
num_leaves=15
num_cat=0
split_feature=9 10 13 4 8 0 1 4 0 2 8 9 10 8
split_gain=2.85277 2.62999 3.00127 6.74004 2.89745 4.22175 2.5766 2.00322 1.93589 1.82282 2.09182 3.1289 1.65382 1.64773
threshold=0.25298289528577395 0.40849719101123599 5.4446640316205537 0.017370537958773257 31.710351051910873 4.5271940351011493 0.26423200859291091 0.012086155592559671 2.249904835165133 0.42927747705342439 36.504545454545458 0.82020202020202027 0.67673784643343937 34.457865168539335
decision_type=2 2 2 2 2 2 2 2 2 2 2 2 2 2
left_child=-1 -2 3 8 5 -5 -6 -4 -3 10 13 -12 -10 -9
right_child=1 2 7 4 6 -7 -8 9 12 -11 11 -13 -14 -15
leaf_value=-0.047767056668588936 -0.033521196332878166 0.039590107703418691 0.025494833699729935 0.04602204933507717 0.053940775991512251 -0.045262678904896429 -0.030875663163164653 -0.017031396423653974 0.019449049903683666 -0.064885644584107505 -0.040720242377921559 0.046962875582697794 -0.023200530941331274 -0.077993484159805282
leaf_weight=2.9497995898127547 4.5854327380657187 1.8255390673875833 2.8368592858314505 2.6989607810974148 12.101607322692868 2.3865859508514404 0.96696650981903154 4.6562581509351713 2.8130799084901783 1.9930538460612286 1.6338570490479467 2.6966405436396599 11.839301280677319 1.4547260925173757
leaf_count=23 30 11 16 24 119 18 6 34 19 13 10 17 80 9
internal_value=0 0.00271715 0.00604695 0.0141895 0.0352043 0.00318322 0.0476651 -0.0124184 -0.00896309 -0.021068 -0.0127042 0.0138808 -0.0150123 -0.0315435
internal_weight=0 54.4889 49.9034 34.632 18.1541 5.08555 13.0686 15.2714 16.4779 12.4345 10.4415 4.3305 14.6524 6.11098
internal_count=429 406 376 277 167 42 125 99 110 83 70 27 99 43
is_linear=0
shrinkage=0.05


Tree=42
num_leaves=15
num_cat=0
split_feature=3 13 7 8 6 7 1 2 10 2 8 1 1 2
split_gain=2.73434 2.57873 2.96917 2.78523 2.39328 2.75371 4.64101 4.19299 2.19937 2.88282 2.93052 2.17662 2.1286 2.40825
threshold=0.3631785704869625 6.0915275200989489 1.0000000180025095e-35 33.317883895131096 0.22500000000000003 0.50890914741531146 0.15069985168705971 0.5761327713382508 0.97511452271883137 1.0000000180025095e-35 48.40083437630372 0.19940209267563533 0.095619047619047631 0.49506943360898742
decision_type=2 2 2 2 2 2 2 2 2 2 2 2 2 2
left_child=4 2 3 -2 5 8 7 -7 11 -10 12 -1 -11 -14
right_child=1 -3 -4 -5 -6 6 -8 -9 9 10 -12 -13 13 -15
leaf_value=0.057778051020629509 -0.020635681311158782 -0.053750861332807903 -0.027640038369618161 0.06387053802812484 0.041542562175319563 0.041820259942515724 -0.054595180328323792 -0.067583743498058971 0.047752860515610902 -0.041841824996325196 0.057690281966344174 -0.011768575046365661 -0.0098476977392927423 0.045577152410093108
leaf_weight=4.0283723250031498 1.7005741670727714 3.8725021779537192 6.1184458285570145 2.2854006886482239 4.3563767224550238 3.5473729968070966 4.9291174113750458 1.1628803759813306 3.1569875553250339 4.0108363032341066 1.7704100608825672 1.5610039457678793 11.662265703082083 2.3558000400662413
leaf_count=41 9 30 45 15 40 31 29 7 29 34 13 13 79 14
internal_value=0 -0.0190591 -0.0057635 0.0278169 0.00643147 0.00242579 -0.0206804 0.0148103 0.0102283 0.00338008 -0.00369513 0.038355 -0.00972308 -0.000533298
internal_weight=0 13.9769 10.1044 3.98597 42.5414 38.185 9.63937 4.71025 28.5457 22.9563 19.7993 5.58938 18.0289 14.0181
internal_count=429 99 69 24 330 290 67 38 223 169 140 54 127 93
is_linear=0
shrinkage=0.05


Tree=43
num_leaves=15
num_cat=0
split_feature=9 4 8 4 11 7 2 7 10 8 2 8 8 8
split_gain=2.59675 3.50917 5.57125 3.29271 3.01187 2.9367 2.43362 2.36685 1.95431 1.93679 2.16042 1.7686 2.81283 1.76401
threshold=0.49917491749174919 0.024243946548779267 32.487406398910828 0.031391403937161014 0.040146520146520155 0.50890914741531146 0.47608966376089668 3.6614997905320492 0.75337837837837851 48.17178326810177 0.13501030927835053 36.504545454545458 35.064064064064077 32.09206706706707
decision_type=2 2 2 2 2 2 2 2 2 2 2 2 2 2
left_child=3 5 4 -1 -3 8 11 -7 -2 10 13 12 -4 -10
right_child=1 2 6 -5 -6 7 -8 -9 9 -11 -12 -13 -14 -15
leaf_value=0.01100837665507276 0.042626494105766653 0.056368038151440494 0.051254189132864683 -0.059549566663991006 -0.025628748489390337 -0.047028192052155852 -0.011926009080971002 0.011057109764774448 -0.011318791889913263 0.050443340765507987 -0.022489117879937032 0.058950637061587263 -0.037278383912711287 0.060811962359383687
leaf_weight=2.9176170080900183 2.7182583659887358 1.3199297785758988 2.3818636424839492 3.8162741437554359 7.3901816979050636 6.5986867845058423 2.1211520358920088 2.3886402770876884 1.7236773371696466 1.4806411042809493 9.267716169357298 8.381962984800337 1.4393238946795461 1.6677261739969251
leaf_count=17 21 14 20 31 58 45 14 14 11 10 63 85 11 15
internal_value=0 0.00414039 0.0183313 -0.0289787 -0.013203 -0.00850712 0.0375062 -0.0315904 0.00379898 -0.0036653 -0.00999398 0.0460985 0.0179067 0.0241516
internal_weight=0 48.8798 23.0344 6.73389 8.71011 25.8453 14.3243 8.98733 16.858 14.1398 12.6591 12.2032 3.82119 3.3914
internal_count=429 381 202 48 72 179 130 59 120 99 89 116 31 26
is_linear=0
shrinkage=0.05


Tree=44
num_leaves=15
num_cat=0
split_feature=6 7 13 2 9 8 8 8 10 4 2 10 4 11
split_gain=2.43577 5.92497 2.91042 2.61412 2.57828 3.19474 4.74015 2.52998 2.15694 1.9018 1.67663 2.01889 2.383 1.42296
threshold=0.22500000000000003 1.0000000180025095e-35 12.613636363636365 0.51619644723093006 0.50757575757575768 37.501107419712078 52.691756272401442 41.94285714285715 0.98230334154550825 0.0042602843807663096 0.045569912321181363 0.97511452271883137 0.072086442875666346 0.15603700097370987
decision_type=2 2 2 2 2 2 2 2 2 2 2 2 2 2
left_child=1 2 7 4 -3 -6 -7 10 -2 -9 -1 12 -12 -13
right_child=8 3 -4 -5 5 6 -8 9 -10 -11 11 13 -14 -15
leaf_value=0.039273140870545037 -0.004919517175654353 -0.056623462942687053 -0.056187303079863596 -0.061297747075510362 -0.042336217678926334 0.047386956453370432 -0.059726761604143412 -0.0034107796847105778 0.057280723679614669 0.049881566489904189 0.044733568973337648 0.0042229744997219236 -0.029377945883108453 -0.027030443249931219
leaf_weight=2.8515554368496003 2.4116751551628104 2.9230465590953818 1.6444912031292904 4.3908424302935591 3.1696415767073614 4.1387380287051201 1.3763384222984312 2.2982293516397458 3.302252933382988 6.1641677394509315 3.9350525476038465 7.2813014313578606 1.4974054545164106 7.2865739837288857
leaf_count=27 18 21 11 33 24 37 7 15 33 53 34 52 14 50
internal_value=0 -0.0034699 0.0086489 -0.0284359 -0.0160053 -0.00233429 0.0206557 0.0120538 0.0310279 0.0354084 0.00340529 -0.00170859 0.0243054 -0.0114094
internal_weight=0 48.9574 32.9588 15.9986 11.6078 8.68472 5.51508 31.3143 5.71393 8.4624 22.8519 20.0003 5.43246 14.5679
internal_count=429 378 256 122 89 68 44 245 51 68 177 150 48 102
is_linear=0
shrinkage=0.05


Tree=45
num_leaves=15
num_cat=0
split_feature=9 6 10 10 10 11 9 0 8 0 10 1 1 0
split_gain=2.35809 2.10469 2.28605 2.04402 2.39703 2.51903 2.92442 2.24632 2.48693 2.19286 2.28733 2.26474 2.01077 2.47787
threshold=0.25298289528577395 0.22500000000000003 0.98230334154550825 0.40849719101123599 0.9207221350078495 0.07323365701052291 0.80388805810724218 3.5694334999727624 36.273148148148159 4.1026092131977068 0.86707427536231896 0.16575091575091577 0.090567327409432685 4.2765696590948545
decision_type=2 2 2 2 2 2 2 2 2 2 2 2 2 2
left_child=-1 3 -3 -2 9 6 -6 8 -8 -5 11 -11 -7 -14
right_child=1 2 -4 4 5 12 7 -9 -10 10 -12 -13 13 -15
leaf_value=-0.045652232920981632 -0.034932225975789544 -0.0046695086939240191 0.060316375745371333 0.051371952264674836 -0.023656599057399787 -0.058152866672965237 -0.02966878812510015 0.057213824048596588 0.057798118390954882 0.0085972009999349883 0.060878590760153575 -0.067984959276940315 0.0051978164161398163 -0.033632855644062161
leaf_weight=2.6721313446760169 4.0428899973630896 2.4137045517563811 3.0803003795444965 4.115264065563677 3.4514708593487757 2.4106403216719654 2.2084623202681546 4.0559995733201504 1.285840645432472 3.7810995578765869 1.4175467602908609 1.2963822931051252 10.896698653697969 6.5947900414466849
leaf_count=23 29 18 32 39 22 21 20 42 13 34 12 7 68 49
internal_value=0 0.00253143 0.0317659 -0.00099413 0.00231096 -0.00472893 0.0144709 0.0319002 0.00251746 0.0228156 0.00472217 -0.0109558 -0.0153425 -0.00944245
internal_weight=0 51.0511 5.494 45.5571 41.5142 30.9039 11.0018 7.5503 3.4943 10.6103 6.49503 5.07748 19.9021 17.4915
internal_count=429 406 50 356 327 235 97 75 33 92 53 41 138 117
is_linear=0
shrinkage=0.05


Tree=46
num_leaves=15
num_cat=0
split_feature=7 6 1 2 7 13 8 1 8 0 11 1 4 4
split_gain=2.27029 5.23663 3.52494 5.01744 2.91287 2.61563 2.38536 2.35339 2.9375 2.65662 4.81926 2.2228 4.41751 1.74259
threshold=1.0000000180025095e-35 0.22500000000000003 0.15133897110641301 0.51619644723093006 0.71049974760222123 12.613636363636365 41.94285714285715 0.22073677956030899 31.933333333333334 3.0201273556387074 0.062114197530864203 0.16575091575091577 0.064172958133150312 0.0042602843807663096
decision_type=2 2 2 2 2 2 2 2 2 2 2 2 2 2
left_child=5 2 3 4 -2 6 7 9 -9 -1 -11 -12 -13 -8
right_child=1 -3 -4 -5 -6 -7 13 8 -10 10 11 12 -14 -15
leaf_value=0.061916275442736618 -0.030761253360675252 0.029297748178103784 -0.054309523855081324 -0.060524907515720955 0.045768277395091282 -0.053480931499076491 -0.0027380674641722231 -0.084118644061473805 -0.00064107753513642203 0.044745123762965695 -0.034360464336331629 0.064262147326534444 -0.039267939752324114 0.049073144530129023
leaf_weight=2.2990786358714201 1.839538417756559 5.4712173640727988 6.8668299652636042 2.8308902457356453 3.8366252779960632 1.6175472065806378 2.2344305291771871 1.5578393340110768 3.2574449926614761 4.9553347416222087 6.1417559050023538 2.0851682908833027 2.0367954969406128 5.9296169094741344
leaf_count=18 16 51 49 23 34 11 15 10 20 46 53 15 15 53
internal_value=0 -0.0127114 -0.0276615 -0.00615138 0.0209665 0.00847852 0.0117648 0.00331024 -0.0276477 0.0118198 0.00425191 -0.0152983 0.0131046 0.0348929
internal_weight=0 20.8451 15.3739 8.50705 5.67616 32.115 30.4975 22.3334 4.81528 17.5181 15.2191 10.2637 4.12196 8.16405
internal_count=429 173 122 73 50 256 245 177 30 147 129 83 30 68
is_linear=0
shrinkage=0.05


Tree=47
num_leaves=15
num_cat=0
split_feature=3 13 8 7 2 4 13 4 11 0 11 8 4 2
split_gain=2.12706 2.13687 2.53337 2.30023 2.95715 2.01842 3.19392 2.63378 2.15744 3.24363 2.08317 2.06159 1.73364 2.20719
threshold=0.3631785704869625 5.8071379822554112 34.566983578219542 1.0000000180025095e-35 0.52647647647647655 0.0042602843807663096 5.4446640316205537 0.01993377483443709 0.1991379310344828 2.524928003624769 0.13563218390804602 32.316233766233772 0.020980046948356808 0.18350168350168353
decision_type=2 2 2 2 2 2 2 2 2 2 2 2 2 2
left_child=5 2 -2 -4 -5 8 7 10 9 -1 -7 -11 -8 -14
right_child=1 -3 3 4 -6 6 12 -9 -10 11 -12 -13 13 -15
leaf_value=0.038218785344392929 -0.037397080123684111 -0.04875505978879955 0.062313827594664785 0.030404922150407715 -0.063268599311354257 0.023573991082038961 0.033990965942417191 0.040322002346443286 0.035355023217057774 0.011303081680665029 -0.035006868069645064 -0.050328661530549358 0.0063841663350792111 -0.045545796017555158
leaf_weight=1.8200165927410106 3.4801273420453054 3.8470133133232585 1.8607336506247518 2.1457712724804883 1.3871874362230299 3.7821202315390172 1.879950776696204 11.392163846641777 2.0041761621832839 1.7653504386544225 2.5346036702394485 5.8637321889400482 4.1447294726967794 4.0412957966327667
leaf_count=12 25 33 13 16 12 32 12 131 10 14 17 43 31 28
internal_value=0 -0.0176311 -0.00413808 0.0173214 -0.00637522 0.00589731 0.0131804 0.0259636 -0.0117646 -0.0217588 6.82525e-05 -0.0360672 -0.00930879 -0.0192527
internal_weight=0 12.7208 8.87382 5.39369 3.53296 39.2281 27.7749 17.7089 11.4533 9.4491 6.31672 7.62908 10.066 8.18603
internal_count=429 99 66 41 28 330 251 180 79 69 49 57 71 59
is_linear=0
shrinkage=0.05


Tree=48
num_leaves=15
num_cat=0
split_feature=9 8 2 11 1 0 4 8 0 10 7 1 4 2
split_gain=2.12758 2.0442 2.31661 2.41504 4.77798 2.34763 2.30565 3.03151 1.95455 1.83888 1.79909 1.67371 3.84313 1.86234
threshold=0.25298289528577395 41.94285714285715 0.5761327713382508 0.083551483420593389 0.20722186076772939 4.3882378946731615 0.022783388673277474 37.501107419712078 5.8874909948915191 0.9207221350078495 0.50890914741531146 0.13054402447017702 0.016526708995328245 0.18350168350168353
decision_type=2 2 2 2 2 2 2 2 2 2 2 2 2 2
left_child=-1 2 3 4 -2 9 -7 -8 -3 -5 -4 -11 -13 -14
right_child=1 8 10 5 -6 6 7 -9 -10 11 -12 12 13 -15
leaf_value=-0.044689146599609791 0.035716987425484868 0.025467316969442013 -0.0045950820592747001 0.046280625151434406 -0.044414399656082251 -0.06650032220704441 -0.03885346684485215 0.051583554917703139 -0.036189659614976465 -0.045273988640331608 -0.06257750370871959 0.057578256759799329 0.021033918253884384 -0.04495023891634832
leaf_weight=2.5174462273716918 9.1713316589593905 12.127925351262091 2.6201547458767882 2.1292393542826185 2.3336293175816527 2.9083105549216262 2.7560193836688995 1.3959924206137655 1.437729388475417 2.0356747880578041 2.7335593104362488 2.3957507461309433 1.6967683956027029 2.8918920084834099
leaf_count=23 92 108 15 24 14 19 21 15 11 19 22 13 11 22
internal_value=0 0.00245113 -0.00392453 0.0015303 0.0194634 -0.00979993 -0.0323603 -0.00844667 0.0189327 0.00448646 -0.0342004 -0.00537927 0.00624843 -0.020551
internal_weight=0 48.634 35.0683 29.7146 11.505 18.2096 7.06032 4.15201 13.5657 11.1493 5.35371 9.02009 6.98441 4.58866
internal_count=429 406 287 250 106 144 55 36 119 89 37 65 46 33
is_linear=0
shrinkage=0.05


Tree=49
num_leaves=15
num_cat=0
split_feature=7 6 1 2 8 10 7 11 8 10 2 1 11 1
split_gain=2.00342 4.57773 3.1801 4.3571 2.76272 1.9528 1.77962 1.61476 1.60306 2.23309 2.94435 2.45462 3.09333 1.67721
threshold=1.0000000180025095e-35 0.22500000000000003 0.1493491627420199 0.51619644723093006 39.704503676470594 0.98230334154550825 0.71049974760222123 0.18350168350168353 48.40083437630372 0.96675262479277968 0.045569912321181363 0.1822134387351779 0.087595907928388769 0.15967032967032971
decision_type=2 2 2 2 2 2 2 2 2 2 2 2 2 2
left_child=8 2 3 4 6 -3 -2 -4 9 11 -11 -1 -13 -12
right_child=1 5 7 -5 -6 -7 -8 -9 -10 10 13 12 -14 -15
leaf_value=0.055005727797152376 -0.051030204272299387 -0.0062117065647942409 -0.065420261203149976 -0.0595623048651059 0.062692916525928136 0.055364468695081104 0.026855676996643364 -0.0088024573265354546 0.042736022299771081 0.041040649004015925 -0.027898509891371982 -0.074410750174032231 0.040119145450681848 0.0026766835044879263
leaf_weight=3.8964287340641084 1.4188733696937581 2.3257183991372576 5.157452467828989 2.4554145559668541 2.2680024802684784 2.8845050483942032 1.5181403607130048 1.6661856696009634 3.0168545804917803 3.1715471968054798 8.2057340033352393 1.0360805094242098 1.3679822683334348 9.8926047720015031
leaf_count=41 13 18 39 22 23 33 12 13 24 34 68 6 15 68
internal_value=0 -0.0123139 -0.0267719 -0.00465994 0.0212397 0.0278783 -0.010771 -0.0515954 0.00813264 0.00434621 -0.00339851 0.0304917 -0.00923988 -0.011186
internal_weight=0 19.6943 14.4841 7.66043 5.20502 5.21022 2.93701 6.82364 30.5872 27.5704 21.2699 6.30049 2.40406 18.0983
internal_count=429 173 122 70 48 51 25 52 256 232 170 62 21 136
is_linear=0
shrinkage=0.05


Tree=50
num_leaves=15
num_cat=0
split_feature=9 8 0 9 0 2 11 8 7 8 0 1 7 9
split_gain=1.92736 1.90081 2.49339 2.17738 2.47339 4.68234 5.06279 3.35273 3.26015 2.03884 1.91787 2.78038 2.25257 1.73022
threshold=0.17156862745098042 41.94285714285715 5.7333203298832158 0.86566416040100258 2.8617925509761908 0.42927747705342439 0.11696306429548566 26.915714285714291 2.4937810945273635 37.371462264150949 4.8713658868283671 0.21291275966915441 0.87888366355716607 0.98717896034518193
decision_type=2 2 2 2 2 2 2 2 2 2 2 2 2 2
left_child=-1 3 13 10 -5 6 7 -6 9 -8 11 12 -2 -3
right_child=1 2 -4 4 5 -7 8 -9 -10 -11 -12 -13 -14 -15
leaf_value=-0.056829879637328565 0.037892442552758351 0.041307451992217234 -0.039030984391628554 0.052967601286104393 -0.03264616589124484 -0.047538555359413953 -0.045549375828851241 0.052594243833807369 0.052321458271290526 0.010111351111358798 -0.059668377901935112 -0.064340039573034288 -0.026428915074496229 0.0026269735262071966
leaf_weight=1.4421725310385216 2.8516634553670865 7.1282671466469747 1.7031866312026966 2.3002465069294002 1.3843505568802408 4.416937604546546 5.3624060638248903 6.9200505129992962 1.4889135286211965 2.3734024204313755 2.7465467527508736 1.8089194968342779 2.6041800007224083 4.8636381365358829
leaf_count=16 26 67 14 16 12 34 48 73 11 18 21 12 19 42
internal_value=0 0.00183481 0.0175793 -0.00445933 0.00364059 -0.00152955 0.0100637 0.0383846 -0.0154318 -0.0284723 -0.0240765 -0.0106205 0.00719061 0.0256195
internal_weight=0 47.9527 13.6951 34.2576 24.2463 21.9461 17.5291 8.3044 9.22472 7.73581 10.0113 7.26476 5.45584 11.9919
internal_count=429 413 123 290 212 196 162 85 77 66 78 57 45 109
is_linear=0
shrinkage=0.05


Tree=51
num_leaves=15
num_cat=0
split_feature=9 4 13 8 4 11 1 7 7 8 2 2 1 2
split_gain=1.85844 2.62249 4.60198 2.93432 2.49325 2.29842 2.09191 1.97363 1.67288 1.44725 1.22509 2.05746 2.40507 1.7698
threshold=0.49917491749174919 0.01993377483443709 5.8071379822554112 30.756355932203395 0.031391403937161014 0.44097222222222227 0.13509168332319463 0.50890914741531146 3.6614997905320492 36.504545454545458 0.26376285541439809 0.42927747705342439 0.14348097317529634 0.1193220338983051
decision_type=2 2 2 2 2 2 2 2 2 2 2 2 2 2
left_child=4 5 3 6 -1 7 -3 10 -9 -4 13 -12 -13 -2
right_child=1 2 9 -5 -6 -7 -8 8 -10 -11 11 12 -14 -15
leaf_value=0.0088918269960217011 0.0082921270055293216 0.038589255168243186 -0.030127114811233726 0.043947687367453546 -0.056883530007370564 0.046827338121072017 -0.042942432952482693 -0.054817369738031654 0.0017464048076630762 0.016611468201495071 0.046683930184147029 0.020178683794339555 -0.055582891136455294 -0.048410160355964064
leaf_weight=2.6814208999276152 2.7088570818305069 1.3247074149549036 5.3489726781845084 11.401577543467281 3.1137132942676544 1.6733732596039761 1.9372869990766046 4.2719933167099944 1.8834738805890081 2.3991694077849388 2.5599218383431435 2.6535564549267292 1.7308077588677404 2.7971180602908134
leaf_count=17 23 15 45 134 31 8 17 32 12 17 21 23 9 25
internal_value=0 0.00372626 0.0155144 0.0319841 -0.0264491 -0.0093016 -0.00983213 -0.0143498 -0.0375098 -0.0156548 -0.00289934 0.0110665 -0.00972958 -0.0205135
internal_weight=0 42.6908 22.4117 14.6636 5.79513 20.2791 3.26199 18.6057 6.15547 7.74814 12.4503 6.94429 4.38436 5.50598
internal_count=429 381 228 166 48 153 32 145 44 62 101 53 32 48
is_linear=0
shrinkage=0.05


Tree=52
num_leaves=15
num_cat=0
split_feature=7 6 1 10 7 13 8 1 8 0 11 0 0 10
split_gain=1.72459 4.04356 2.85081 3.74248 2.41645 2.17529 1.79543 1.87368 2.21126 2.19724 3.90035 2.24342 2.17461 1.7806
threshold=1.0000000180025095e-35 0.22500000000000003 0.15133897110641301 0.48148601256015011 0.71049974760222123 12.613636363636365 41.94285714285715 0.22073677956030899 34.744444444444447 3.0201273556387074 0.040146520146520155 4.3502571242716384 3.6762205501217919 0.99875311720698268
decision_type=2 2 2 2 2 2 2 2 2 2 2 2 2 2
left_child=5 2 3 -2 -5 6 7 9 -9 -1 -11 12 13 -12
right_child=1 -3 -4 4 -6 -7 -8 8 -10 10 11 -13 -14 -15
leaf_value=0.058328193356691871 -0.058486321598170493 0.027023862497725884 -0.051191361200292752 -0.029575835737774156 0.043012877349277119 -0.050670079150270421 0.031931933894850932 -0.067042195085719458 0.0040011011045746224 0.048559498717989036 0.036839241871204742 -0.047972646173528803 0.041760862850124231 -0.034616811740906854
leaf_weight=2.1455848999321558 2.2740163393318671 4.9063425958156577 6.1269872486591339 1.728706859052181 3.404344204813242 1.5157977938652027 7.4009745195507994 1.8597835935652245 2.6645644754171371 3.6046902239322653 1.1644825972616653 3.0357073061168194 2.4275738373398781 3.4689680933952332
leaf_count=18 22 51 49 17 34 11 68 14 16 41 15 24 19 30
internal_value=0 -0.0118629 -0.0259601 -0.00508922 0.0185665 0.00765668 0.0108401 0.0031774 -0.025202 0.0112798 0.0039122 -0.0120276 0.00342608 -0.0166584
internal_weight=0 18.4404 13.5341 7.40707 5.13305 29.2881 27.7723 20.3714 4.52435 15.847 13.7014 10.0967 7.06102 4.63345
internal_count=429 173 122 73 51 256 245 177 30 147 129 88 64 45
is_linear=0
shrinkage=0.05


Tree=53
num_leaves=15
num_cat=0
split_feature=9 4 8 0 11 0 4 7 2 7 0 1 8 8
split_gain=1.68978 2.34766 3.89122 2.45813 2.48745 3.07851 2.26462 2.1655 2.07995 2.0619 1.9199 2.17058 1.34232 1.51616
threshold=0.49917491749174919 0.01993377483443709 36.504545454545458 2.249904835165133 0.44097222222222227 3.1132683346437333 0.016526708995328245 0.50890914741531146 0.47608966376089668 3.6614997905320492 3.1132683346437333 0.12060606060606062 28.958708708708709 35.68804403481824
decision_type=2 2 2 2 2 2 2 2 2 2 2 2 2 2
left_child=6 3 10 -2 5 -5 -1 -7 -4 -9 -3 -12 -13 -14
right_child=1 2 8 4 -6 7 -8 9 -10 -11 11 12 13 -15
leaf_value=0.027032045846134028 0.054367878399186192 0.048571855611338692 0.050414229240200503 -0.068918904211273363 0.044882676119928668 0.0060646043936251866 -0.044953461771275752 -0.053062106955493182 -0.0059256076191747074 0.013603241412157716 0.02480964849594677 -0.055435983467006934 0.0049504112737242117 -0.060358165194032878
leaf_weight=1.4910244345664967 1.4252747669816042 1.4998967424035097 7.6682421602308732 2.6588538661599221 1.6430787444114674 8.295422710478304 4.0883006975054741 4.0572501793503752 2.083224531263113 1.6241786442697046 2.8892318904399854 2.5761426351964474 3.6874913200736046 1.1708491668105123
leaf_count=10 10 16 95 19 8 73 38 32 16 11 33 23 37 8
internal_value=0 0.00360126 0.0149965 -0.00887604 -0.0138074 -0.0196042 -0.025716 -0.0102229 0.0383782 -0.0340041 -0.00428745 -0.0119672 -0.0262596 -0.0107888
internal_weight=0 41.2791 21.5751 19.7041 18.2788 16.6357 5.57933 13.9769 9.75147 5.68143 11.8236 10.3237 7.43448 4.85834
internal_count=429 381 228 153 143 135 48 116 111 43 117 101 68 45
is_linear=0
shrinkage=0.05


Tree=54
num_leaves=15
num_cat=0
split_feature=9 8 0 9 0 2 11 0 7 0 1 7 9 2
split_gain=1.60269 1.61594 1.98868 1.93141 2.48775 2.42523 3.25396 3.29133 2.53585 1.70232 2.36153 1.92226 1.62698 2.10099
threshold=0.17156862745098042 41.94285714285715 5.7333203298832158 0.86566416040100258 2.524928003624769 0.42927747705342439 0.11696306429548566 3.5114340430413216 2.4937810945273635 4.8713658868283671 0.21291275966915441 0.87888366355716607 0.98717896034518193 0.13501030927835053
decision_type=2 2 2 2 2 2 2 2 2 2 2 2 2 2
left_child=-1 3 12 9 -5 6 7 -6 -8 10 11 -2 -3 -14
right_child=1 2 -4 4 5 -7 8 -9 -10 -11 -12 -13 13 -15
leaf_value=-0.055715492912371913 0.03597572029032952 0.039893735742193577 -0.036021813045893268 0.08399960432959952 -0.024536867714631948 -0.032196367220750512 -0.023056589820343549 0.049658888864464699 0.050956769818407993 -0.058001370614443007 -0.061411465790048858 -0.025316406517401309 0.059587953605340693 -0.018146628524057514
leaf_weight=1.2509393356740464 2.6706428378820402 6.629920542240141 1.5724046155810345 0.92215599864721554 1.9724045097827962 4.5752708241343489 7.6718972027301771 6.1714861989021301 1.3628821223974226 2.5784303620457649 1.6983749605715273 2.4552562944591045 1.1589032448828218 3.4776061251759529
leaf_count=16 26 67 14 7 20 36 69 69 11 21 12 19 13 29
internal_value=0 0.00166205 0.0166527 -0.00433762 0.00356263 0.000152878 0.0087686 0.0316891 -0.0118918 -0.0233903 -0.0103131 0.00661738 0.0240042 0.00128326
internal_weight=0 44.9176 12.8388 32.0788 22.6761 21.7539 17.1787 8.14389 9.03478 9.4027 6.82427 5.1259 11.2664 4.63651
internal_count=429 413 123 290 212 205 169 89 80 78 57 45 109 42
is_linear=0
shrinkage=0.05


Tree=55
num_leaves=15
num_cat=0
split_feature=9 13 4 8 0 13 4 7 8 7 0 0 1 2
split_gain=1.52915 2.22792 2.53881 4.25499 2.45145 2.74464 2.09356 1.78709 1.74099 1.45906 1.33464 3.6434 1.77473 1.26596
threshold=0.49917491749174919 12.258687258687262 0.024243946548779267 36.504545454545458 3.1132683346437333 6.2432331345105228 0.031391403937161014 0.50890914741531146 29.69422160213929 3.6614997905320492 2.249904835165133 3.1132683346437333 0.064968344889960825 0.48528138528138537
decision_type=2 2 2 2 2 2 2 2 2 2 2 2 2 2
left_child=6 2 7 4 -4 8 -1 10 -6 -9 -2 -12 -13 -5
right_child=1 -3 3 13 5 -7 -8 9 -10 -11 11 12 -14 -15
leaf_value=0.0073853420146047346 0.051297763223342202 -0.061772599021427427 0.063465957012782334 0.057061960297083339 -0.02556148597084338 -0.044684060705063144 -0.05525824093154208 -0.040327661624125953 0.034051234132909516 0.0093831794863015721 -0.047698651504836667 -0.026223241465124825 0.026017698916050311 0.00024047898276378018
leaf_weight=2.5781172439455977 1.3682866916060472 1.2677107676863659 1.2691671475768114 6.3151599355041972 1.9385277889668922 3.570998627692461 2.763278279453516 5.1889600828289977 3.3265144787728786 2.0629208162426949 3.1083215475082389 2.0787542797625047 7.460085067898035 1.1603612676262853
leaf_count=17 10 9 14 85 19 33 31 45 36 14 22 21 64 9
internal_value=0 0.00345588 0.00558445 0.0196429 -0.00151383 -0.0108472 -0.0250222 -0.00603705 0.0121025 -0.0261866 0.00438872 -0.000686334 0.0146331 0.048242
internal_weight=0 40.1158 38.8481 17.5807 10.1052 8.83604 5.3414 21.2673 5.26504 7.25188 14.0154 12.6472 9.53884 7.47552
internal_count=429 381 372 196 102 88 48 176 55 59 117 107 85 94
is_linear=0
shrinkage=0.05


Tree=56
num_leaves=15
num_cat=0
split_feature=3 4 13 4 11 2 2 7 1 4 2 1 11 8
split_gain=1.43039 1.60346 2.40341 1.91388 1.80017 1.92928 2.82523 1.56603 2.01257 1.52688 1.67222 1.59452 1.37315 1.62796
threshold=0.3631785704869625 0.0042602843807663096 5.4446640316205537 0.022534236036313281 0.1991379310344828 0.26628151260504207 0.041314718368418754 1.0000000180025095e-35 0.13848368148753262 0.020980046948356808 0.18350168350168353 0.18987086359967717 0.13563218390804602 42.668711006857912
decision_type=2 2 2 2 2 2 2 2 2 2 2 2 2 2
left_child=1 4 3 12 5 6 -1 8 -2 -4 11 -11 13 -3
right_child=7 2 9 -5 -6 -7 -8 -9 -10 10 -12 -13 -14 -15
leaf_value=0.00056425273888842712 0.060069588111503064 -0.0069510767942420788 0.034047529405066404 0.040637928071433981 0.03273141537665477 0.0038474414291119552 -0.079713995654668135 -0.0328499614457178 -0.014078470410764038 -0.023152575780546331 -0.043072818634516952 0.04331951796876006 -0.023349229594589793 0.057773057438608194
leaf_weight=1.9780492335557918 1.2508535608649234 2.0786411091685326 1.7231579273939113 8.2554224841296655 1.8971722498536099 4.0397906005382538 2.4576945379376411 5.9729144051671028 3.4098712466657162 2.1193032562732701 3.5071162581443787 1.5709065869450567 2.6477771811187267 1.8240448422729967
leaf_count=16 9 20 12 121 10 30 23 63 27 18 28 13 21 18
internal_value=0 0.00510355 0.0122725 0.0246248 -0.0112947 -0.0211495 -0.0439152 -0.0159002 0.00582152 -0.00822921 -0.018351 0.00514431 0.0044437 0.0232998
internal_weight=0 34.0991 23.7264 14.8059 10.3727 8.47553 4.43574 10.6336 4.66072 8.92048 7.19733 3.69021 6.55046 3.90269
internal_count=429 330 251 180 79 69 39 99 36 71 59 31 59 38
is_linear=0
shrinkage=0.05


Tree=57
num_leaves=15
num_cat=0
split_feature=0 11 13 4 9 8 4 1 2 1 2 11 9 10
split_gain=1.42149 1.74501 2.08402 3.05541 2.48566 1.8993 1.73232 1.38633 2.1975 2.69207 1.91192 1.86712 1.5673 1.27484
threshold=6.1544161409158447 0.75961538461538469 5.8071379822554112 0.01993377483443709 0.49917491749174919 24.975609756097565 0.015964989127697376 0.21291275966915441 0.26376285541439809 0.10939369764658956 0.13501030927835053 0.13563218390804602 0.98717896034518193 0.99875311720698268
decision_type=2 2 2 2 2 2 2 2 2 2 2 2 2 2
left_child=1 2 3 7 -5 -6 -4 8 10 13 11 -1 -12 -10
right_child=-2 -3 6 4 5 -7 -8 -9 9 -11 12 -13 -14 -15
leaf_value=0.056571368345222028 -0.042081844482739682 0.062917157259205297 0.01478232922346125 -0.033844364854823894 -0.029219718443465881 0.038930746349071975 -0.030011669617735982 -0.037555913720782749 0.0096692842205360896 0.05234599569593118 0.0041961755313708136 -0.031057462457221796 -0.065499407704545168 -0.052548732569217209
leaf_weight=1.211350098252302 1.9101326540112484 1.1443361975252617 2.9328778833150855 1.5993741713464249 1.128573890775441 10.860976804047821 8.1734812259674055 3.0847353599965563 2.6715268157422543 3.23146802932024 1.1620971113443377 1.2201997861266134 2.6371647492051125 1.1900595240294936
leaf_count=14 17 9 20 12 13 143 77 18 24 29 9 8 25 11
internal_value=0 0.00201542 0.000319909 0.00717041 0.0247054 0.0325158 -0.0181828 -0.00735132 -0.000358372 0.0186732 -0.0220236 0.0125975 -0.0441813 -0.009505
internal_weight=0 42.2482 41.1039 29.9975 13.5889 11.9896 11.1064 16.4086 13.3239 7.09305 6.23081 2.43155 3.79926 3.86159
internal_count=429 412 403 306 168 156 97 138 120 64 56 22 34 35
is_linear=0
shrinkage=0.05


Tree=58
num_leaves=15
num_cat=0
split_feature=8 9 0 2 11 8 7 1 0 0 1 10 0 9
split_gain=1.40483 2.21866 1.87605 3.63225 3.78261 2.74803 2.47453 1.93286 1.70069 1.69326 2.8456 1.52381 1.48841 1.13887
threshold=41.94285714285715 0.86566416040100258 2.8617925509761908 0.42927747705342439 0.11696306429548566 26.915714285714291 2.4937810945273635 0.24645103324348611 5.7333203298832158 4.3241107269113215 0.21291275966915441 0.58220720720720731 3.5114340430413216 0.98717896034518193
decision_type=2 2 2 2 2 2 2 2 2 2 2 2 2 2
left_child=1 9 -3 4 5 -4 7 -6 13 10 11 -1 -7 -2
right_child=8 2 3 -5 6 12 -8 -9 -10 -11 -12 -13 -14 -15
leaf_value=-0.021508733381009615 0.03483812424974727 0.047197034651437285 -0.029912220739386597 -0.044627693630089921 -0.039360933589782147 -0.0065904850015818103 0.049890291622546878 0.026663110967070455 -0.034764343448048955 -0.045422505015903517 -0.059463010606833649 0.050845942755217179 0.060798376139663039 0.0016764853242788294
leaf_weight=1.1606119088828581 6.4157340265810472 2.1965769976377514 1.3193406239151979 3.907930012792348 5.4762095399200899 0.97932178154587735 1.2734935842454431 1.3898308798670767 1.5374534055590618 5.0525555685162544 1.5280578248202799 1.9507441967725754 5.0171945877373219 4.3407462537288666
leaf_count=10 71 16 12 34 55 11 11 11 16 46 11 21 62 42
internal_value=0 -0.00552627 0.00340596 -0.0015617 0.00932763 0.0354188 -0.0141232 -0.0259963 0.0144251 -0.0253961 -0.0035864 0.0238559 0.0497928 0.0214558
internal_weight=0 31.2519 21.5599 19.3633 15.4554 7.31586 8.13953 6.86604 12.2939 9.69197 4.63941 3.11136 5.99652 10.7565
internal_count=429 300 212 196 162 85 77 66 129 88 42 31 73 113
is_linear=0
shrinkage=0.05


Tree=59
num_leaves=15
num_cat=0
split_feature=7 6 1 2 7 13 10 2 4 11 11 10 2 2
split_gain=1.35262 3.24539 2.29639 3.2103 1.98514 1.69361 1.52903 1.4567 2.07977 2.65557 2.56366 2.48828 1.65394 2.01451
threshold=1.0000000180025095e-35 0.22500000000000003 0.1493491627420199 0.51619644723093006 0.71049974760222123 12.613636363636365 0.98230334154550825 0.81534090909090928 0.0042602843807663096 0.1991379310344828 0.13563218390804602 0.97511452271883137 0.045569912321181363 0.26628151260504207
decision_type=2 2 2 2 2 2 2 2 2 2 2 2 2 2
left_child=5 2 3 4 -2 7 -3 8 9 12 -10 -12 -1 -14
right_child=1 6 -4 -5 -6 -7 -8 -9 10 -11 11 -13 13 -15
leaf_value=0.014659181961221519 -0.026815253417582275 -0.0055170478441922081 -0.047659064072912205 -0.057005664828999353 0.044285064914828857 -0.046177472303981545 0.053849037710554583 0.07300696727061512 0.037126607499423196 0.040059722904854204 0.045974237619574539 -0.019053478852491614 -0.08318464967988945 -0.015581672779812483
leaf_weight=1.6005578562617397 1.4909051097929493 2.0558291338384143 5.6843437924981117 1.9614393450319765 2.8745183851569891 1.412007626146077 2.2959030494093895 0.8877711184322824 8.4406145736575144 1.8037711828947065 1.9677713103592385 5.828399546444416 1.9266891852021215 2.5744983106851578
leaf_count=14 16 18 52 22 32 11 33 6 97 9 28 49 20 22
internal_value=0 -0.0111908 -0.0245941 -0.00387142 0.0200025 0.00709978 0.0258035 0.0101053 0.00779223 -0.0132394 0.0180323 -0.00264033 -0.0289955 -0.0445185
internal_weight=0 16.3629 12.0112 6.32686 4.36542 26.4421 4.35173 25.0301 24.1423 7.90552 16.2368 7.79617 6.10175 4.50119
internal_count=429 173 122 70 48 256 51 245 239 65 174 77 56 42
is_linear=0
shrinkage=0.05


Tree=60
num_leaves=15
num_cat=0
split_feature=8 1 10 4 2 1 2 0 10 11 0 13 1 0
split_gain=1.3091 1.5571 3.09598 2.12069 1.73187 1.39692 1.31141 2.17967 1.56705 2.18656 2.53332 2.20895 1.70825 1.28602
threshold=41.94285714285715 0.1493491627420199 0.99875311720698268 0.0042602843807663096 0.42927747705342439 0.051956815114709856 0.28297101449275369 2.6735537653587351 0.93490499648135128 0.13563218390804602 3.5114340430413216 6.3266122979936972 0.20991432068543456 3.1132683346437333
decision_type=2 2 2 2 2 2 2 2 2 2 2 2 2 2
left_child=5 3 -3 -2 -4 -1 8 -8 -7 10 -10 -12 -11 -9
right_child=1 2 4 -5 -6 6 7 13 9 12 11 -13 -14 -15
leaf_value=0.047013872257728434 -0.020213596130784675 -0.036189828688863827 0.054111554412073153 0.055443388231200902 -0.017617850086777988 0.042643584501292679 0.035101100942058767 -0.070254822095552588 -0.03301393654832202 -0.038815417922732021 0.061878799397407903 -0.0067762627168849931 0.018507493385046505 -0.020448521992104972
leaf_weight=1.2178462594747568 1.2473345473408679 3.3015811610966921 2.5127844139933591 3.5979712903499603 1.2652284055948255 2.0712255313992509 1.6192296892404545 1.4862265661358822 1.9021600708365438 5.0570470504462719 2.9863323383033276 1.9279994368553159 1.7492289766669271 10.128097234293817
leaf_count=16 10 32 31 46 10 31 9 12 17 54 39 14 15 93
internal_value=0 0.0141273 -0.000819763 0.0359669 0.0300899 -0.00544334 -0.00765178 -0.0192452 0.00212407 -0.00403657 0.0159801 0.0349439 -0.0240833 -0.026822
internal_weight=0 11.9249 7.07959 4.84531 3.77801 30.1454 28.9275 13.2336 15.694 13.6228 6.81649 4.91433 6.80628 11.6143
internal_count=429 129 73 56 41 300 284 114 170 139 70 53 69 105
is_linear=0
shrinkage=0.05


Tree=61
num_leaves=15
num_cat=0
split_feature=9 8 9 0 2 11 8 7 1 0 0 2 0 9
split_gain=1.27982 1.27407 1.60078 1.57565 3.13843 3.13192 2.4733 2.14103 1.7235 1.42419 1.39853 2.05419 1.38976 1.26434
threshold=0.17156862745098042 41.94285714285715 0.86566416040100258 2.8617925509761908 0.42927747705342439 0.11696306429548566 26.915714285714291 2.4937810945273635 0.24645103324348611 5.7333203298832158 4.8713658868283671 0.5988505747126438 3.5114340430413216 0.98717896034518193
decision_type=2 2 2 2 2 2 2 2 2 2 2 2 2 2
left_child=-1 2 10 -4 5 6 -5 8 -7 13 11 -2 -8 -3
right_child=1 9 3 4 -6 7 12 -9 -10 -11 -12 -13 -14 -15
leaf_value=-0.054657410879267357 0.0048519047063148458 0.03739126643706845 0.043880103338826762 -0.027759201874793429 -0.042467498734692327 -0.037066781639929464 -0.0056771287481834388 0.048736448261373383 0.025755734364608297 -0.03197989149089895 -0.054825726788553679 -0.066676204201989858 0.059979012407179205 0.0012671556731973983
leaf_weight=1.039936365559696 4.9409579709172267 5.8054160606116039 2.1672307997941997 1.319466326385738 3.6818926073610774 5.1781523711979389 0.97854302823543537 1.2031164541840551 1.3834146186709402 1.3741790018975724 2.3714247569441795 1.2596479728817938 4.5706913247704506 4.156361848115921
leaf_count=16 47 67 16 12 34 55 11 11 11 14 21 10 62 42
internal_value=0 0.00151995 -0.00402695 0.00356546 -0.00120494 0.00917709 0.033771 -0.0125789 -0.0238215 0.0157369 -0.0221687 -0.00967897 0.0484013 0.0223192
internal_weight=0 40.3905 29.0545 20.4825 18.3153 14.6334 6.8687 7.76468 6.56157 11.336 8.57203 6.20061 5.54923 9.96178
internal_count=429 413 290 212 196 162 85 77 66 123 78 57 73 109
is_linear=0
shrinkage=0.05


Tree=62
num_leaves=15
num_cat=0
split_feature=7 6 1 2 8 13 10 1 8 8 11 0 10 1
split_gain=1.21247 2.8271 2.01902 2.85759 2.18619 1.48881 1.38632 1.3326 2.52954 1.46677 1.44344 3.75264 2.44835 3.52596
threshold=1.0000000180025095e-35 0.22500000000000003 0.1493491627420199 0.51619644723093006 39.704503676470594 12.613636363636365 0.98230334154550825 0.21188597991668848 31.933333333333334 45.577605321507768 0.040146520146520155 3.0201273556387074 0.97511452271883137 0.16575091575091577
decision_type=2 2 2 2 2 2 2 2 2 2 2 2 2 2
left_child=5 2 3 4 -2 7 -3 9 -9 10 -1 -12 -13 -14
right_child=1 6 -4 -5 -6 -7 -8 8 -10 -11 11 12 13 -15
leaf_value=0.036267589987212107 -0.012732500571188852 -0.0052474794353276899 -0.045869636470106147 -0.056247648968985264 0.060812132653777773 -0.043641230416254041 0.052928054944667541 -0.06549114318134007 0.0075978484113499271 0.052267418861122399 0.086101192106758234 0.034162344904773531 -0.048626049747794907 0.026665330899866169
leaf_weight=4.0975301768630841 2.3130741305649263 1.9939483441412438 5.4182012937963009 1.7937824465334413 1.7943409439176319 1.3813173361122597 2.1052765622735023 1.5375662930309761 5.1451177522540092 2.5275724641978732 1.1635778751224268 2.4381796643137914 4.7454935051500797 2.3128534965217113
leaf_count=56 25 18 52 22 23 11 33 13 38 31 8 32 47 20
internal_value=0 -0.0109475 -0.0238317 -0.0035975 0.0193958 0.00683364 0.0246303 0.00974261 -0.00921862 0.0170733 0.0110455 0.00135062 -0.00903358 -0.0239548
internal_weight=0 15.4186 11.3194 5.9012 4.10742 25.3492 4.09922 23.9679 6.68268 17.2852 14.7576 10.6601 9.49653 7.05835
internal_count=429 173 122 70 48 256 51 245 51 194 163 107 99 67
is_linear=0
shrinkage=0.05


Tree=63
num_leaves=15
num_cat=0
split_feature=9 0 6 7 1 2 7 13 11 1 1 0 11 0
split_gain=1.19272 1.09166 1.65722 2.18883 1.60628 2.99193 1.71465 1.34245 1.24475 1.16977 2.06542 1.81658 1.32165 3.0519
threshold=0.17156862745098042 6.1544161409158447 0.22500000000000003 0.25306961147669121 0.15133897110641301 0.51619644723093006 0.71049974760222123 12.613636363636365 0.18350168350168353 0.217967175352721 0.27326839826839833 3.2769667020129059 0.040146520146520155 3.0201273556387074
decision_type=2 2 2 2 2 2 2 2 2 2 2 2 2 2
left_child=-1 2 3 7 5 6 -5 9 -6 12 11 -11 -2 -14
right_child=1 -3 -4 4 8 -7 -8 -9 -10 10 -12 -13 13 -15
leaf_value=-0.054405761741802873 0.039707960930961593 -0.039034735691452146 0.037141421755304584 -0.032640474418227726 -0.059716916068175807 -0.055872160473506918 0.046630072270503378 -0.041475359987546527 -0.00040660865537311741 -0.064178975122048579 0.034775432051031681 0.0020954026003055575 0.079343111093077123 3.9034453312685159e-05
leaf_weight=0.97885735891759296 4.7406636793166497 1.5950051024556149 3.2813634239137164 0.93561122938990449 3.1088858097791672 1.6999146565794943 2.518316587433219 1.3083038292825211 1.236463129520416 1.8938461691141117 1.9107945226132868 2.2772258520126343 1.3618037160485972 11.114750375971196
leaf_count=16 67 15 45 12 27 22 31 10 10 13 13 17 10 121
internal_value=0 0.00147524 0.00320344 -6.17072e-05 -0.0204484 -0.0015692 0.025157 0.00780817 -0.0428402 0.0105756 -0.00827455 -0.027996 0.0172342 0.008695
internal_weight=0 38.9829 37.3879 34.1066 9.49919 5.15384 3.45393 24.6074 4.34535 23.2991 6.08187 4.17107 17.2172 12.4766
internal_count=429 413 398 353 102 65 43 251 37 241 43 30 198 131
is_linear=0
shrinkage=0.05


Tree=64
num_leaves=15
num_cat=0
split_feature=9 4 13 10 8 4 8 1 0 11 0 0 1 2
split_gain=1.13112 1.62682 1.60683 1.75623 1.91181 2.4358 1.92896 2.65195 2.83893 2.88064 1.7973 1.27972 1.53841 1.70451
threshold=0.49917491749174919 0.016526708995328245 12.258687258687262 0.40849719101123599 32.487406398910828 0.024243946548779267 31.933333333333334 0.22073677956030899 3.2384861814448418 0.062114197530864203 2.249904835165133 2.9174053685313028 0.2303271441202476 0.28297101449275369
decision_type=2 2 2 2 2 2 2 2 2 2 2 2 2 2
left_child=1 -1 3 -2 6 10 7 8 -5 -10 -6 -12 13 -13
right_child=2 -3 -4 4 5 -7 -8 -9 9 -11 11 12 -14 -15
leaf_value=0.023910670700420938 -0.034547913684044841 -0.041936981201947811 -0.054286497243728082 0.069968282711012936 0.071520819910402031 0.036472267118815453 -0.080220652674005841 -0.073800804748438018 0.058012649796584242 -0.025947017746111214 -0.058439267332030476 -0.026654442557827021 0.044196414530646495 0.017281132810179813
leaf_weight=1.3115199804306019 2.5669782236218444 3.2934087757021189 1.1750009432435025 1.4781293850392101 0.87520811706781643 9.0480935368686897 0.89210597425699312 1.1448678337037561 1.3101523630321024 4.6388258002698421 0.94841098785400291 4.78737088665366 1.8085536621510971 4.0964815579354763
leaf_count=10 28 38 9 19 6 126 9 9 17 49 5 50 12 42
internal_value=0 -0.0231831 0.00318751 0.00519768 0.00848585 0.016708 -0.0102486 -0.00296644 0.00795248 -0.00745645 0.00242009 -0.00277521 0.00216216 -0.00639507
internal_weight=0 4.60493 34.7702 33.5952 31.0282 21.5641 9.46408 8.57198 7.42711 5.94898 12.516 11.6408 10.6924 8.88385
internal_count=429 48 381 372 344 241 103 94 85 66 115 109 104 92
is_linear=0
shrinkage=0.05


Tree=65
num_leaves=15
num_cat=0
split_feature=8 1 10 4 2 1 3 2 1 1 8 11 10 8
split_gain=1.10594 1.28755 2.81134 1.84138 1.54265 1.16987 1.05115 1.10637 1.23513 1.25194 2.06984 1.57865 2.74047 2.14933
threshold=41.94285714285715 0.15069985168705971 0.99875311720698268 0.0042602843807663096 0.42927747705342439 0.051956815114709856 1.0000000180025095e-35 0.5761327713382508 0.27326839826839833 0.22073677956030899 24.51136363636364 0.11696306429548566 0.93490499648135128 39.283787661406031
decision_type=2 2 2 2 2 2 2 2 2 2 2 2 2 2
left_child=5 3 -3 -2 -4 -1 7 8 9 10 -7 -12 -13 -14
right_child=1 2 4 -5 -6 6 -8 -9 -10 -11 11 12 13 -15
leaf_value=0.045618113837103014 -0.019955266724967981 -0.038266049148406478 0.053151014418656342 0.052539305975063379 -0.016287458359348889 0.075225274895606126 -0.023604953812622453 -0.031146212501564813 0.053425152473666138 -0.030510771116491239 0.018320007964882281 0.047583722421338653 -0.053016613210219991 0.033136297426486348
leaf_weight=1.0889628212898994 1.180863045156 2.8119167871773243 2.2821810729801659 3.3921702411025763 1.2314323075115678 1.0068950466811752 7.1851781066507092 2.6705656722187987 1.1536358073353756 2.7963581755757323 6.1111191995441896 1.2483653742820022 3.666992761194706 0.90202053263783444
leaf_count=16 10 30 31 48 10 12 74 22 8 22 75 20 41 10
internal_value=0 0.0136073 -0.00100507 0.0338195 0.0288146 -0.00518193 -0.00725063 -0.00124178 0.00348786 -0.000174131 0.00638401 0.000573057 -0.01807 -0.0360082
internal_weight=0 10.8986 6.32553 4.57303 3.51361 27.8301 26.7411 19.556 16.8854 15.7318 12.9354 11.9285 5.81738 4.56901
internal_count=429 129 71 58 41 300 284 210 188 180 158 146 71 51
is_linear=0
shrinkage=0.05


Tree=66
num_leaves=15
num_cat=0
split_feature=9 8 4 9 8 1 0 11 13 7 11 0 4 3
split_gain=1.04085 1.00844 1.78469 2.36259 1.65702 2.11678 3.19205 2.83304 1.59407 1.14057 1.30876 1.81514 3.75131 1.06025
threshold=0.25298289528577395 32.487406398910828 0.028848821081830792 0.49917491749174919 31.933333333333334 0.22073677956030899 3.2384861814448418 0.062114197530864203 9.1160916645681223 0.50890914741531146 0.39565217391304358 3.0201273556387074 0.0042602843807663096 1.0000000180025095e-35
decision_type=2 2 2 2 2 2 2 2 2 2 2 2 2 2
left_child=-1 4 9 -4 5 6 -2 -8 -5 10 11 -3 -13 -11
right_child=1 2 3 8 -6 -7 7 -9 -10 13 -12 12 -14 -15
leaf_value=-0.038573932395154331 0.068878413448615811 0.069841725479967795 -0.050786267569581878 0.042233308016129643 -0.076807486245084336 -0.056549595686014802 0.057372255186788991 -0.02736938961870234 -0.019501700762872734 -0.0063491375859482868 -0.033312869515439929 -0.036059017369755524 0.035894742314704776 -0.051335526936276181
leaf_weight=1.6631208434700955 1.5906374361365996 1.3004730716347745 0.93183691427111526 7.1136600207537395 0.88412745296955186 1.6563599109649656 1.2309038974344728 4.9626959711313248 1.2258308157324789 4.6087091173976651 1.6417831517755974 3.1122626252472401 4.3337296098470688 1.829742982983589
leaf_count=23 20 10 11 113 9 15 17 56 8 41 9 32 46 19
internal_value=0 0.00187407 0.007107 0.0247217 -0.0113533 -0.00522341 0.00569797 -0.010528 0.0331588 -0.00259851 0.00764977 0.0153388 0.00581964 -0.0191338
internal_weight=0 36.4228 26.098 9.27133 10.3247 9.4406 7.78424 6.1936 8.33949 16.8267 10.3882 8.74647 7.44599 6.43845
internal_count=429 406 289 132 117 108 93 73 121 157 97 88 78 60
is_linear=0
shrinkage=0.05


Tree=67
num_leaves=15
num_cat=0
split_feature=8 9 6 0 8 0 1 8 13 4 8 1 10 4
split_gain=1.00406 1.61866 1.27113 1.62795 1.38709 1.22933 2.06056 1.22753 1.49947 1.393 2.57831 1.2086 2.53878 1.65251
threshold=41.94285714285715 0.86566416040100258 0.22500000000000003 2.524928003624769 40.81696771325818 4.3241107269113215 0.23213272830402726 37.863539148223929 4.2468421673946413 0.017370537958773257 31.054748062015509 0.15069985168705971 0.99875311720698268 0.0042602843807663096
decision_type=2 2 2 2 2 2 2 2 2 2 2 2 2 2
left_child=1 5 3 -3 7 6 -1 8 9 10 -5 13 -13 -2
right_child=11 2 -4 4 -6 -7 -8 -9 -10 -11 -12 12 -14 -15
leaf_value=0.016273087006737526 -0.018002069590111112 0.070043932275349385 0.041517328606153869 0.03491863751138205 -0.057198668879205765 -0.041855054025926292 -0.066997501367788814 0.03276000684308851 -0.03329154756411188 0.024538983561426208 -0.045775143615978946 -0.037015555785066455 0.027789856479533932 0.051736778788310046
leaf_weight=3.1157139148563164 1.1543343067169169 0.76424022763968125 1.9428932759910811 1.5771726369857768 1.164393763989209 4.3066668696701527 0.97552713379263867 2.3325688168406478 3.7252885848283759 4.356926191598177 2.6585270054638386 2.7278180494904518 3.3886736705899239 3.2160663809627295
leaf_count=34 10 7 26 12 8 46 8 23 45 56 35 30 41 48
internal_value=0 -0.0050012 0.00325448 -0.00122951 -0.00467374 -0.0232095 -0.00358219 -0.000499154 -0.00679724 0.00468923 -0.0157286 0.0132363 -0.0011119 0.033317
internal_weight=0 26.9199 18.522 16.5791 15.8149 8.39791 4.09124 14.6505 12.3179 8.59263 4.2357 10.4869 6.11649 4.3704
internal_count=429 300 212 186 179 88 42 171 148 103 47 129 71 58
is_linear=0
shrinkage=0.05


Tree=68
num_leaves=15
num_cat=0
split_feature=9 8 9 6 0 8 8 7 1 1 4 10 2 0
split_gain=0.99707 0.980087 1.16996 1.17822 1.52067 1.26323 1.12659 1.71869 1.32413 1.19276 1.49319 1.14749 1.67959 2.16721
threshold=0.17156862745098042 41.94285714285715 0.86566416040100258 0.22500000000000003 2.524928003624769 40.81696771325818 37.501107419712078 1.0000000180025095e-35 0.22073677956030899 0.23399926008139108 0.015964989127697376 0.58220720720720731 0.14165301665301669 3.3497501700808394
decision_type=2 2 2 2 2 2 2 2 2 2 2 2 2 2
left_child=-1 2 -2 4 -4 6 7 8 11 10 -8 -6 -13 -14
right_child=1 -3 3 -5 5 -7 9 -9 -10 -11 -12 12 13 -15
leaf_value=-0.053688584197923876 -0.020092011894795953 0.014661741884961194 0.068947740368334551 0.040455653324651758 0.063498301579636748 -0.054827960238068831 -0.048790627634650877 -0.049276161882411622 -0.038985712448988165 0.068242220814416776 0.044908917461619881 0.03523656167575847 -0.082008272468922699 0.0027506372263407506
leaf_weight=0.84159279800951381 7.7069419901818064 10.009449498727916 0.73823178187013283 1.8954101540148247 0.8877946436405163 1.1542663611471642 0.78917953744530611 2.0196186043322077 1.6751963794231413 1.1100970953702924 0.92186146415770054 2.5979435555636883 0.95723005384206761 3.5552515015006065
leaf_count=16 78 123 7 26 6 8 8 26 17 6 16 37 12 43
internal_value=0 0.00136649 -0.00375013 0.00313138 -0.00118057 -0.00448473 -0.000481087 -0.00732345 0.00143545 0.0278791 0.00169209 0.00990151 0.00320952 -0.0152292
internal_weight=0 36.0185 26.009 18.3021 16.4067 15.6684 14.5142 11.693 9.67342 2.82114 1.71104 7.99822 7.11043 4.51248
internal_count=429 413 290 212 186 179 171 141 115 30 24 98 92 55
is_linear=0
shrinkage=0.05


Tree=69
num_leaves=15
num_cat=0
split_feature=0 6 7 2 1 7 11 11 1 8 10 11 1 11
split_gain=0.956875 1.35683 1.37669 1.6072 2.22724 1.2697 1.25484 1.06295 1.32395 1.67314 1.54609 2.22857 1.48936 1.11738
threshold=6.1544161409158447 0.51923076923076927 0.25306961147669121 0.51619644723093006 0.15367746288798925 0.71049974760222123 0.18350168350168353 0.75961538461538469 0.20722186076772939 26.915714285714291 0.96675262479277968 1.0000000180025095e-35 0.15873897937836226 0.15603700097370987
decision_type=2 2 2 2 2 2 2 2 2 2 2 2 2 2
left_child=1 2 7 4 5 -4 -6 8 10 -10 -1 -12 13 -13
right_child=-2 -3 3 -5 6 -7 -8 -9 9 -11 11 12 -14 -15
leaf_value=0.039772680833440092 -0.03800319944383309 0.046954017139813189 -0.032078790816777454 -0.051580402356200199 -0.04636388768417244 0.037660496008286831 0.019562018915891072 0.05715069807019884 -0.071987195806263199 -0.0035308140781775926 0.040246580249801114 -0.0092133275583610851 0.019109204665604108 -0.056221520620267543
leaf_weight=3.8101967871189162 1.5758982319384802 1.5898527745157469 0.83360362052917336 2.380810646340251 3.0548643954098229 3.0067639779299498 0.94510367326438416 0.98926049098372359 1.0676978975534428 5.441962381824851 3.0059241484850654 3.8900431543588621 2.9674866963177919 1.8727071359753606
leaf_count=54 17 30 12 31 33 39 11 8 7 52 51 35 28 21
internal_value=0 0.00182911 -0.000327473 -0.0156005 -0.0046748 0.0225226 -0.0307871 0.0064465 0.0041723 -0.0147589 0.0120993 0.00311497 -0.00966988 -0.0244895
internal_weight=0 34.8563 33.2664 10.2211 7.84034 3.84037 3.99997 23.0453 22.056 6.50966 15.5464 11.7362 8.73024 5.76275
internal_count=429 412 382 126 95 51 44 256 248 59 189 135 84 56
is_linear=0
shrinkage=0.05


Tree=70
num_leaves=15
num_cat=0
split_feature=9 8 4 9 13 13 1 7 11 4 0 0 2 2
split_gain=0.913971 0.908105 1.54102 2.04708 1.46393 1.41189 1.51107 0.99273 1.20579 1.40117 3.33409 1.0139 0.876857 0.844542
threshold=0.25298289528577395 32.487406398910828 0.028848821081830792 0.49917491749174919 9.1160916645681223 2.6088929219600732 0.20722186076772939 0.50890914741531146 0.39565217391304358 0.0042602843807663096 3.0201273556387074 4.1026092131977068 0.074565637065637083 0.18724593495934963
decision_type=2 2 2 2 2 2 2 2 2 2 2 2 2 2
left_child=-1 5 7 -4 -5 6 13 8 9 10 -3 -9 -7 -2
right_child=1 2 3 4 -6 12 -8 11 -10 -11 -12 -13 -14 -15
leaf_value=-0.037632020802235246 0.048810747377931646 0.067816016998568415 -0.049570697898341246 0.041224282964415604 -0.018317215635085468 0.0017228305107438325 -0.045100566443631633 0.011973141675249384 -0.031998191127141348 0.035496879742300556 -0.033861968196642715 -0.032201885841711568 -0.045766801071337473 0.002309564520908788
leaf_weight=1.5359755866229523 1.624548451974986 1.1135383285582081 0.85531005635857393 6.5944507420063019 1.2239357084035871 1.3978931307792661 1.1035217195749281 1.8941480945795763 1.6184301003813732 4.182707779109478 2.9214955531060696 4.1333970930427313 3.1904727593064308 2.4473698474466801
leaf_count=23 22 9 11 113 8 13 10 18 9 47 32 42 42 30
internal_value=0 0.00179157 0.00692348 0.0238692 0.0319033 -0.0111054 0.00679717 -0.00234182 0.00744948 0.0152184 -0.00580215 -0.0183199 -0.0312986 0.0208619
internal_weight=0 34.3012 24.5374 8.6737 7.81839 9.76381 5.17544 15.8637 9.83617 8.21774 4.03503 6.02755 4.58837 4.07192
internal_count=429 406 289 132 121 117 62 157 97 88 41 60 55 52
is_linear=0
shrinkage=0.05


Tree=71
num_leaves=15
num_cat=0
split_feature=0 6 11 7 2 1 11 8 1 4 0 0 1 11
split_gain=0.863741 1.2563 1.25332 0.967643 1.52398 2.03104 1.1835 1.69977 1.74207 1.43377 2.03098 1.16016 1.35985 1.1562
threshold=6.1544161409158447 0.51923076923076927 0.75961538461538469 0.25306961147669121 0.51619644723093006 0.15367746288798925 0.36660079051383404 26.129617557583664 0.15424266455194294 0.0042602843807663096 2.524928003624769 4.2765696590948545 0.12060606060606062 0.18350168350168353
decision_type=2 2 2 2 2 2 2 2 2 2 2 2 2 2
left_child=1 2 3 6 5 -5 7 8 -1 10 -9 -11 -13 -7
right_child=-2 -3 -4 4 -6 13 -8 9 -10 11 -12 12 -14 -15
leaf_value=0.026668967073965211 -0.036666700659714863 0.046298205492026047 0.055884385309668043 0.022162416012429104 -0.050866022345540211 -0.044975365818760993 -0.024031983886185083 0.065845906580859218 -0.064336455843404666 0.039659146472390473 -0.021067276565416557 0.049463598634601084 -0.0094749460751251402 0.01913170461964378
leaf_weight=0.82247673347593364 1.528046678751706 1.5128090679645527 0.96218498423695464 3.7145041134208423 2.2791306860744953 2.9370277952402835 3.2194682713598004 0.79809284582734008 1.4581429176032541 5.9734145589172822 4.2598701454699039 1.3526399843394754 3.5397481415420771 0.92479285597801197
leaf_count=15 17 30 8 51 31 33 26 7 12 77 45 25 41 11
internal_value=0 0.0017666 -0.000322872 -0.00205187 -0.015018 -0.00423406 0.00391283 0.00885491 -0.0315165 0.0146369 -0.0073533 0.0248733 0.00682029 -0.0296236
internal_weight=0 33.7543 32.2415 31.2793 9.85546 7.57632 21.4239 18.2044 2.28062 15.9238 5.05796 10.8658 4.89239 3.86182
internal_count=429 412 382 374 126 95 248 222 27 195 52 143 66 44
is_linear=0
shrinkage=0.05


Tree=72
num_leaves=15
num_cat=0
split_feature=13 8 4 0 10 1 7 0 1 2 0 8 3 13
split_gain=0.823397 1.14335 1.13038 1.8079 1.17399 1.73272 1.00821 0.991301 0.900939 0.782089 1.13884 0.916494 1.36422 1.50317
threshold=14.941653982749875 41.94285714285715 0.0042602843807663096 2.9174053685313028 0.99482210466604237 0.15424266455194294 1.0811126694717161 3.9981586158983733 0.051956815114709856 0.5761327713382508 2.6735537653587351 32.487406398910828 0.43393953085583054 4.7065337763012192
decision_type=2 2 2 2 2 2 2 2 2 2 2 2 2 2
left_child=1 8 7 -4 5 -5 -7 -3 -1 11 -11 12 13 -10
right_child=-2 2 3 4 -6 6 -8 -9 9 10 -12 -13 -14 -15
leaf_value=0.043646737435536209 -0.049218218024186106 0.01226011056739245 -0.088932444189464444 0.04485900384623101 0.055280489534991643 0.025862068493261732 -0.056987438218940256 -0.052391517811663006 0.014320433605897695 0.014656431954071326 -0.049016260615251023 0.0059263920092508093 -0.056885674750904072 -0.034978589873750451
leaf_weight=0.94044491276145237 0.82618698850273986 1.5502424836158737 0.32160491123795498 1.8938152026385071 3.0246105287224054 0.58482183888554551 0.9868428036570549 0.96011239290237416 3.8552405256778055 1.0241862237453454 2.2341687437146902 12.361535767093299 1.6121029034256933 2.5816344432532787
leaf_count=16 6 14 3 34 46 9 13 8 51 5 31 143 20 30
internal_value=0 0.00130131 0.0162139 0.0267837 0.0325178 0.012651 -0.0261589 -0.0124666 -0.00434761 -0.00625459 -0.0290023 -0.00262313 -0.0157534 -0.0054519
internal_weight=0 33.9314 9.32205 6.8117 6.49009 3.46548 1.57166 2.51035 24.6093 23.6689 3.25835 20.4105 8.04898 6.43687
internal_count=429 423 127 105 102 56 22 22 296 280 36 244 101 81
is_linear=0
shrinkage=0.05


Tree=73
num_leaves=15
num_cat=0
split_feature=9 0 11 13 4 4 8 1 2 1 2 11 9 10
split_gain=0.874619 0.736718 1.0348 0.890714 2.43392 1.49249 1.45785 0.971683 1.76915 1.6971 1.49474 1.1892 1.14521 0.899958
threshold=0.25298289528577395 6.1544161409158447 0.75961538461538469 5.8071379822554112 0.01993377483443709 0.012086155592559671 25.276666666666671 0.21291275966915441 0.26376285541439809 0.10939369764658956 0.13501030927835053 0.13563218390804602 0.96850198412698429 0.99875311720698268
decision_type=2 2 2 2 2 2 2 2 2 2 2 2 2 2
left_child=-1 2 3 4 7 -5 -6 8 10 13 11 -2 -12 -10
right_child=1 -3 -4 5 6 -7 -8 -9 9 -11 12 -13 -14 -15
leaf_value=-0.037520975821206497 0.054935424713295669 -0.034071113067850649 0.054708010512985773 0.026643924189913432 -0.030569983338466368 -0.023392783807285683 0.033303809812169211 -0.03385793488924678 0.011571356694905693 0.049804761357886231 0.0057305186462712522 -0.025364850712817563 -0.0647795093156915 -0.050454267679052124
leaf_weight=1.4785715490579594 0.87649518810213478 1.3721757642924775 0.95136240124702354 1.929047953337429 1.000698398798703 6.5524163246154785 8.3251674976199848 2.692363914102315 1.9596518371254208 2.4944067820906639 0.80022820457816157 0.97276803851127625 2.0539825856685638 0.83358255401253689
leaf_count=23 14 14 9 15 15 71 146 18 23 29 8 7 26 11
internal_value=0 0.00179135 0.00335643 0.00175418 0.00705919 -0.0120123 0.0264499 -0.00719836 -1.42501e-05 0.0198295 -0.0223226 0.0126951 -0.0450108 -0.0069389
internal_weight=0 32.8143 31.4422 30.4908 22.0093 8.48146 9.32587 12.6835 9.99112 5.28764 4.70347 1.84926 2.85421 2.79323
internal_count=429 406 392 383 297 86 161 136 118 63 55 21 34 34
is_linear=0
shrinkage=0.05


Tree=74
num_leaves=15
num_cat=0
split_feature=0 2 0 9 8 1 8 8 4 9 1 1 10 1
split_gain=0.819862 2.14398 1.67897 1.60456 2.42266 1.61476 1.49847 1.46168 1.10741 1.06298 1.22608 2.12909 1.08567 1.18096
threshold=4.1026092131977068 0.42927747705342439 3.9219243190762363 0.87210884353741502 31.710351051910873 0.16125703564727958 39.704503676470594 48.02272727272728 0.015117985878855445 0.49917491749174919 0.27793103448275869 0.25615090213231279 0.99875311720698268 0.10939369764658956
decision_type=2 2 2 2 2 2 2 2 2 2 2 2 2 2
left_child=2 3 7 5 -5 6 -2 9 -6 -1 11 12 -11 -14
right_child=1 -3 -4 4 8 -7 -8 -9 -10 10 -12 -13 13 -15
leaf_value=-0.059135318108886753 -0.023143378220228536 -0.041850581575030299 0.046195909558498768 -0.032642014370717565 -0.0099561496599826129 -0.048073197513226473 0.045560964848494791 0.050800920511240681 0.045212229332129726 0.030867272689820081 0.05192895345242874 -0.081260293068480816 -0.039274934955230878 0.0039583115821344586
leaf_weight=0.81067254394292909 1.9289624243974706 3.6167493741959325 2.4411199688911429 1.8334670346230266 1.1492979414761064 2.5259684659540653 1.348406149074435 1.3582983165979374 4.3621306680142879 2.4017555508762554 1.0398949794471271 0.84283544123172838 2.1407222300767899 6.0258423108607531
leaf_count=5 15 51 28 24 13 29 22 15 80 38 9 8 35 57
internal_value=0 -0.00775852 0.00781049 0.00161935 0.0171454 -0.0180309 0.00512362 0.00140124 0.033708 -0.0036584 -4.6367e-05 -0.00478286 0.0013163 -0.00737453
internal_weight=0 16.765 17.0611 13.1482 7.3449 5.80334 3.27737 14.62 5.51143 13.2617 12.4511 11.4112 10.5683 8.16656
internal_count=429 234 195 183 117 66 37 167 93 152 147 138 130 92
is_linear=0
shrinkage=0.05


Tree=75
num_leaves=15
num_cat=0
split_feature=9 10 11 2 0 13 4 1 4 4 2 1 11 1
split_gain=0.776269 0.747949 0.880156 0.827119 1.19716 0.904633 2.04313 1.29555 1.11474 1.11325 1.37337 1.02454 0.850172 1.45898
threshold=0.25298289528577395 0.40849719101123599 0.075498575498575513 0.73863636363636376 2.740319461670996 4.7065337763012192 0.017370537958773257 0.22796563192904659 0.025526978328479045 0.064172958133150312 0.29141727837380016 0.21188597991668848 0.062828947368421068 0.13054402447017702
decision_type=2 2 2 2 2 2 2 2 2 2 2 2 2 2
left_child=-1 2 -2 4 -3 6 12 11 -9 -8 -11 -7 -6 -14
right_child=1 3 -4 -5 5 7 9 8 -10 10 -12 -13 13 -15
leaf_value=-0.036211769409901694 -0.061775955085406231 -0.036611668175324803 0.0010469511173397976 0.054295202407827287 0.02215685180041399 -0.010420212961419408 0.043257404587232678 0.057128474542210567 -0.0054657033311191986 0.035010202296362786 -0.031502082276393915 -0.068533103329624714 -0.03499329341857154 0.017292988289340623
leaf_weight=1.4099379461258639 0.97687343135476412 1.837178772315389 1.2987502943724392 0.79012762755155463 1.9815129600465358 6.9671438075602037 5.3717618063092214 1.2854423336684706 1.592452500015497 1.7687503751367333 1.382928844541311 0.85109741240739811 3.6391336657106876 2.1064369790256023
leaf_count=23 12 19 18 6 25 76 103 9 19 34 14 7 45 19
internal_value=0 0.00170073 -0.0259215 0.00382617 0.00244078 0.00510331 0.0125358 -0.00618878 0.0224927 0.0294162 0.0058252 -0.0167464 -0.00608439 -0.0158241
internal_weight=0 31.8496 2.27562 29.574 28.7838 26.9467 16.2505 10.6961 2.87789 8.52344 3.15168 7.81824 7.72708 5.74557
internal_count=429 406 30 376 370 351 240 111 28 151 48 83 89 64
is_linear=0
shrinkage=0.05


Tree=76
num_leaves=15
num_cat=0
split_feature=7 13 6 7 9 2 10 13 1 8 2 8 1 2
split_gain=0.77102 1.91457 2.05137 1.31918 1.1319 1.29491 1.01311 0.900983 0.930898 1.7393 1.36882 1.12005 1.06445 1.01127
threshold=1.0000000180025095e-35 8.5107924090974958 0.22500000000000003 1.8779756656674309 0.50757575757575768 0.51619644723093006 0.95887323943661984 14.941653982749875 0.217967175352721 31.933333333333334 0.42927747705342439 45.577605321507768 0.24357284113381678 0.067424242424242428
decision_type=2 2 2 2 2 2 2 2 2 2 2 2 2 2
left_child=7 2 3 -2 -5 -6 -4 8 11 -10 12 13 -11 -1
right_child=1 -3 6 4 5 -7 -8 -9 9 10 -12 -13 -14 -15
leaf_value=0.044704001513257721 -0.035514533731825393 -0.076011671247364312 -0.010733484796223535 -0.045294098890939452 0.039504813746481834 -0.037552545897869515 0.052867806909721961 -0.046375330665497871 -0.063901069351640097 -0.016284707282232677 -0.036528992253473093 0.049918285070851359 0.045317323239185033 0.0034946802515472991
leaf_weight=1.7266054935753405 4.3606116995215398 1.006643647328018 0.92360398359596652 0.86287545599043403 2.1521098073571925 0.73016471602022637 1.9440214894711971 0.7930544875562181 1.1588434204459179 1.086184458807111 1.3769075274467466 1.9488005880266417 1.9787656180560587 10.80618725158274
leaf_count=31 61 13 12 10 30 10 37 6 13 10 9 31 17 139
internal_value=0 -0.0100169 -0.0039629 -0.0168213 0.00494399 0.0199839 0.0323831 0.00589637 0.00796059 -0.00934958 0.00488244 0.0146552 0.0234862 0.00917197
internal_weight=0 11.98 10.9734 8.10576 3.74515 2.88227 2.86763 20.8753 20.0823 5.6007 4.44186 14.4816 3.06495 12.5328
internal_count=429 173 160 111 50 40 49 256 250 49 36 201 27 170
is_linear=0
shrinkage=0.05


Tree=77
num_leaves=15
num_cat=0
split_feature=0 2 0 9 8 1 8 8 4 9 1 1 10 0
split_gain=0.740574 1.8393 1.51271 1.31822 2.21668 1.43037 1.34716 1.27636 1.01544 0.922876 1.09793 1.91439 0.982058 1.13181
threshold=4.1026092131977068 0.42927747705342439 3.9219243190762363 0.87210884353741502 31.710351051910873 0.16125703564727958 39.704503676470594 48.02272727272728 0.015117985878855445 0.49917491749174919 0.27793103448275869 0.25615090213231279 0.99875311720698268 2.524928003624769
decision_type=2 2 2 2 2 2 2 2 2 2 2 2 2 2
left_child=2 3 7 5 -5 6 -2 9 -6 -1 11 12 -11 -14
right_child=1 -3 -4 4 8 -7 -8 -9 -10 10 -12 -13 13 -15
leaf_value=-0.056075275464578869 -0.021652247539505926 -0.040063189054014292 0.044725530859792917 -0.032432263504173664 -0.0098009555310465037 -0.04606398198021603 0.045019632788632968 0.048925839181969459 0.043782041201623573 0.030090516818680448 0.050975505506326436 -0.079232286724602058 0.041145962229515408 -0.01438047438772317
leaf_weight=0.78102605789899904 1.8798430860042556 3.423007912002503 2.3450186494737855 1.780992619693279 1.1285270638763902 2.392812829464674 1.2692109420895574 1.2816829904913891 4.0836674505844712 2.3015123084187472 0.97147556766867715 0.79461411759257394 1.0585392471402881 6.8991008102893829
leaf_count=5 15 51 28 24 13 29 22 15 80 38 9 8 12 80
internal_value=0 -0.00757946 0.00754287 0.00129103 0.0157252 -0.0169232 0.00521953 0.0013536 0.0321804 -0.00340754 1.31667e-05 -0.00446573 0.00132525 -0.00699425
internal_weight=0 15.9581 16.433 12.5351 6.99319 5.54187 3.14905 14.088 5.21219 12.8063 12.0252 11.0538 10.2592 7.95764
internal_count=429 234 195 183 117 66 37 167 93 152 147 138 130 92
is_linear=0
shrinkage=0.05


Tree=78
num_leaves=15
num_cat=0
split_feature=7 13 6 2 9 8 8 10 11 11 8 4 13 0
split_gain=0.719367 1.75953 1.84006 1.18246 1.19971 1.60504 1.95698 0.950607 0.802915 0.95452 1.32603 1.05645 1.85794 1.20357
threshold=1.0000000180025095e-35 8.5107924090974958 0.22500000000000003 0.51619644723093006 0.50757575757575768 34.944358974358984 52.691756272401442 0.95887323943661984 0.75961538461538469 0.36660079051383404 26.129617557583664 0.0042602843807663096 5.4446640316205537 4.2765696590948545
decision_type=2 2 2 2 2 2 2 2 2 2 2 2 2 2
left_child=8 2 3 4 -2 -6 -7 -4 9 10 -1 -12 -13 -14
right_child=1 -3 7 -5 5 6 -8 -9 -10 -11 11 12 13 -15
leaf_value=-0.029163850661011625 -0.048046267640048254 -0.075021794032397032 -0.010614060521570674 -0.049805645695376044 -0.040559357542031355 0.048225120243594023 -0.039814626725603583 0.052251364781374071 0.052943659397120507 -0.022021926570816804 -0.0058332591548482318 0.040192003633664132 0.021202450027881826 -0.035930596529231799
leaf_weight=2.0562972463667526 1.2692974712699614 0.95182123873382884 0.8991573452949525 1.9743495862931011 1.2816277705132959 2.4353190865367655 0.85204206034541119 1.8155063670128584 0.8622981458902349 3.0562365371733895 4.6609139498323193 6.0507669318467361 2.0321467556059365 1.6870773807168005
leaf_count=27 17 13 12 30 19 38 7 37 8 26 52 103 22 18
internal_value=0 -0.00991969 -0.00403351 -0.0163557 -0.00504381 0.00690258 0.0254063 0.0314289 0.00572645 0.00364312 0.00840066 0.0137533 0.0230974 -0.00471367
internal_weight=0 11.4791 10.5273 7.81264 5.83829 4.56899 3.28736 2.71466 20.4057 19.5434 16.4872 14.4309 9.76999 3.71922
internal_count=429 173 160 111 81 64 45 49 256 248 222 195 143 40
is_linear=0
shrinkage=0.05


Tree=79
num_leaves=15
num_cat=0
split_feature=9 10 11 8 8 3 1 11 8 13 4 13 11 4
split_gain=0.687977 0.603382 0.797473 0.77183 1.39623 1.39047 1.55917 1.47479 1.17356 0.88146 0.844423 1.74992 1.21665 1.2903
threshold=0.25298289528577395 0.40849719101123599 0.075498575498575513 32.487406398910828 31.933333333333334 0.43393953085583054 0.22073677956030899 0.13563218390804602 25.276666666666671 12.613636363636365 0.020287419399094529 5.4446640316205537 0.062828947368421068 0.012834591626630063
decision_type=2 2 2 2 2 2 2 2 2 2 2 2 2 2
left_child=-1 2 -2 4 5 6 7 -3 -9 10 12 -12 -5 -14
right_child=1 3 -4 9 -6 -7 -8 8 -10 -11 11 -13 13 -15
leaf_value=-0.035513148785166877 -0.060796130262080542 0.051123200554196793 0.0018655188073215508 0.030969347987912246 -0.071295117799244842 -0.044578625504227101 -0.046592686120910151 0.046554585785650845 -0.02587860434165103 -0.04580908485509113 0.041464889900935754 -0.0031046476789196873 0.0047436670092757365 -0.040238013249456028
leaf_weight=1.3003012919798518 0.87161100283265414 2.1783997397869843 1.2163053043186662 2.5320952367037588 0.81703824549913395 1.5506536439061163 1.0508230552077291 0.79650238528847728 1.876981273293495 0.70826053619384666 5.0802492601796967 3.8876504190266132 5.1676541827619076 2.3055266793817282
leaf_count=23 12 33 18 33 9 20 11 9 28 5 112 42 53 21
internal_value=0 0.00163495 -0.0242929 0.00357168 -0.00924545 -0.00244356 0.00862541 0.0205846 -0.00429882 0.00895761 0.011002 0.0221437 0.00101558 -0.00913348
internal_weight=0 30.0398 2.08792 27.9518 8.2704 7.45336 5.90271 4.85188 2.67348 19.6814 18.9732 8.9679 10.0053 7.47318
internal_count=429 406 30 376 110 101 81 70 37 266 261 154 107 74
is_linear=0
shrinkage=0.05


Tree=80
num_leaves=15
num_cat=0
split_feature=7 13 6 7 3 2 10 8 2 10 1 0 13 8
split_gain=0.662643 1.6353 1.71793 1.25538 0.992814 0.948458 0.89466 0.716195 0.948972 1.27341 1.24342 1.33305 1.48744 2.29096
threshold=0.25306961147669121 8.5107924090974958 0.22500000000000003 1.8779756656674309 0.3631785704869625 0.36092085235920857 0.95887323943661984 48.40083437630372 1.0000000180025095e-35 0.97511452271883137 0.15967032967032971 3.1132683346437333 4.7065337763012192 39.283787661406031
decision_type=2 2 2 2 2 2 2 2 2 2 2 2 2 2
left_child=7 2 3 -2 5 -5 -4 8 -1 -10 -11 -12 -13 -14
right_child=1 -3 6 4 -6 -7 -8 -9 9 10 11 12 13 -15
leaf_value=0.040661327321882851 -0.037070591007242082 -0.074093087563851592 -0.010169597005375832 0.051310298277213499 -0.031097675338482733 -0.01539111828361737 0.051809336645784 0.033628669728101412 0.022467843987332488 -0.026814189777272648 -0.029862527304942172 0.062535190232227922 -0.037714857708786936 0.042188262701813375
leaf_weight=1.4790168479085064 3.6700103180482948 0.91042318660765964 0.88100750371813785 1.3429702688008553 1.2322022691369054 0.8836084809154271 1.7170018227770925 2.0221839733421794 4.2670052843168387 5.550461508333683 1.973366033285856 1.3935493621975181 1.8199632260948422 1.7690751999616621
leaf_count=28 58 13 12 22 18 10 37 25 66 71 13 16 24 16
internal_value=0 -0.0100137 -0.00401595 -0.0167012 0.00491209 0.0248401 0.0307917 0.00539552 0.00226758 -0.00111784 -0.00916493 0.00491819 0.0186932 0.00167024
internal_weight=0 10.6372 9.7268 7.12879 3.45878 2.22658 2.59801 20.2746 18.2524 16.7734 12.5064 6.95595 4.98259 3.58904
internal_count=429 170 157 108 50 32 49 259 234 206 140 69 56 40
is_linear=0
shrinkage=0.05


Tree=81
num_leaves=15
num_cat=0
split_feature=9 11 11 4 2 2 0 2 13 4 11 4 7 10
split_gain=0.639841 0.562634 0.607601 0.698703 1.55388 1.24692 1.1088 2.05899 0.943343 1.90421 1.14837 0.845289 1.13607 1.19593
threshold=0.25298289528577395 0.75961538461538469 0.48054968287526428 0.0042602843807663096 0.26628151260504207 0.18724593495934963 2.6735537653587351 0.42927747705342439 6.0915275200989489 0.012086155592559671 0.0167170425482446 0.01993377483443709 1.0000000180025095e-35 0.97511452271883137
decision_type=2 2 2 2 2 2 2 2 2 2 2 2 2 2
left_child=-1 2 3 4 5 -2 -6 -8 10 -10 -5 12 13 -12
right_child=1 -3 -4 8 6 -7 7 -9 9 -11 11 -13 -14 -15
leaf_value=-0.034779827013654348 -0.015151053674078544 0.039773027980157277 -0.023394933681931251 0.052971931408554745 0.05418030826887308 -0.081165552714396461 0.042907811644458851 -0.050134845134313599 0.059227609335692225 -0.020959689747417909 0.054252013166533879 0.020618560517418311 -0.02947974000734941 -0.022768227650156639
leaf_weight=1.2606411585584307 2.359698271378885 0.93451280985027452 2.4612511023879042 1.7331905588507677 1.0909167081117632 1.0264946632087228 1.1161386631429198 1.2725302167236803 0.86919857561588187 4.9949011467397213 1.1505864709615692 6.6783142946660519 2.5536727160215378 0.89688080176711071
leaf_count=23 26 10 23 46 9 15 10 16 7 61 19 125 30 9
internal_value=0 0.00160391 0.0003392 0.00260843 -0.0110503 -0.0351628 0.012415 -0.00665937 0.00757632 -0.00907403 0.0150797 0.00925726 -0.00723307 0.0205138
internal_weight=0 29.1383 28.2038 25.7425 6.86578 3.38619 3.47959 2.38867 18.8767 5.8641 13.0126 11.2795 4.60114 2.04747
internal_count=429 406 396 373 76 41 35 26 297 68 229 183 58 28
is_linear=0
shrinkage=0.05


Tree=82
num_leaves=15
num_cat=0
split_feature=0 2 0 1 9 8 4 8 1 10 4 0 8 9
split_gain=0.636266 1.53532 1.2577 1.23564 1.28494 2.14749 1.40545 1.1069 0.880476 0.730102 0.648682 0.782506 0.608469 0.580101
threshold=4.1026092131977068 0.42927747705342439 3.9219243190762363 0.11495771670190276 0.88832733314871237 31.710351051910873 0.017370537958773257 48.02272727272728 0.12791467938526765 0.83130081300813019 0.010887417667078686 5.3589392201907193 43.734000994388815 0.52554112554112564
decision_type=2 2 2 2 2 2 2 2 2 2 2 2 2 2
left_child=2 3 7 9 10 -6 -7 12 -8 -2 -5 -12 13 -1
right_child=1 -3 -4 4 5 6 8 -9 -10 -11 11 -13 -14 -15
leaf_value=-0.027637677581233845 -0.010562667258402167 -0.038544401120456005 0.042864854635850519 -0.067863779183384904 -0.046029503440244202 -0.028203476317772969 -0.021268432928146466 0.047620268797284288 0.054605537450839292 0.048679237147801917 0.0019924253545370654 -0.052480731113338543 -0.040920266192779539 0.004948385451575609
leaf_weight=1.5948617830872525 0.72795246262103241 3.1104958411306134 2.1286724563688031 0.87795070931315278 1.3570377379655836 0.89045760035514865 0.44935908354818854 1.1829640269279469 2.5644397167488933 1.8212097510695457 1.7428805679082873 1.0603675441816447 0.97545579820871431 9.5083395913243294
leaf_count=23 11 51 28 6 19 10 7 15 57 31 26 16 10 119
internal_value=0 -0.00738151 0.00718862 0.00105349 -0.00770028 0.00815345 0.0269863 0.0014621 0.0432927 0.0317618 -0.030359 -0.0186128 -0.00305856 0.000267729
internal_weight=0 14.6022 15.3903 11.4917 8.94249 5.26129 3.90426 13.2616 3.0138 2.54916 3.6812 2.80325 12.0787 11.1032
internal_count=429 234 195 183 141 93 74 167 64 42 48 42 152 142
is_linear=0
shrinkage=0.05


Tree=83
num_leaves=15
num_cat=0
split_feature=8 9 1 8 4 2 2 7 7 2 13 11 9 8
split_gain=0.631514 0.853118 0.798858 1.49207 1.28186 0.921025 0.955376 0.676835 0.590547 1.36821 1.78946 1.24131 1.19739 1.35627
threshold=41.94285714285715 0.27310735567060668 0.1493491627420199 55.994696969696982 0.0042602843807663096 0.35179919599960785 0.53078775369797049 1.4138689048760995 1.0000000180025095e-35 0.51619644723093006 9.1160916645681223 0.062114197530864203 0.89557559236737272 31.710351051910873
decision_type=2 2 2 2 2 2 2 2 2 2 2 2 2 2
left_child=1 -1 4 5 -2 7 -7 -4 -3 10 11 -10 -13 -14
right_child=2 8 3 -5 -6 6 -8 -9 9 -11 -12 12 13 -15
leaf_value=-0.05871478271731994 -0.017175935642064068 0.0033587719442445818 0.055768634659347532 -0.060566955332156447 0.052276359076330527 -0.035159623799854621 0.035192404076641634 -0.012458045627603642 0.054609157501787631 -0.056698702327744793 -0.078955501673045228 -0.043368348791982994 -0.038089209236518325 0.043978219296085155
leaf_weight=0.69849971216172591 0.94660323858260964 13.985171488486232 1.3754335446283223 0.85672798939049233 2.2282599816098809 1.372462662868202 0.74425935465842474 0.49408977758139361 1.1022778330370773 1.5035134647041557 0.67353616841137398 1.3448520787060263 0.76015840098261866 1.4906892506405709
leaf_count=14 10 181 26 8 46 17 12 10 22 25 6 16 10 26
internal_value=0 -0.00435979 0.0120762 -0.000702408 0.0315688 0.0121637 -0.0104232 0.0377372 -0.00253973 -0.0145384 -0.00273757 0.00818958 -0.00604055 0.0162623
internal_weight=0 21.5587 8.01784 4.84297 3.17486 3.98625 2.11672 1.86952 20.8602 6.87503 5.37151 4.69798 3.5957 2.25085
internal_count=429 300 129 73 56 65 29 36 286 105 80 74 52 36
is_linear=0
shrinkage=0.05


Tree=84
num_leaves=15
num_cat=0
split_feature=8 9 1 0 11 1 0 2 0 13 8 0 1 8
split_gain=0.584221 0.810244 1.13556 1.39606 1.38261 1.03509 1.02485 1.18205 1.92808 1.33887 0.793363 0.751231 0.745947 1.39318
threshold=41.94285714285715 0.97142273933455814 0.23213272830402726 4.3882378946731615 0.083551483420593389 0.27326839826839833 2.524928003624769 0.18724593495934963 3.5114340430413216 9.1160916645681223 31.054748062015509 3.9981586158983733 0.1493491627420199 55.994696969696982
decision_type=2 2 2 2 2 2 2 2 2 2 2 2 2 2
left_child=1 2 3 -1 -5 6 -3 9 10 -8 -9 -10 -2 -14
right_child=12 5 -4 4 -6 -7 7 8 11 -11 -12 -13 13 -15
leaf_value=0.019697455394913122 0.030928125569348916 0.06335578564964299 -0.057723783235843019 0.0041186423809963929 -0.049690690809212075 0.062503394280155486 0.026763417127288226 -0.0048112329072100141 0.026781888877007304 -0.041360575573804494 -0.073527743194148468 -0.017787959277892618 0.011800247379874222 -0.05959682343211762
leaf_weight=2.8361411653459108 3.0821902239695183 0.61479752883314986 1.3586616292595861 2.2402189951390028 2.5556632019579411 0.71544583886861879 4.1432580910623056 0.56881689652800593 1.8106315359473231 0.87324726954102505 1.6059229988604782 1.9785481290891764 3.9114988250657916 0.82787515595555294
leaf_count=38 56 7 14 37 37 6 66 8 25 10 23 29 65 8
internal_value=0 -0.00419732 -0.0156082 -0.00811073 -0.0245557 0.00413623 0.000534868 -0.0029825 -0.0180282 0.0149047 -0.0555545 0.00350941 0.0117808 -0.000671413
internal_weight=0 21.3014 8.99068 7.63202 4.79588 12.3107 11.5952 10.9804 5.96392 5.01651 2.17474 3.78918 7.82156 4.73937
internal_count=429 300 126 112 74 174 168 161 85 76 31 54 129 73
is_linear=0
shrinkage=0.05


Tree=85
num_leaves=15
num_cat=0
split_feature=9 11 6 7 1 2 7 10 11 4 4 8 11 0
split_gain=0.551458 0.509536 0.557223 0.96517 1.05659 1.50542 1.07202 0.913874 1.39555 1.67626 1.45058 1.23228 1.62022 1.20761
threshold=0.25298289528577395 0.75961538461538469 0.22500000000000003 0.25306961147669121 0.15133897110641301 0.51619644723093006 0.71049974760222123 0.97511452271883137 0.15603700097370987 0.012086155592559671 0.0036021840064327034 24.028409090909097 0.026013513513513518 2.249904835165133
decision_type=2 2 2 2 2 2 2 2 2 2 2 2 2 2
left_child=-1 2 3 7 5 6 -5 11 10 -10 13 -2 -13 -9
right_child=1 -3 -4 4 -6 -7 -8 8 9 -11 -12 12 -14 -15
leaf_value=-0.03369396350660233 -0.046559761858063292 0.03868663271781142 0.022620723871844169 -0.033395952984965553 -0.039386965806562729 -0.053126135903936979 0.040435869469496635 0.037750367603466943 0.011730818635093196 -0.044078226680109321 0.031698732960472813 -0.025850782826393699 0.05239224225908197 -0.02869394146581792
leaf_weight=1.1595166651532078 0.53811000846327495 0.89163504634052415 2.5233339592814437 0.66931361891329277 3.137704573571682 0.94606721773743618 1.8522053388878701 0.91745302453637156 2.2629940882325172 3.3184324689209461 4.1050797281786799 0.85958829708397422 2.873220669105649 2.6854871958494186
leaf_count=23 7 10 49 13 38 21 33 10 22 40 66 9 54 34
internal_value=0 0.00150503 0.000262857 -0.00207171 -0.0183644 0.000658173 0.0208379 0.00405676 -0.00240951 -0.0214504 0.0113781 0.0241773 0.0343745 -0.0117746
internal_weight=0 27.5806 26.689 24.1657 6.60529 3.46759 2.52152 17.5604 13.2894 5.58143 7.70802 4.27092 3.73281 3.60294
internal_count=429 406 396 347 105 67 46 242 172 62 110 70 63 44
is_linear=0
shrinkage=0.05


Tree=86
num_leaves=15
num_cat=0
split_feature=3 1 7 10 6 10 10 1 11 1 11 0 0 13
split_gain=0.538556 0.648501 0.620064 0.979988 0.611327 0.504773 0.662701 1.20517 1.103 0.71277 1.82982 1.34111 1.22923 1.40338
threshold=1.0050505050505054 0.1625641800060405 1.0000000180025095e-35 0.63559168925022591 0.51923076923076927 0.38342198581560288 0.9207221350078495 0.15424266455194294 0.11024305555555557 0.15873897937836226 0.040146520146520155 3.0677824455408698 2.524928003624769 4.3978021978021991
decision_type=2 2 2 2 2 2 2 2 2 2 2 2 2 2
left_child=4 2 -2 -4 5 -1 7 -7 -9 10 11 -8 -11 -14
right_child=1 -3 3 -5 -6 6 9 8 -10 12 -12 -13 13 -15
leaf_value=-0.034007042953175207 0.032319013755301225 -0.033197671349896596 -0.054792837327560177 0.033829339202519897 0.038925358694153811 0.040734992696783164 -0.049377402634155042 -0.067225982130104292 0.020498990645288262 -0.042624584749550103 -0.027432361871082223 0.047247817951008575 0.042529187708312786 -0.00061283870046554352
leaf_weight=0.96419807337225449 1.0431989990174764 2.4468185203149915 0.78169495239853837 0.51909265667200089 1.1395385423675168 2.6975092170760062 0.45575373992324175 0.60634988546371438 0.87596599012613297 1.0655221436172713 5.6612243484705687 1.6934349639341233 2.8932665046304447 5.4091873578727245
leaf_count=14 11 40 17 7 30 56 7 4 19 10 75 37 45 57
internal_value=0 -0.0151925 0.0036026 -0.0194272 0.00320377 0.00138022 0.00297774 0.0208327 -0.0153854 -0.0013667 -0.0125209 0.0267576 0.00793297 0.0144214
internal_weight=0 4.79081 2.34399 1.30079 23.462 22.3224 21.3582 4.17983 1.48232 17.1784 7.81041 2.14919 9.36798 8.30245
internal_count=429 75 35 24 354 324 310 79 23 231 119 44 112 102
is_linear=0
shrinkage=0.05


Tree=87
num_leaves=15
num_cat=0
split_feature=0 13 8 4 9 13 0 8 1 10 0 10 8 11
split_gain=0.544685 1.17618 1.04388 1.77438 1.06645 1.24628 1.07354 1.3547 0.669657 0.667521 0.504242 1.48089 0.937451 0.73067
threshold=4.2765696590948545 10.056179775280901 32.722222222222229 0.0042602843807663096 0.67006802721088443 2.9586834733893559 4.7317931335534196 42.375000000000007 0.12060606060606062 0.83130081300813019 3.9219243190762363 0.61781343800507982 48.02272727272728 0.69047619047619058
decision_type=2 2 2 2 2 2 2 2 2 2 2 2 2 2
left_child=10 2 8 -4 5 -5 7 -6 -2 -8 12 -12 13 -1
right_child=1 -3 3 4 6 -7 9 -9 -10 -11 11 -13 -14 -15
leaf_value=-0.0062793682299293885 0.0085039175957219559 -0.054886686768052334 -0.064575373879324396 0.033644839903118083 -0.033394567485310556 -0.052572999873412789 -0.0065691779705564293 0.052996204260225922 -0.046209646262910319 0.053079681582298338 -0.04303113684460224 0.038907921612597374 0.045613011918176932 0.04282825122110219
leaf_weight=10.705450627952818 0.79861972667276715 1.2054906468838442 0.79233081266283978 0.6823278386145829 1.307884890586138 1.0866531170904634 0.56522441841661963 0.69488150067627419 1.8657986782491205 2.7559498073533177 0.68583717942237798 2.8134544100612402 1.0947187384590495 0.81514178216457445
leaf_count=145 14 13 7 12 21 25 11 17 28 65 8 41 15 7
internal_value=0 -0.00809917 -0.00275285 0.00638976 0.0143171 -0.0193172 0.0254927 -0.00342035 -0.0298101 0.0429282 0.00605503 0.0228484 0.0013968 -0.00280475
internal_weight=0 11.7552 10.5497 7.88525 7.09292 1.76898 5.32394 2.00277 2.66442 3.32117 16.1146 3.49929 12.6153 11.5206
internal_count=429 213 200 158 151 37 114 38 42 76 216 49 167 152
is_linear=0
shrinkage=0.05


Tree=88
num_leaves=15
num_cat=0
split_feature=9 8 8 1 4 13 1 9 1 1 13 2 13 8
split_gain=0.57456 0.515609 0.654471 0.8939 1.35629 0.908944 1.29121 0.643252 1.03066 0.853248 0.851453 0.874136 0.593698 0.863875
threshold=0.17156862745098042 41.94285714285715 43.734000994388815 0.15069985168705971 0.0042602843807663096 2.7241805813234388 0.15873897937836226 0.97142273933455814 0.23213272830402726 0.27093760427093766 4.3978021978021991 0.074565637065637083 6.2432331345105228 36.273148148148159
decision_type=2 2 2 2 2 2 2 2 2 2 2 2 2 2
left_child=-1 7 -3 4 -4 -5 -7 8 -2 10 11 -9 -12 -14
right_child=1 2 3 5 -6 6 -8 9 -10 -11 12 -13 13 -15
leaf_value=-0.052307181652435725 -0.0063841602023581336 0.040608077973814063 -0.03801305015229528 -0.043293354250826983 0.050811149035110283 -0.056921028801776075 0.035956776041521199 0.053421651449146568 -0.05622067684169018 0.053893282273297927 -0.053112215173310467 0.0035854991943174799 -0.023462797740208225 0.041859216747369893
leaf_weight=0.5135061545297529 6.8352048052474892 1.6143841566517938 0.57463802024722133 1.3752515614032748 1.7046301010996101 0.51736480183899392 1.3523786794394252 1.0240114033222179 1.2230637334287164 0.81066424399614412 0.94553833454847369 6.2519404059275985 2.0149617753922944 0.67592886090278614
leaf_count=16 104 34 7 15 37 6 24 26 12 8 12 89 32 7
internal_value=0 0.00108379 0.0126027 0.00441859 0.0284172 -0.0124379 0.0102572 -0.00307315 -0.0139482 0.00440224 0.000725624 0.0105994 -0.0190303 -0.00705446
internal_weight=0 26.92 7.13865 5.52426 2.27927 3.245 1.86974 19.7813 8.05827 11.723 10.9124 7.27595 3.63643 2.69089
internal_count=429 413 123 89 44 45 30 290 116 174 166 115 51 39
is_linear=0
shrinkage=0.05


Tree=89
num_leaves=15
num_cat=0
split_feature=7 13 6 7 9 2 10 2 11 0 4 4 11 1
split_gain=0.513925 1.2948 1.24609 0.872742 0.805841 0.86271 0.72215 0.637669 0.667376 0.673075 0.694916 1.68337 1.54021 0.903593
threshold=1.0000000180025095e-35 8.5107924090974958 0.22500000000000003 1.8779756656674309 0.50757575757575768 0.51619644723093006 0.95887323943661984 0.73863636363636376 0.75961538461538469 2.9174053685313028 0.046120119950585146 0.0042602843807663096 1.0000000180025095e-35 0.11163032191069576
decision_type=2 2 2 2 2 2 2 2 2 2 2 2 2 2
left_child=7 2 3 -2 -5 -6 -4 8 9 -1 11 13 -12 -11
right_child=1 -3 6 4 5 -7 -8 -9 -10 10 12 -13 -14 -15
leaf_value=-0.023862892759902977 -0.032385976181581393 -0.071043000682787211 -0.0096163792439504601 -0.043162678170564232 0.037330678214227905 -0.033794027095282293 0.050609313654822324 0.049676611880746416 0.049093704350171366 -0.035099700704409063 0.054600867091519047 0.032414056561391971 -0.022709111664103877 0.011711641476600866
leaf_weight=2.3467796929180755 3.3704837281256879 0.78205672558397132 0.777175867930055 0.67054699361324344 1.6800445877015593 0.57133629918098439 1.3843436809256671 0.76565822213888068 0.7519463449716558 1.9676033519208411 0.76676598750054736 5.0721513386815786 4.0317722680047154 2.1654054746031761
leaf_count=24 61 13 12 10 30 10 37 8 8 33 22 83 61 17
internal_value=0 -0.00949137 -0.00379735 -0.0150482 0.00495113 0.0192813 0.0289551 0.00503498 0.00303642 0.000918281 0.00507118 0.013113 -0.0103556 -0.0105739
internal_weight=0 9.23599 8.45393 6.29241 2.92193 2.25138 2.16152 17.8681 17.1024 16.3505 14.0037 9.20516 4.79854 4.13301
internal_count=429 173 160 111 50 40 49 256 248 240 216 133 83 50
is_linear=0
shrinkage=0.05


Tree=90
num_leaves=15
num_cat=0
split_feature=0 13 3 4 11 7 4 7 9 11 1 0 10 7
split_gain=0.511527 1.0599 0.815564 0.868955 1.01124 0.71433 0.748409 0.659319 0.655181 0.756551 0.865623 0.464379 1.30322 0.513837
threshold=4.2765696590948545 10.056179775280901 3.3803085126642549 0.0042602843807663096 0.033908045977011504 1.4856094516211353 0.088682495693206506 3.6237373737373741 0.82020202020202027 0.13563218390804602 0.16125703564727958 3.9219243190762363 0.61781343800507982 2.2631241997439187
decision_type=2 2 2 2 2 2 2 2 2 2 2 2 2 2
left_child=11 2 3 -2 -5 6 8 -7 -6 -10 -11 13 -13 -1
right_child=1 -3 -4 4 5 7 -8 -9 9 10 -12 12 -14 -15
leaf_value=0.0051483974257911895 -0.046113315788562217 -0.053827702501374169 -0.048026453333467556 0.04861627294173336 -0.03150211066924704 0.049683017491828921 -0.056463429992240799 -0.0098946747792203055 0.044470257790884045 -0.033050022495658624 0.037787177451594212 -0.041411998043239001 0.037800048039532887 -0.02670381018891739
leaf_weight=10.847757722251119 0.86207887530326566 1.138217657804488 0.909726941026748 1.2219882672652582 1.3394316518679259 1.1331189703196285 0.75524048693478096 0.78683519177138794 1.060501351952553 1.2326093930751083 0.6633664397522806 0.64371436834335272 2.6854804093018174 1.4334667306393374
leaf_count=147 8 13 27 35 22 27 8 19 23 19 12 8 41 20
internal_value=0 -0.00811851 -0.00289748 0.0016364 0.00666063 -0.000693915 -0.0105617 0.0252669 -0.00249195 0.0106511 -0.00826541 0.00592062 0.0224841 0.0014306
internal_weight=0 11.1031 9.9649 9.05517 8.19309 6.9711 5.05115 1.91995 4.29591 2.95648 1.89598 15.6104 3.32919 12.2812
internal_count=429 213 200 173 165 130 84 46 76 54 31 216 49 167
is_linear=0
shrinkage=0.05


Tree=91
num_leaves=15
num_cat=0
split_feature=0 13 8 4 9 13 0 1 13 9 0 7 1 1
split_gain=0.469488 0.986282 0.921595 1.52163 0.931436 0.97708 0.909602 0.63619 0.543575 0.454892 0.439598 0.677214 0.612967 0.972142
threshold=4.2765696590948545 10.056179775280901 32.722222222222229 0.0042602843807663096 0.82020202020202027 1.8957771787960469 4.7050052835523761 0.12060606060606062 2.0287419399094531 0.6048780487804879 3.7256208424938388 1.4856094516211353 0.17883795309168446 0.27793103448275869
decision_type=2 2 2 2 2 2 2 2 2 2 2 2 2 2
left_child=10 2 7 -4 5 -5 8 -2 -6 -7 12 -12 -1 -14
right_child=1 -3 3 4 6 9 -8 -9 -10 -11 11 -13 13 -15
leaf_value=0.012364700415758469 0.0089474073918277951 -0.052634652959702627 -0.062753648529201997 0.0412170838181245 -0.03190284682388686 -0.053242503542550994 0.047046291655035939 -0.045799061487845606 0.030891411858351526 -0.004151913861692098 0.031852392727131515 -0.0055569656023610747 -0.022881561175497708 0.029147418973013029
leaf_weight=4.9981696195900458 0.76533890888094758 1.1066263820976008 0.71978342533111561 0.69551086053252253 0.75647340156137965 0.92153205350041367 2.5331813544034958 1.7305736001580951 0.63303245976567268 0.96718004252761602 3.1813195506110779 1.9521201513707636 4.265381021425128 1.1371524948626754
leaf_count=78 14 13 7 14 9 24 68 28 21 15 47 28 52 11
internal_value=0 -0.00790839 -0.00281765 0.00622912 0.0138599 -0.00944709 0.0292143 -0.0290118 -0.00329498 -0.028104 0.00565413 0.0176265 -0.000255045 -0.0119302
internal_weight=0 10.8292 9.72261 7.22669 6.50691 2.58422 3.92269 2.49591 1.38951 1.88871 15.5341 5.13344 10.4007 5.40253
internal_count=429 213 200 158 151 53 98 42 30 39 216 75 141 63
is_linear=0
shrinkage=0.05


Tree=92
num_leaves=15
num_cat=0
split_feature=9 8 1 9 2 2 4 13 9 1 0 11 1 2
split_gain=0.497 0.476761 0.60648 0.564675 1.16095 0.906854 0.94602 0.6375 0.498992 0.89537 0.890981 1.14318 0.843331 0.689625
threshold=0.17156862745098042 41.94285714285715 0.051956815114709856 0.96116138763197601 0.098611111111111135 0.19693877551020411 0.020287419399094529 5.5175038051750382 0.97142273933455814 0.23213272830402726 4.3882378946731615 0.083551483420593389 0.27093760427093766 0.18724593495934963
decision_type=2 2 2 2 2 2 2 2 2 2 2 2 2 2
left_child=-1 2 -2 4 -3 -5 -7 -6 9 10 -4 -12 13 -10
right_child=1 3 8 5 7 6 -8 -9 12 -11 11 -13 -14 -15
leaf_value=-0.052024484836236395 0.042277806443384573 -0.050888643699505125 0.016327652417547626 0.038842670471040321 0.051800894903410472 -0.04493627617108064 0.023152271112012877 0.0026289656670590014 0.013019531110524063 -0.054982266531741854 0.0060617465692810622 -0.048205832932002299 0.052726920243909695 -0.013510116599854639
leaf_weight=0.44976985035464423 0.70999004319310799 0.42948119528591577 2.4478120151907214 0.91589009389281306 2.1620415588840847 1.411447821184993 0.79888752661645401 0.94825017079710949 4.3890721946954709 1.1658524144440887 1.8647565776482227 2.0235285041853786 0.76403041183948595 5.543348940089345
leaf_count=16 16 6 35 22 49 18 15 13 71 12 34 32 8 82
internal_value=0 0.000995415 -0.00305802 0.0124932 0.0261692 -0.00299196 -0.0203268 0.0368096 -0.00482674 -0.014713 -0.00730342 -0.02218 0.00210699 -0.00178684
internal_weight=0 25.5744 18.9084 6.666 3.53977 3.12623 2.21034 3.11029 18.1984 7.50195 6.3361 3.88829 10.6965 9.93242
internal_count=429 413 290 123 68 55 33 62 274 113 101 66 161 153
is_linear=0
shrinkage=0.05


Tree=93
num_leaves=15
num_cat=0
split_feature=11 1 8 13 9 0 11 13 13 8 8 4 10 10
split_gain=0.47327 0.538355 1.33312 1.10663 1.00801 1.20429 1.16657 1.54711 0.994189 0.735514 0.71964 0.650373 0.631819 0.811427
threshold=0.75961538461538469 0.17262664963814392 26.915714285714291 10.056179775280901 0.9163752913752915 4.2765696590948545 0.39565217391304358 9.1160916645681223 10.056179775280901 45.577605321507768 24.51136363636364 0.0042602843807663096 0.21825396825396828 0.9207221350078495
decision_type=2 2 2 2 2 2 2 2 2 2 2 2 2 2
left_child=1 3 -3 9 5 8 7 -6 -4 10 -1 -11 -12 -14
right_child=-2 2 4 -5 6 -7 -8 -9 -10 11 12 -13 13 -15
leaf_value=0.054055886911169831 0.037463083150004128 -0.059562921598015663 -0.024577562324724841 -0.053388650948854678 0.039993839266986554 -0.05469118587580149 -0.030708365378326958 -0.039232722173568046 0.045847616738523445 -0.020601121398020398 -0.052396867534345443 0.047613468684751421 0.022935090948568455 -0.0067897861036162847
leaf_weight=0.65556234680116432 0.81947013270109792 1.196788828819989 1.329029032960533 0.769698556512595 3.1458525378257041 1.6724662017077205 1.2681480087339876 0.76629304513335217 0.80447391420602787 0.4331034664064658 0.54415141977369685 1.8084321040660141 3.39995547570288 7.0700775161385536
leaf_count=13 10 13 18 8 55 31 13 9 9 6 14 42 66 122
internal_value=0 -0.00115577 -0.00998976 0.00497169 -0.00338762 -0.0229246 0.0109662 0.0244753 0.00197746 0.00820071 0.00316195 0.0344332 0.000132751 0.00286283
internal_weight=0 24.864 10.1831 14.681 8.98626 3.80597 5.18029 3.91215 2.1335 13.9113 11.6697 2.24154 11.0142 10.47
internal_count=429 419 148 271 135 58 77 64 27 263 215 48 202 188
is_linear=0
shrinkage=0.05


Tree=94
num_leaves=15
num_cat=0
split_feature=11 1 8 13 9 0 11 13 13 8 2 1 2 4
split_gain=0.431527 0.495242 1.25536 1.02476 0.93048 1.14012 1.06733 1.42435 0.915319 0.690633 0.801118 0.62758 0.839176 1.89538
threshold=0.75961538461538469 0.17262664963814392 26.915714285714291 10.056179775280901 0.9163752913752915 4.2765696590948545 0.39565217391304358 9.1160916645681223 10.056179775280901 45.577605321507768 0.048399687743950044 0.15967032967032971 0.25401343796481518 0.015964989127697376
decision_type=2 2 2 2 2 2 2 2 2 2 2 2 2 2
left_child=1 3 -3 9 5 8 7 -6 -4 10 -1 12 13 -12
right_child=-2 2 4 -5 6 -7 -8 -9 -10 -11 11 -13 -14 -15
leaf_value=0.046387339726144429 0.035942406798276032 -0.058725579493000724 -0.02341616394963527 -0.05220396735596549 0.038881684225286657 -0.053939416831569401 -0.029235299279078333 -0.037442223910448179 0.044756661788810354 0.033715108234172536 -0.060087032902816744 0.028425048308172315 0.0076186712641631432 0.0086921826726594886
leaf_weight=0.97547962050885217 0.81163908075541158 1.1542433910071839 1.3252979554235924 0.74835484474897462 3.0758534679189329 1.6125141987577079 1.2655129749327896 0.7628810591995715 0.78342103585600842 2.1769833974540242 1.8570100422948579 1.5516530042514194 5.0383362984284759 2.1746660489588976
leaf_count=27 10 13 18 8 55 31 13 9 9 48 27 26 86 49
internal_value=0 -0.00111449 -0.00968955 0.00477822 -0.00327636 -0.0222905 0.0105858 0.0237136 0.00191107 0.00787409 0.00302329 -0.000959208 -0.00598612 -0.0229879
internal_weight=0 24.5022 9.97972 14.5225 8.82548 3.72123 5.10425 3.83873 2.10872 13.7741 11.5971 10.6217 9.07001 4.03168
internal_count=429 419 148 271 135 58 77 64 27 263 215 188 162 76
is_linear=0
shrinkage=0.05


Tree=95
num_leaves=15
num_cat=0
split_feature=9 4 1 1 1 1 13 4 8 8 0 0 0 2
split_gain=0.428181 0.753722 0.637597 1.38859 0.817256 1.16863 0.988911 1.15718 1.97219 1.92931 1.42656 1.39947 0.973383 0.754535
threshold=0.49917491749174919 0.016526708995328245 0.27326839826839833 0.25615090213231279 0.23399926008139108 0.217967175352721 8.0540540540540562 0.015117985878855445 30.818158740903709 35.920000000000009 4.1190041246092024 2.524928003624769 3.4175922930736511 0.28829856584093877
decision_type=2 2 2 2 2 2 2 2 2 2 2 2 2 2
left_child=1 -1 3 4 5 6 7 8 -2 10 -9 -10 -13 -14
right_child=2 -3 -4 -5 -6 -7 -8 9 11 -11 -12 12 13 -15
leaf_value=0.020596602479142079 0.044366661507233437 -0.036438109172572904 0.037544811072156029 -0.060348791005558948 0.040153449382144941 -0.043830412782418483 -0.026672744337392515 0.034278596806720955 0.064600041540540595 0.048826346984099517 -0.022453831503071692 -0.072523115891450218 -0.033337520493372325 0.012596605138540688
leaf_weight=0.84036452136934103 1.4826263934374022 1.86433939775452 1.2165897227823723 0.90279312804341216 1.3812846969813097 1.3889068942517031 2.3038707692176095 1.8293083682656268 0.44046455621719349 3.5651932815089822 2.8104675514623523 0.99777323380112637 2.5472229868173604 1.377495741471648
leaf_count=10 17 38 14 10 16 14 27 40 4 107 49 17 39 27
internal_value=0 -0.0187171 0.00235172 0.000315538 0.00303695 0.000301657 0.00383363 0.00850341 -0.00667507 0.0211671 -8.61337e-05 -0.0207859 -0.0284262 -0.0172156
internal_weight=0 2.7047 22.244 21.0274 20.1246 18.7433 17.3544 15.0506 6.84558 8.20497 4.63978 5.36296 4.92249 3.92472
internal_count=429 48 381 367 357 341 327 300 104 196 89 87 83 66
is_linear=0
shrinkage=0.05


Tree=96
num_leaves=15
num_cat=0
split_feature=7 13 6 10 1 8 7 10 2 2 0 4 1 10
split_gain=0.442856 1.03953 1.10234 0.782503 0.893255 1.01929 0.608943 0.593006 0.563954 0.571201 1.1097 0.739468 1.36441 1.79593
threshold=1.0000000180025095e-35 8.5107924090974958 0.22500000000000003 0.48148601256015011 0.1493491627420199 39.704503676470594 0.68434609530499946 0.95887323943661984 0.73863636363636376 0.074565637065637083 2.9174053685313028 0.046120119950585146 0.091868047564250113 0.99875311720698268
decision_type=2 2 2 2 2 2 2 2 2 2 2 2 2 2
left_child=8 2 3 -2 5 6 -5 -4 9 -1 -11 12 13 -12
right_child=1 -3 7 4 -6 -7 -8 -9 -10 10 11 -13 -14 -15
leaf_value=0.023731581698256531 -0.0530954228458069 -0.068720736179862726 -0.0080371249189874466 -0.0553684490169737 -0.028112302661559757 0.0558983681877692 0.014293873826627182 0.050377246200912489 0.049205989825841553 -0.040104280397610617 0.054379486181455605 -0.013051091358736175 0.027383549893071193 -0.049537315955807557
leaf_weight=2.715547621250157 1.0926068294793347 0.67764226254075755 0.68283541128039349 0.50352040678262733 2.2803767626173794 0.94450930785387743 0.83215549401938915 1.1944942083209751 0.68601467832923013 1.6267267577350129 0.57587896939366889 4.0458653345704079 5.1668108878657222 1.4955122787505388
leaf_count=49 25 13 12 9 38 23 16 37 8 15 13 69 72 30
internal_value=0 -0.0094038 -0.00406609 -0.0150901 -0.00598491 0.0161444 -0.0119673 0.0291304 0.00483539 0.00288747 -0.00149671 0.00406901 0.0136385 -0.0206468
internal_weight=0 8.20814 7.5305 5.65317 4.56056 2.28019 1.33568 1.87733 16.3124 15.6263 12.9108 11.2841 7.2382 2.07139
internal_count=429 173 160 111 86 48 25 49 256 248 199 184 115 43
is_linear=0
shrinkage=0.05


Tree=97
num_leaves=15
num_cat=0
split_feature=7 13 2 9 4 8 7 2 2 0 1 1 10 4
split_gain=0.408739 0.980669 0.95367 1.1449 1.10103 1.32668 0.590936 0.523218 0.521005 0.999191 0.708721 0.693435 2.16654 1.18598
threshold=1.0000000180025095e-35 8.5107924090974958 0.51619644723093006 0.50757575757575768 0.015117985878855445 31.710351051910873 3.4190531852717712 0.73863636363636376 0.074565637065637083 2.9174053685313028 0.217967175352721 0.12967763376537059 0.97511452271883137 0.064172958133150312
decision_type=2 2 2 2 2 2 2 2 2 2 2 2 2 2
left_child=7 2 3 -2 6 -6 -5 8 10 -10 -1 12 -11 -13
right_child=1 -3 -4 4 5 -7 -8 -9 9 11 -12 13 -14 -15
leaf_value=0.044172555410154919 -0.047122310427186537 -0.067970880176874554 -0.039948063985811098 -0.049220289560316474 -0.030933059584779078 0.047386840491742965 0.010138993514916619 0.047913138227818758 -0.037980362059873561 0.05367986078891436 -0.0080297702443352017 0.022610753272302081 -0.037245566682250424 -0.02539741570430154
leaf_weight=1.5865984247066127 0.8913116529583921 0.65152515238150943 1.4719138983637092 0.81137714348733403 0.68162308447063003 2.615486326161772 0.86762360483407974 0.669719463214279 1.631679469719528 0.87325411383062457 1.1016268730163572 6.0146012669429183 2.6230126935988665 1.6364370686933396
leaf_count=38 18 13 31 12 14 75 10 8 15 22 11 83 45 34
internal_value=0 -0.00918173 -0.00396292 0.00506439 0.014412 0.0311955 -0.0185464 0.00464579 0.00277235 -0.00143656 0.0227802 0.00391251 -0.0145353 0.0123426
internal_weight=0 7.99086 7.33934 5.86742 4.97611 3.29711 1.679 16.1369 15.4672 12.779 2.68823 11.1473 3.49627 7.65104
internal_count=429 173 160 129 111 89 22 256 248 199 49 184 67 117
is_linear=0
shrinkage=0.05


Tree=98
num_leaves=15
num_cat=0
split_feature=9 1 8 8 1 11 13 2 4 2 2 10 1 3
split_gain=0.383158 0.466341 0.370063 0.967852 1.03057 1.26672 0.805143 0.825165 0.566147 0.698721 0.936272 0.777665 0.533449 0.523004
threshold=0.25298289528577395 0.15590277777777781 32.487406398910828 31.933333333333334 0.22073677956030899 0.062114197530864203 2.6088929219600732 0.2901612903225807 0.028848821081830792 0.24929378531073451 1.0000000180025095e-35 0.9207221350078495 0.18987086359967717 2.8439274928910998
decision_type=2 2 2 2 2 2 2 2 2 2 2 2 2 2
left_child=1 -1 3 4 5 -2 7 -7 13 10 -10 -11 -8 -4
right_child=2 -3 8 -5 -6 6 12 -9 9 11 -12 -13 -14 -15
leaf_value=0.018643644389075804 0.053737526279921316 -0.057667266003833123 0.0019690890731891837 -0.061971845468022792 -0.046694417294295659 0.041320494559402607 -0.043543944927758531 -0.022482723301157418 -0.036269860134089178 0.04541334549265421 0.046755414281777069 -0.018329767327208046 0.0149316753873472 -0.041168735436213778
leaf_weight=0.3017127830535199 1.1463466053828621 0.59505460085347295 9.6658158861100638 0.7474277839064597 1.0645833425223825 1.2719017108902337 1.4909048061817887 0.84236945770680893 0.39295943453907911 0.65765870921313774 2.4989844867959619 1.7562512820586562 0.52819027379155148 0.75771388597786504
leaf_count=5 27 18 142 9 15 21 26 12 8 24 74 26 7 15
internal_value=0 -0.0319929 0.00132588 -0.00815655 -0.00181652 0.00723251 -0.00566518 0.0159 0.00560111 0.0188967 0.0354739 -0.000963249 -0.0282469 -0.00116671
internal_weight=0 0.896767 22.8211 7.09172 6.3443 5.27971 4.13337 2.11427 15.7294 5.30585 2.89194 2.41391 2.0191 10.4235
internal_count=429 23 406 117 108 93 66 33 289 132 82 50 33 157
is_linear=0
shrinkage=0.05


Tree=99
num_leaves=15
num_cat=0
split_feature=0 2 1 9 8 4 0 8 0 7 11 10 9 0
split_gain=0.383133 1.02178 0.769418 0.790124 1.22895 0.860545 0.752461 0.684025 0.549848 0.657061 0.504084 0.62863 0.781327 1.31424
threshold=4.1026092131977068 0.42927747705342439 0.095619047619047631 0.87210884353741502 31.710351051910873 0.017370537958773257 3.9219243190762363 48.02272727272728 4.8713658868283671 0.87888366355716607 0.69047619047619058 0.9207221350078495 0.52554112554112564 2.249904835165133
decision_type=2 2 2 2 2 2 2 2 2 2 2 2 2 2
left_child=6 2 -2 8 -5 -6 7 10 9 -4 11 -1 -13 -14
right_child=1 -3 3 4 5 -7 -8 -9 -10 -11 -12 12 13 -15
leaf_value=0.019222810370118564 0.042724683682034671 -0.036902244304713387 0.035524551866942887 -0.03472044716182484 -0.020970955461781682 0.040588238327252391 0.037641162680387842 0.042983684807137962 -0.042379814857993567 -0.031992879099100292 0.03808453903325569 -0.060160041790072262 0.058670330322789954 -0.014192459226080721
leaf_weight=2.0292191598564369 0.97934187669306805 2.2447177101857951 0.67352952063083671 1.1429999750107525 0.74596908129751716 2.3757505123503506 1.6299235085025419 0.90286577679216939 1.7253096937201915 0.7749339435249567 0.71454828605055887 0.76134140416979779 0.68963859789073456 6.0314223831519485
leaf_count=40 24 51 10 20 11 73 28 15 33 12 7 8 10 87
internal_value=0 -0.00692878 0.001064 -0.00442099 0.00963683 0.025878 0.00591267 0.00126582 -0.023311 -0.000597553 -0.00241744 -0.0054601 -0.0121541 -0.00671611
internal_weight=0 10.6626 8.41783 7.43849 4.26472 3.12172 12.759 11.129 3.17377 1.44846 10.2262 9.51162 7.4824 6.72106
internal_count=429 234 183 159 104 84 195 167 55 22 152 145 105 97
is_linear=0
shrinkage=0.05


Tree=100
num_leaves=15
num_cat=0
split_feature=7 13 6 10 1 8 7 10 2 2 1 1 2 8
split_gain=0.364299 0.884438 0.912618 0.705134 0.765873 0.885539 0.546605 0.525676 0.510441 1.32178 0.644138 1.07951 1.07626 1.06526
threshold=1.0000000180025095e-35 8.5107924090974958 0.22500000000000003 0.48148601256015011 0.1493491627420199 39.704503676470594 0.68434609530499946 0.95887323943661984 0.49506943360898742 0.42927747705342439 0.22796563192904659 0.217967175352721 0.074565637065637083 37.371462264150949
decision_type=2 2 2 2 2 2 2 2 2 2 2 2 2 2
left_child=8 2 3 -2 5 6 -5 -4 9 10 11 12 -1 -12
right_child=1 -3 7 4 -6 -7 -8 -9 -10 -11 13 -13 -14 -15
leaf_value=0.043339990807047347 -0.052722726706750947 -0.066660151756841812 -0.0073968323688858827 -0.054683938976085859 -0.026534263056784552 0.055348651959526554 0.014372798918271255 0.049776559808806152 0.02288715543859372 -0.052060422616585722 -0.0169995215845191 -0.053507691418283543 -0.0034520332242229754 0.056417326278791313
leaf_weight=1.4938904410228131 0.97061454504728217 0.61061321757733811 0.65128150954842556 0.4526273161172869 2.1303742164745927 0.85052772471681226 0.78096706792712212 1.0505582871846852 3.0189792998135081 1.1117318812757719 0.77517247386276666 0.87481706216931421 6.9276896547526121 1.3625766430050132
leaf_count=38 25 13 12 9 38 23 16 37 48 11 15 6 121 17
internal_value=0 -0.00898697 -0.00387353 -0.0143011 -0.0054524 0.0160973 -0.0109653 0.0278967 0.0044289 -1.28106e-05 0.00504773 -0.000643137 0.00484833 0.0297955
internal_weight=0 7.49756 6.88695 5.18511 4.2145 2.08412 1.23359 1.70184 15.5649 12.5459 11.4341 9.2964 8.42158 2.13775
internal_count=429 173 160 111 86 48 25 49 256 208 197 165 159 32
is_linear=0
shrinkage=0.05


Tree=101
num_leaves=15
num_cat=0
split_feature=9 8 8 8 13 2 2 4 13 0 0 0 13 11
split_gain=0.353307 0.322882 0.317433 0.835531 0.796488 0.651882 0.610568 0.518924 1.18165 0.552196 0.49927 0.495529 1.02721 1.10698
threshold=0.25298289528577395 42.882721649484544 32.487406398910828 31.933333333333334 2.6088929219600732 0.1068710359408034 0.2901612903225807 0.020287419399094529 5.4446640316205537 4.3107766033702406 3.4498615536424366 4.1026092131977068 1.8433571185864766 0.070197044334975381
decision_type=2 2 2 2 2 2 2 2 2 2 2 2 2 2
left_child=1 -1 3 4 6 -6 -2 11 -9 -10 -8 12 13 -4
right_child=2 -3 7 -5 5 -7 10 8 9 -11 -12 -13 -14 -15
leaf_value=-0.058568440917960818 0.03517912605175199 0.0035812366109387039 0.053269289802047148 -0.057670321456853406 0.0059636090705412238 -0.042181925937955167 0.03125057872805858 0.035436462235784658 -0.023206673965813367 0.020755584826012911 -0.030475427519071202 -0.016171433162470935 0.04035075400294777 -0.023835548580800527
leaf_weight=0.48073593061417597 1.7731628576293617 0.36968803498893976 0.57548800017684554 0.74412469193339337 1.2659190231934192 1.5812779888510702 0.50623223558068253 3.5556059312075368 1.9294836372137072 1.1341431830078361 0.92836857028305531 3.8287358973175287 1.6127306595444677 2.4355085380375385
leaf_count=14 35 9 12 9 15 35 8 118 18 26 15 60 18 37
internal_value=0 -0.0315513 0.00129689 -0.0076716 -0.00152701 -0.0207755 0.0155579 0.00534272 0.0158268 -0.00693201 -0.00869397 -0.00286746 0.00814906 -0.0090986
internal_weight=0 0.850424 21.8708 6.79909 6.05496 2.8472 3.20776 15.0717 6.61923 3.06363 1.4346 8.45246 4.62373 3.011
internal_count=429 23 406 117 108 50 58 289 162 44 23 127 67 49
is_linear=0
shrinkage=0.05


Tree=102
num_leaves=15
num_cat=0
split_feature=7 13 6 10 1 8 10 10 11 8 2 1 0 0
split_gain=0.355111 0.817013 0.851975 0.655834 0.712451 0.818824 0.486358 0.485758 1.1718 1.24603 0.871646 0.807224 0.676339 1.03775
threshold=1.0000000180025095e-35 8.5107924090974958 0.22500000000000003 0.48148601256015011 0.1493491627420199 39.704503676470594 0.95887323943661984 0.97511452271883137 0.026013513513513518 24.028409090909097 0.045569912321181363 0.095619047619047631 4.2268071048866842 3.4175922930736511
decision_type=2 2 2 2 2 2 2 2 2 2 2 2 2 2
left_child=7 2 3 -2 5 -5 -4 8 -1 -10 -9 -12 13 -13
right_child=1 -3 6 4 -6 -7 -8 10 9 -11 11 12 -14 -15
leaf_value=-0.029625150857963509 -0.052551874720644869 -0.06553171748468048 -0.0065738532781953107 -0.010571621585196585 -0.026101352762787314 0.054955392453674173 0.049375483707596118 0.036624937172460341 -0.044546062765642665 0.052111847553396776 -0.039168284168827533 -0.0084921547166078755 -0.021844291707394312 0.0322786179129061
leaf_weight=0.86426463164389256 0.91530722938477893 0.58858281327411521 0.64051805809140183 1.1871247980743644 2.0875479932874441 0.7967067235149442 0.98690219130367041 1.3966846587136394 0.39253118075430427 2.214202516246587 1.5156398182734836 3.6514434702694398 2.4784772749990225 2.7258989363908768
leaf_count=10 25 13 12 25 38 23 37 37 7 55 34 39 39 35
internal_value=0 -0.00908108 -0.00405759 -0.0143092 -0.00571166 0.015744 0.027355 0.00439159 0.0208287 0.0375568 -0.000456527 -0.00545015 0.000320585 0.0089347
internal_weight=0 7.20269 6.61411 4.98669 4.07138 1.98383 1.62742 15.2391 3.471 2.60673 11.7681 10.3715 8.85582 6.37734
internal_count=429 173 160 111 86 48 49 256 72 62 184 147 113 74
is_linear=0
shrinkage=0.05


Tree=103
num_leaves=15
num_cat=0
split_feature=1 11 11 8 1 0 4 11 8 13 0 13 2 9
split_gain=0.352869 0.34945 0.349235 0.574511 0.885179 0.729371 0.768647 1.12483 1.03571 0.679081 0.655353 0.939438 0.797332 0.732612
threshold=0.03807471264367817 0.75961538461538469 0.48054968287526428 25.665714285714291 0.1625641800060405 2.249904835165133 0.0042602843807663096 0.1991379310344828 31.933333333333334 1.8433571185864766 2.524928003624769 1.5127251930225911 0.63293877351060279 0.49917491749174919
decision_type=2 2 2 2 2 2 2 2 2 2 2 2 2 2
left_child=-1 2 3 4 -2 -5 7 8 -7 -10 -8 12 -12 -13
right_child=1 -3 -4 5 -6 6 10 -9 9 -11 11 13 -14 -15
leaf_value=0.052938851034220594 0.018967497167017514 0.034026044884180873 -0.021936513431053215 0.059461003097861065 -0.056467913860599621 0.028933389500942486 -0.067665755094822019 0.04085838672233167 -0.057459779639860875 0.0040361662834364175 0.040675571810758572 -0.034958283295858164 -0.030968221537713905 0.0059496399076796446
leaf_weight=0.31116238888353365 0.62534447386861813 0.70165550475940008 1.9610175229609002 0.55178069509566086 1.0284479744732378 0.5956075452268158 0.28825303539633651 0.66350811719894398 2.0619181394577031 0.57386037334799755 2.9286178527399893 1.2664093272760499 0.44771879911422718 8.0606313911266607
leaf_count=8 19 10 23 7 15 9 2 5 37 7 70 35 12 170
internal_value=0 -0.000686088 -0.00184297 0.00022091 -0.0279437 0.00289195 0.00104351 -0.0184391 -0.0306148 -0.0440709 0.00688441 0.00857603 0.0311753 0.000395233
internal_weight=0 21.7548 21.0531 19.0921 1.65379 17.4383 16.8865 3.89489 3.23139 2.63578 12.9916 12.7034 3.37634 9.32704
internal_count=429 421 411 388 34 354 347 58 53 44 289 287 82 205
is_linear=0
shrinkage=0.05


Tree=104
num_leaves=15
num_cat=0
split_feature=7 6 8 3 11 1 2 2 1 1 11 0 10 8
split_gain=0.330488 0.738397 0.564571 0.6192 0.706659 0.75951 0.454132 1.14067 0.571519 0.966661 1.05725 1.48827 1.20731 0.96488
threshold=1.0000000180025095e-35 0.22500000000000003 37.501107419712078 1.069549302219172 0.16904761904761909 0.15424266455194294 0.49506943360898742 0.42927747705342439 0.22796563192904659 0.217967175352721 0.13563218390804602 3.2384861814448418 0.97511452271883137 37.371462264150949
decision_type=2 2 2 2 2 2 2 2 2 2 2 2 2 2
left_child=6 2 -2 4 5 -4 7 8 9 10 -1 -12 -13 -10
right_child=1 -3 3 -5 -6 -7 -8 -9 13 -11 11 12 -14 -15
leaf_value=0.02084024658955904 -0.040602631844170296 0.019510491935212326 0.02298641190429198 -0.043693583686619485 0.054831410988155097 -0.038561865500569489 0.022206647635660333 -0.049610138039967305 -0.016259422826016497 -0.051891317949829201 0.04757098602826302 0.036795921973340556 -0.047498903559151803 0.055716605592985628
leaf_weight=4.4928277833387256 1.8347620144486416 1.7204342409968374 0.99230981152504805 0.8327402789145707 0.57364934496581543 1.0128422807902095 2.8550899047404519 1.0558377653360356 0.74037731252610584 0.83272625133395273 0.73985346592962775 0.52007288672030005 2.3180671790614724 1.2547337412834165
leaf_count=91 43 51 23 26 15 15 48 11 15 6 11 14 43 17
internal_value=0 -0.008915 -0.0182367 -0.006208 0.00589675 -0.00810285 0.00429046 1.15427e-05 0.00481878 -0.000601238 0.00469074 -0.0155879 -0.0320524 0.0290066
internal_weight=0 6.96674 5.2463 3.41154 2.5788 2.00515 14.8096 11.9545 10.8987 8.90355 8.07082 3.57799 2.83814 1.99511
internal_count=429 173 122 79 53 38 256 208 197 165 159 68 57 32
is_linear=0
shrinkage=0.05


Tree=105
num_leaves=15
num_cat=0
split_feature=9 1 8 8 1 0 11 8 11 4 9 8 4 4
split_gain=0.330453 0.362206 0.301551 0.746122 0.841314 1.64501 1.23795 0.676926 0.882977 0.448396 0.684329 0.443362 0.356769 0.724
threshold=0.25298289528577395 0.16736694677871153 32.487406398910828 31.933333333333334 0.22073677956030899 3.2384861814448418 0.062114197530864203 30.443923533928793 0.13563218390804602 0.059127087343286693 0.73012048192771095 33.317883895131096 0.046921224630202964 0.028848821081830792
decision_type=2 2 2 2 2 2 2 2 2 2 2 2 2 2
left_child=1 -1 3 4 5 -2 -7 -8 -9 11 -11 -4 13 -13
right_child=2 -3 9 -5 -6 6 7 8 -10 10 -12 12 -14 -15
leaf_value=0.011393701321238184 0.061171391503526455 -0.058068941400016089 0.039835411945799426 -0.055142558774711303 -0.044073132411228844 0.053627504352458777 -0.039466787812288434 0.061151658050741589 -0.031708463224439806 -0.033891385673172861 0.041693253410223487 -0.0018790525579766447 -0.024464581050932493 0.042184508329920101
leaf_weight=0.3034613067284252 1.0843750983476663 0.49183159554377198 0.72057175915688176 0.73369192145764817 0.96807684004306782 0.6508128643035892 1.9870900996029379 0.46872221678495385 0.56405696086585522 0.36854245979338784 1.597550318110734 9.0472027128562313 1.3777359439991403 1.0393132190220047
leaf_count=7 20 16 13 9 15 17 36 6 14 11 46 149 24 46
internal_value=0 -0.031564 0.00128214 -0.00767187 -0.00158624 0.00706362 -0.00892064 -0.0224004 0.0104357 0.0053677 0.027525 0.0017925 -0.000598642 0.00266125
internal_weight=0 0.795293 20.6077 6.45683 5.72313 4.75506 3.67068 3.01987 1.03278 14.1509 1.96609 12.1848 11.4643 10.0865
internal_count=429 23 406 117 108 93 73 56 20 289 57 232 219 195
is_linear=0
shrinkage=0.05


Tree=106
num_leaves=15
num_cat=0
split_feature=1 8 9 1 0 2 0 11 2 1 0 11 13 4
split_gain=0.317965 0.314886 0.51353 0.665455 0.7708 0.766603 0.930284 0.985111 1.41871 0.654303 0.805962 0.835995 0.596667 0.554069
threshold=0.03807471264367817 41.94285714285715 0.97142273933455814 0.23399926008139108 2.524928003624769 0.15479521371591859 3.5114340430413216 0.11696306429548566 0.39009661835748799 0.23213272830402726 4.3882378946731615 0.083551483420593389 7.707942464040026 0.032408102025506383
decision_type=2 2 2 2 2 2 2 2 2 2 2 2 2 2
left_child=-1 2 9 4 -4 12 -7 8 -8 10 -2 -12 13 -6
right_child=1 -3 3 -5 5 6 7 -9 -10 -11 11 -13 -14 -15
leaf_value=0.052660488456091052 0.016047120969941462 0.0099583381517721527 0.058802808586050442 0.034507387600427659 0.004048887401987139 -0.052135561218146845 0.062579283159678145 -0.032230182791551869 -0.027979650724057777 -0.053004027645973895 0.0030069084503240805 -0.047605687667992024 -0.028818272263616326 0.056858380078671084
leaf_weight=0.28348876815289514 2.0719416378997275 5.2361829187721005 0.48183790780603875 1.4403622113168237 1.0731677403673532 1.4276690352708099 0.96552705578506015 1.6050213500857351 0.78338310681283474 0.96945859771221865 1.5404797508381309 1.7345405416563151 0.58782764896750439 0.9246118115261196
leaf_count=8 36 128 7 19 19 24 20 30 19 14 37 37 7 24
internal_value=0 -0.000651595 -0.00421152 0.00326761 -0.00246513 -0.00647224 -0.0183326 -0.00394371 0.0220155 -0.0152109 -0.00835862 -0.0237989 0.0154613 0.0284902
internal_weight=0 20.842 15.6058 9.28941 7.84905 7.36721 4.7816 3.35393 1.74891 6.31642 5.34696 3.27502 2.58561 1.99778
internal_count=429 421 293 169 150 143 93 69 39 124 110 74 50 43
is_linear=0
shrinkage=0.05


Tree=107
num_leaves=15
num_cat=0
split_feature=9 1 8 8 1 0 11 8 11 13 4 13 13 1
split_gain=0.309057 0.345301 0.27774 0.647384 0.780888 1.53719 1.14846 0.611575 0.764771 0.424915 0.477569 0.832156 0.594596 0.692427
threshold=0.25298289528577395 0.16736694677871153 32.487406398910828 31.933333333333334 0.22073677956030899 3.2384861814448418 0.062114197530864203 30.443923533928793 0.13563218390804602 12.613636363636365 0.020287419399094529 5.4446640316205537 3.4965462436579258 0.19290378412398712
decision_type=2 2 2 2 2 2 2 2 2 2 2 2 2 2
left_child=1 -1 3 4 5 -2 -7 -8 -9 10 12 -12 -4 -14
right_child=2 -3 9 -5 -6 6 7 8 -10 -11 11 -13 13 -15
leaf_value=0.010628313478582539 0.06051355784562007 -0.057895340240752338 -0.010105182041255661 -0.051663025188267923 -0.043083258317961039 0.053483076166528844 -0.038688867058310657 0.057742101863026099 -0.030674846410365376 -0.040628486697511679 0.03462691713518113 -0.003181144978719143 -0.002613545443243629 0.056774772053015898
leaf_weight=0.30261679552495735 1.0348016303032661 0.46842939220368862 5.4562410619109833 0.73304460011422623 0.94024233333766449 0.60934529313817654 1.8945975378155711 0.4518267661333083 0.53316297754645348 0.48812117520719844 3.219775662291795 2.6558625148609281 1.2051003370434048 0.82805539295077313
leaf_count=7 20 16 93 9 15 17 36 6 14 5 118 42 22 9
internal_value=0 -0.0310015 0.00125692 -0.00754167 -0.00162237 0.00699513 -0.0088782 -0.0220744 0.00988308 0.00519285 0.00686635 0.0175372 -0.00150523 0.0215739
internal_weight=0 0.771046 20.0502 6.19702 5.46398 4.52373 3.48893 2.87959 0.98499 13.8532 13.365 5.87564 7.4894 2.03316
internal_count=429 23 406 117 108 93 73 56 20 289 284 160 124 31
is_linear=0
shrinkage=0.05


Tree=108
num_leaves=15
num_cat=0
split_feature=7 13 7 4 3 10 6 10 11 4 2 1 0 4
split_gain=0.3069 0.721919 0.772842 0.541159 0.715273 0.521066 0.573086 0.437647 1.04644 0.881086 0.74744 0.713872 0.516623 1.73995
threshold=1.0000000180025095e-35 8.5107924090974958 1.8779756656674309 0.040408163265306128 1.0050505050505054 0.83130081300813019 0.31666666666666671 0.97511452271883137 0.026013513513513518 0.072086442875666346 0.045569912321181363 0.076894810838445821 3.1132683346437333 0.046120119950585146
decision_type=2 2 2 2 2 2 2 2 2 2 2 2 2 2
left_child=7 2 5 4 -4 -2 -7 8 -1 -10 -9 -12 -13 -14
right_child=1 -3 3 -5 -6 6 -8 10 9 -11 11 12 13 -15
leaf_value=-0.028282379829597189 -0.050946860372000281 -0.063819525678143904 0.01433403918390757 0.042989427614924976 -0.054319124796647446 -0.020082652970166138 0.052046120346147612 0.036104738098601388 0.054034973674263603 -0.020234735421798447 -0.049447563173444342 -0.019401891906895011 0.02986868708209843 -0.024353046875062512
leaf_weight=0.80910367332399014 1.0420775134116405 0.54711411660537113 1.6896375934593386 1.0238889339379964 0.48925158474594344 1.4678762000985441 0.33898253645747889 1.2346413610503084 1.817868351005018 0.51174888294190157 0.83338963240384956 2.6564198285341245 3.5136604635044932 2.5557295568287373
leaf_count=10 25 13 35 33 12 39 16 37 47 15 20 29 51 47
internal_value=0 -0.00881721 -0.00384464 0.0130075 -0.00108146 -0.0227898 -0.00655066 0.00427246 0.0207059 0.0377201 -0.00050618 -0.00523475 -0.00101205 0.00703672
internal_weight=0 6.59883 6.05171 3.20278 2.17889 2.84894 1.80686 13.9326 3.13872 2.32962 10.7938 9.5592 8.72581 6.06939
internal_count=429 173 160 80 47 80 55 256 72 62 184 147 127 98
is_linear=0
shrinkage=0.05


Tree=109
num_leaves=15
num_cat=0
split_feature=3 7 0 6 2 2 2 2 2 8 10 11 8 8
split_gain=0.2927 0.440715 0.479982 0.390782 0.333141 1.09152 0.786502 0.677863 0.569379 0.537656 0.496821 0.482506 1.2264 0.948817
threshold=1.0050505050505054 1.0000000180025095e-35 4.7833076179467886 0.51923076923076927 0.29864864864864871 0.41507177033492831 0.49506943360898742 0.5761327713382508 0.28524124881740781 52.691756272401442 0.93490499648135128 0.13563218390804602 24.51136363636364 40.193548387096776
decision_type=2 2 2 2 2 2 2 2 2 2 2 2 2 2
left_child=3 2 -2 4 8 -6 -7 -8 9 10 -1 -12 -13 -14
right_child=1 -3 -4 -5 5 6 7 -9 -10 -11 11 12 13 -15
leaf_value=0.033376688230222655 0.024835335160712041 -0.03310617160385583 -0.031870944587792438 0.039762935243457809 0.040007126679314137 -0.035271241113903298 0.045661082385711892 -0.007334838891458223 -0.051427391873338647 -0.041144642994931924 0.0095509812644803405 0.068252935314731172 -0.038291206116583175 0.029601799066738238
leaf_weight=1.1085861893370799 1.0304847043007606 1.5361344970297066 0.58501738216727961 0.68113443395122786 2.0575379529036573 1.3853888306766746 0.92821049131453071 1.7242409363389013 0.60547175537794906 0.78345735464245159 4.0397716546431184 0.39176841080188785 2.6857795584946875 0.63657196518033732
leaf_count=37 15 47 13 30 40 15 20 31 10 13 82 2 56 18
internal_value=0 -0.0139319 0.00430044 0.00265592 0.00110976 0.0103665 -0.00473726 0.0112108 -0.00439422 -0.00144196 0.00206782 -0.00240846 -0.0154165 -0.0252827
internal_weight=0 3.15164 1.6155 17.0279 16.3468 6.09538 4.03784 2.65245 10.2514 9.64594 8.86248 7.75389 3.71412 3.32235
internal_count=429 75 28 354 324 106 66 51 218 208 195 158 76 74
is_linear=0
shrinkage=0.05


Tree=110
num_leaves=15
num_cat=0
split_feature=1 8 9 0 1 4 9 1 0 2 0 11 2 1
split_gain=0.289666 0.279614 0.46861 0.712292 0.874462 0.711392 0.455104 0.606466 0.737603 0.665334 0.843504 0.846641 1.2724 0.597714
threshold=0.03807471264367817 41.94285714285715 0.96116138763197601 4.7833076179467886 0.16936797310076707 0.020287419399094529 0.97142273933455814 0.23399926008139108 2.524928003624769 0.15479521371591859 3.5114340430413216 0.11696306429548566 0.39009661835748799 0.23213272830402726
decision_type=2 2 2 2 2 2 2 2 2 2 2 2 2 2
left_child=-1 6 3 -3 -5 -4 13 8 -8 -10 -11 12 -12 -2
right_child=1 2 5 4 -6 -7 7 -9 9 10 11 -13 -14 -15
leaf_value=0.05246119597629844 -0.0080673439715927119 0.047303023197481781 -0.028655639972439306 0.033062120288175179 -0.050157395624349538 0.029702601419162523 0.05877044276424595 0.033892978206426144 0.014507211629271259 -0.051100908262283674 0.061277326920898392 -0.030804542766618499 -0.027914229611574016 -0.052227696892407888
leaf_weight=0.26031132880598562 5.024671962019057 1.4623513282276683 1.4282628204673531 0.71303321467712499 0.56643590028397739 0.82318750396370877 0.46029371209442604 1.3553002402186392 2.4201493612490594 1.347625791095197 0.89302491489797853 1.5009259637445209 0.72409616783261299 0.90412193816155184
leaf_count=8 110 29 24 25 20 30 7 19 50 24 20 30 19 14
internal_value=0 -0.00063139 0.00958492 0.0234651 -0.00378013 -0.00731838 -0.0041182 0.00316107 -0.00250872 -0.00660503 -0.0180467 -0.00376061 0.0213401 -0.0148017
internal_weight=0 19.6235 4.99327 2.74182 1.27947 2.25145 14.6302 8.70142 7.34612 6.88582 4.46567 3.11805 1.61712 5.92879
internal_count=429 421 128 74 45 54 293 169 150 143 93 69 39 124
is_linear=0
shrinkage=0.05


Tree=111
num_leaves=15
num_cat=0
split_feature=7 13 7 9 4 10 6 10 11 8 2 1 8 8
split_gain=0.278626 0.689828 0.668865 0.550814 0.733562 0.498223 0.512374 0.429171 0.926143 0.994449 0.674628 0.632767 0.767715 0.462039
threshold=1.0000000180025095e-35 8.5107924090974958 1.8779756656674309 0.50757575757575768 0.0099261083743842383 0.83130081300813019 0.31666666666666671 0.97511452271883137 0.026013513513513518 24.028409090909097 0.045569912321181363 0.076894810838445821 48.40083437630372 26.263737793387019
decision_type=2 2 2 2 2 2 2 2 2 2 2 2 2 2
left_child=7 2 5 -4 -5 -2 -7 8 -1 -10 13 -12 -13 -9
right_child=1 -3 3 4 -6 6 -8 10 9 -11 11 12 -14 -15
leaf_value=-0.025987656542764144 -0.050389019765998057 -0.063693160254391798 -0.031096027536920558 -0.018767491702355834 0.040785481491033039 -0.018557474825285771 0.051920149234627434 -0.019897115682344944 -0.04330229815154673 0.051309710837131366 -0.048841701952446706 -0.0055889087681841284 0.05192791562766385 0.052755890764962933
leaf_weight=0.78060486540198448 0.9724760446697468 0.5215824486222117 0.58664921112358603 0.74028280004859004 1.7151271998882291 1.4038777127861974 0.31591569026932109 0.29013554193079538 0.32574242912232909 1.8844896992668507 0.76338323671370645 7.7738828090950829 0.62695292755961407 0.89043423207476735
leaf_count=10 25 13 12 12 56 39 16 6 7 55 20 114 13 31
internal_value=0 -0.00864092 -0.00363348 0.0124312 0.0228308 -0.0217854 -0.00561116 0.00414887 0.0208307 0.0373659 -0.000674089 -0.00525698 -0.00129644 0.0349008
internal_weight=0 6.25591 5.73433 3.04206 2.45541 2.69227 1.71979 13.3356 2.99084 2.21023 10.3448 9.16422 8.40084 1.18057
internal_count=429 173 160 80 68 80 55 256 72 62 184 147 127 37
is_linear=0
shrinkage=0.05


Tree=112
num_leaves=15
num_cat=0
split_feature=9 1 8 8 1 0 11 8 11 4 9 8 4 4
split_gain=0.28309 0.278948 0.262981 0.578363 0.711763 1.33386 0.980935 0.559639 0.641811 0.371198 0.606089 0.39585 0.318719 0.548054
threshold=0.25298289528577395 0.16736694677871153 32.487406398910828 31.933333333333334 0.22073677956030899 3.2384861814448418 0.062114197530864203 30.443923533928793 0.13563218390804602 0.059127087343286693 0.90852130325814551 33.317883895131096 0.046921224630202964 0.028848821081830792
decision_type=2 2 2 2 2 2 2 2 2 2 2 2 2 2
left_child=1 -1 3 4 5 -2 -7 -8 -9 11 -11 -4 13 -13
right_child=2 -3 9 -5 -6 6 7 8 -10 10 -12 12 -14 -15
leaf_value=0.0074835932970661245 0.059284721770846205 -0.056949351483982294 0.039544873157088441 -0.049892500761943216 -0.04223476621062805 0.053045135791196296 -0.037875352694670461 0.055124281353520023 -0.029033618197992963 -0.010580137925096255 0.049993663626502129 -0.0013318930603073841 -0.023953216251807945 0.03942181994821678
leaf_weight=0.28012998122722166 0.94321355596184986 0.41955756582319736 0.65523001179098983 0.71066913753747929 0.88946552202105511 0.53795600915327701 1.7156732128933074 0.42865962721407402 0.48048083111643791 0.67175175109878082 1.071922388160601 8.2705513192340696 1.2740016342140723 0.91635530535131771
leaf_count=7 20 16 13 9 15 17 36 6 14 18 39 149 24 46
internal_value=0 -0.0311527 0.00124497 -0.00768852 -0.00168444 0.00709984 -0.00846294 -0.021069 0.0106468 0.00520891 0.0266576 0.00184448 -0.000516928 0.00273312
internal_weight=0 0.699688 18.5659 5.70612 4.99545 4.10598 3.16277 2.62481 0.90914 12.8598 1.74367 11.1161 10.4609 9.18691
internal_count=429 23 406 117 108 93 73 56 20 289 57 232 219 195
is_linear=0
shrinkage=0.05


Tree=113
num_leaves=15
num_cat=0
split_feature=9 1 8 13 0 2 13 1 13 4 9 11 8 8
split_gain=0.262867 0.268212 0.241069 0.526089 0.679744 0.755163 0.495475 0.403189 0.376806 0.378748 0.777789 0.799902 0.749474 0.837161
threshold=0.25298289528577395 0.16736694677871153 32.487406398910828 2.6088929219600732 2.740319461670996 0.2901612903225807 10.717108321710834 0.11721768999570632 12.613636363636365 0.020287419399094529 0.49917491749174919 0.51923076923076927 36.403229974160219 35.68804403481824
decision_type=2 2 2 2 2 2 2 2 2 2 2 2 2 2
left_child=1 -1 3 4 -2 7 -5 -6 9 -4 -11 12 13 -12
right_child=2 -3 8 6 5 -7 -8 -9 -10 10 11 -13 -14 -15
leaf_value=0.0071031817555211041 -0.035239071610284854 -0.056636246779188708 -0.0010534231830144304 -0.034606805308054892 0.00018552128952693011 -0.018838732044277367 0.021021097956906324 0.058347122883170489 -0.039265885584330334 -0.048808984499429289 0.031083679131995175 -0.02558907104737549 0.047274915320293986 -0.043862347316810477
leaf_weight=0.28036953881383198 0.72591259609908165 0.40124616585671902 6.9467778103426063 2.093328589573503 0.41711673792451653 0.79449763614684332 0.49493455514311779 1.0431823106482623 0.46356159914285022 0.41863421443849791 1.0252013481222091 0.74479238153435279 2.5922280638478696 0.58535379264503706
leaf_count=7 11 16 124 45 15 17 10 19 5 11 29 12 101 7
internal_value=0 -0.0304183 0.00120381 -0.0074777 0.00684275 0.0203906 -0.0239695 0.041734 0.00498786 0.00665394 0.0166314 0.0221686 0.0306319 0.00384466
internal_weight=0 0.681616 18.3455 5.56897 2.98071 2.2548 2.58826 1.4603 12.7765 12.313 5.36621 4.94758 4.20278 1.61056
internal_count=429 23 406 117 62 51 55 34 289 284 160 149 137 36
is_linear=0
shrinkage=0.05


Tree=114
num_leaves=15
num_cat=0
split_feature=7 13 2 7 9 4 10 11 8 2 1 8 1 0
split_gain=0.26671 0.618918 0.624693 0.652315 0.676486 0.459169 0.412488 0.848579 0.889094 0.624484 0.593937 0.55354 0.700261 0.608079
threshold=1.0000000180025095e-35 8.5107924090974958 0.67479674796747979 1.8779756656674309 0.50757575757575768 0.016526708995328245 0.97511452271883137 0.026013513513513518 24.028409090909097 0.045569912321181363 0.076894810838445821 36.504545454545458 0.21291275966915441 2.9700856263602158
decision_type=2 2 2 2 2 2 2 2 2 2 2 2 2 2
left_child=6 2 3 -2 -5 -6 7 -1 -9 -8 -11 12 -12 -13
right_child=1 -3 -4 4 5 -7 9 8 -10 10 11 13 -14 -15
leaf_value=-0.024394955778893224 -0.017744851608012941 -0.06218149453145843 -0.05272587803366037 -0.029490917428529384 0.0021510751389297281 0.050517958470427206 0.034890944112759045 -0.041863587184157697 0.050895556692752641 -0.048552015066313736 -0.0042295343977931691 -0.022904157046241588 -0.057191625398547066 0.022846523088165156
leaf_weight=0.75651406496763351 2.2568744830787173 0.49512826837599266 0.58336122520267952 0.56853496562689576 0.79362454917281899 1.2855783796403555 1.0999343795701868 0.30217862781137261 1.7802376155741511 0.72089616395532985 3.3631198536604625 0.95170846767723549 0.76633846852928389 3.066213071346283
leaf_count=10 68 13 20 12 12 48 37 7 55 20 51 6 15 55
internal_value=0 -0.00864244 -0.00381212 0.00200575 0.0188407 0.0320565 0.0041445 0.0209589 0.0374353 -0.000644204 -0.00505164 -0.00120264 -0.0140582 0.0120097
internal_weight=0 5.9831 5.48797 4.90461 2.64774 2.0792 12.8071 2.83893 2.08242 9.96821 8.86828 8.14738 4.12946 4.01792
internal_count=429 173 160 140 72 60 256 72 62 184 147 127 66 61
is_linear=0
shrinkage=0.05


Tree=115
num_leaves=15
num_cat=0
split_feature=11 11 8 1 7 13 4 9 1 1 10 11 9 11
split_gain=0.26161 0.313217 0.471211 0.784217 0.420515 0.606687 0.664679 1.16983 0.482872 0.771503 0.968249 0.867452 0.535162 0.532514
threshold=0.75961538461538469 0.48054968287526428 25.665714285714291 0.15424266455194294 0.25306961147669121 8.5107924090974958 0.019169524742773152 0.65069686411149841 0.25615090213231279 0.15133897110641301 0.97511452271883137 0.15603700097370987 0.96850198412698429 0.11024305555555557
decision_type=2 2 2 2 2 2 2 2 2 2 2 2 2 2
left_child=1 2 3 -1 8 6 -6 -8 9 10 -4 12 -12 -14
right_child=-2 -3 4 -5 5 -7 7 -9 -10 -11 11 -13 13 -15
leaf_value=0.029868095659032007 0.033169643218765504 -0.021784683008551301 0.044407379508074767 -0.053585633931177296 -0.022393205435683225 -0.061623251774611955 -0.04293995648247876 0.034603475488184203 -0.022907473588774919 0.03063263790605425 0.032583147733123784 -0.053958896156859851 -0.035911978452442227 0.015669109077667148
leaf_weight=0.40872700978071452 0.57834376418031652 1.6455480083823193 1.000152850523589 0.90438394714146852 2.2255077110603443 0.475139352492988 0.6516663180664185 1.9175898258108643 1.0091120805591334 3.7707445975393057 0.97460171394050199 0.89450720697641362 1.1039253389462831 0.91519215330481518
leaf_count=17 10 23 32 17 44 13 25 75 15 86 17 17 27 11
internal_value=0 -0.000997613 0.00110722 -0.0276093 0.00363149 -0.00773129 -0.00239084 0.0149354 0.00982505 0.0136396 0.000531718 -0.0107542 0.00215508 -0.0125322
internal_weight=0 17.8968 16.2513 1.31311 14.9381 5.2699 4.79476 2.56926 9.66824 8.65912 4.88838 3.88823 2.99372 2.01912
internal_count=429 419 396 34 362 157 144 100 205 190 104 72 55 38
is_linear=0
shrinkage=0.05


Tree=116
num_leaves=15
num_cat=0
split_feature=0 13 8 4 3 11 7 7 0 8 7 2 9 1
split_gain=0.266978 0.615734 0.566239 0.735856 0.815426 0.721716 0.488986 0.335459 0.287038 0.487517 0.474841 0.446083 0.425763 0.668723
threshold=4.2765696590948545 10.056179775280901 38.607467532467545 0.0042602843807663096 1.069549302219172 0.033908045977011504 1.5444245676803818 1.0000000180025095e-35 3.9219243190762363 48.02272727272728 1.4856094516211353 0.35179919599960785 0.49917491749174919 0.27793103448275869
decision_type=2 2 2 2 2 2 2 2 2 2 2 2 2 2
left_child=8 2 5 -4 -5 -2 -7 -6 9 12 -10 -12 -1 -14
right_child=1 -3 3 4 7 6 -8 -9 10 -11 11 -13 13 -15
leaf_value=-0.044739439131365397 0.031237972614549664 -0.050917796869009317 -0.055994557086039676 0.039741138593967267 0.02659936147597218 -0.039594801351636844 0.0055774695311496024 -0.05336035557340555 0.043106219932674106 0.041149403469293619 -0.030458767327925237 0.033600463965705367 -0.003787208741144488 0.052023625126486228
leaf_weight=0.5581764020025729 0.66589472349733059 0.73214208427816618 0.32885052822530303 1.8838409890886398 0.1945566851645707 2.0621066400781278 0.84441239945590485 0.40261608362197876 1.1620897934772068 0.69102260144427496 0.62624171888455726 0.48011541273444891 6.9609537785872817 0.58156255912035693
leaf_count=5 23 13 6 81 6 47 18 19 27 15 14 8 138 9
internal_value=0 -0.00748809 -0.00250605 0.0142866 0.0236022 -0.0157143 -0.0264712 -0.0273098 0.00492813 0.000836592 0.0207855 -0.00265958 -0.00260226 0.000516062
internal_weight=0 7.11442 6.38228 2.80986 2.48101 3.57241 2.90652 0.597173 11.0602 8.79172 2.26845 1.10636 8.10069 7.54252
internal_count=429 213 200 112 106 88 65 25 216 167 49 22 152 147
is_linear=0
shrinkage=0.05


Tree=117
num_leaves=15
num_cat=0
split_feature=1 11 2 0 2 10 4 1 8 1 9 4 7 8
split_gain=0.2487 0.255969 0.263488 0.324152 0.45476 0.346161 0.307362 0.627028 0.563786 0.573362 0.643026 0.516214 0.71827 0.593837
threshold=0.03807471264367817 0.75961538461538469 0.90301724137931039 2.9174053685313028 0.22834833178753169 0.40849719101123599 0.045683741973146529 0.12060606060606062 30.756355932203395 0.12967763376537059 0.49917491749174919 0.0036021840064327034 0.372758135866397 39.704503676470594
decision_type=2 2 2 2 2 2 2 2 2 2 2 2 2 2
left_child=-1 2 3 4 -2 -5 11 -8 -9 -10 -11 -7 -13 -14
right_child=1 -3 -4 5 -6 6 7 8 9 10 -12 12 13 -15
leaf_value=0.052125455173803771 0.017247716414551625 0.032532049063782958 0.038360106976291379 -0.030816419542980884 -0.036013371230200292 -0.009872286950875938 0.040344967332264933 -0.047179399753746125 -0.060195400384807578 -0.052405688312365355 0.014590301170088291 0.030258632723879783 -0.022248110846681799 0.026769763504025962
leaf_weight=0.22650950355455535 0.55161811504514036 0.56431429437361558 0.4009889243170609 0.86203418392687758 1.4656097311526535 2.9944029590114933 0.57416268810629922 1.0434182463213799 0.40286051668226752 0.4267584411427382 2.2279522274620831 3.5143637452274561 1.6776980245485904 0.97808793606236566
leaf_count=8 13 10 7 25 14 55 25 28 5 20 61 80 40 38
internal_value=0 -0.000600976 -0.00169312 -0.00265376 -0.0214489 -7.48685e-05 0.00183993 -0.0085926 -0.0154441 -0.00461426 0.00382035 0.00716192 0.0154287 -0.00419553
internal_weight=0 17.6843 17.12 16.719 2.01723 14.7017 13.8397 4.67515 4.10099 3.05757 2.65471 9.16455 6.17015 2.65579
internal_count=429 421 411 404 27 377 352 139 114 86 81 213 158 78
is_linear=0
shrinkage=0.05


Tree=118
num_leaves=15
num_cat=0
split_feature=9 1 1 1 2 1 1 0 2 10 8 4 8 1
split_gain=0.248556 0.237203 0.222083 0.487296 0.592781 0.574549 0.898302 0.551589 0.404163 0.514763 0.865409 0.652365 0.685455 0.679694
threshold=0.25298289528577395 0.16736694677871153 0.33908045977011497 0.25615090213231279 0.42927747705342439 0.22796563192904659 0.217967175352721 2.524928003624769 0.69615384615384623 0.9207221350078495 24.51136363636364 0.0036021840064327034 32.316233766233772 0.11495771670190276
decision_type=2 2 2 2 2 2 2 2 2 2 2 2 2 2
left_child=1 -1 3 5 -5 6 7 -2 9 -9 -11 12 -12 -13
right_child=2 -3 -4 4 -6 -7 -8 8 -10 10 11 13 -14 -15
leaf_value=0.0059625043982726401 0.057281468997272482 -0.056420721646876421 0.033712264050838707 0.01163410683044414 -0.056781925939006328 0.036198223127684274 -0.049651566158757383 0.019089088392251478 -0.035795388432542485 0.062275630117286145 0.015337895334185461 0.044005934143379423 -0.04916321731803832 -0.0056020842668627899
leaf_weight=0.2586387954652335 0.45403856504708962 0.37089410657063127 0.50958525016903777 0.53273869026452192 0.78038784861564636 1.1820602193474758 0.85864933952689249 3.62655376945622 0.69788328465074378 0.47275048401206543 0.56735594477504525 0.79932289291173209 1.5031896401196716 5.0706449029967189
leaf_count=7 10 16 5 13 9 20 10 107 22 7 10 29 32 132
internal_value=0 -0.030791 0.00120111 0.000199801 -0.0290254 0.00271918 -9.74118e-05 0.00312806 0.00119775 0.00334205 -0.00344575 -0.00735857 -0.0314891 0.00115312
internal_weight=0 0.629533 17.0552 16.5456 1.31313 15.2324 14.0504 13.1917 12.7377 12.0398 8.41326 7.94051 2.07055 5.86997
internal_count=429 23 406 401 22 379 359 349 339 317 210 203 42 161
is_linear=0
shrinkage=0.05


Tree=119
num_leaves=15
num_cat=0
split_feature=0 13 8 11 4 3 7 7 10 3 0 10 8 9
split_gain=0.255606 0.568076 0.508428 0.652666 0.648633 0.747218 0.441248 0.318106 0.274394 0.429394 0.257088 0.667126 0.448253 0.381301
threshold=4.2765696590948545 10.056179775280901 38.607467532467545 0.033908045977011504 0.0042602843807663096 1.069549302219172 1.5444245676803818 1.0000000180025095e-35 0.97511452271883137 0.69570477918935281 3.9219243190762363 0.61781343800507982 48.02272727272728 0.49917491749174919
decision_type=2 2 2 2 2 2 2 2 2 2 2 2 2 2
left_child=10 2 3 -2 -4 -6 8 -7 9 -5 12 -12 13 -1
right_child=1 -3 4 6 5 7 -8 -9 -10 -11 11 -13 -14 -15
leaf_value=-0.043131715999903834 0.030604435065594904 -0.050258342144240881 -0.055285167443007377 0.022553537193271786 0.03866845808635392 0.02689277051847512 0.0051760819766438343 -0.053371896654516929 -0.05313984416221891 -0.052331519861339174 -0.034908322998494515 0.03425394497402983 0.04048499317492104 0.00061662202616916345
leaf_weight=0.53437996283173728 0.63182000722736065 0.69801919627934683 0.30050373543053899 0.38227533735334884 1.7761258094105872 0.18251057714223851 0.82130045257508744 0.38141255779191852 1.2186615467071533 0.38343915436416864 0.43699174840003174 1.7250246163457632 0.66196960955858219 7.328927141148597
leaf_count=5 23 13 6 9 81 6 18 19 25 13 8 41 15 147
internal_value=0 -0.00753819 -0.0026321 -0.0153065 0.0138676 0.022748 -0.0256454 -0.0273947 -0.0384019 -0.0149459 0.00487537 0.0202747 0.00097009 -0.00235646
internal_weight=0 6.77607 6.07805 3.4375 2.64055 2.34005 2.80568 0.563923 1.98438 0.765714 10.6873 2.16202 8.52528 7.86331
internal_count=429 213 200 88 112 106 65 25 47 22 216 49 167 152
is_linear=0
shrinkage=0.05


Tree=120
num_leaves=15
num_cat=0
split_feature=0 2 9 8 13 13 2 2 0 8 1 8 9 2
split_gain=0.235807 0.535349 0.594494 0.9446 0.658227 0.334519 0.252997 0.647039 0.713774 0.714574 0.467587 0.438105 0.497194 0.505488
threshold=4.2765696590948545 0.42927747705342439 0.87210884353741502 31.710351051910873 1.3368327004690643 2.0287419399094531 0.29864864864864871 0.21194295900178256 2.9174053685313028 34.117164179104485 0.22312409812409814 48.40083437630372 0.50757575757575768 0.41507177033492831
decision_type=2 2 2 2 2 2 2 2 2 2 2 2 2 2
left_child=6 2 4 -4 -2 -5 7 10 -9 -10 -1 12 -8 -14
right_child=1 -3 3 5 -6 -7 11 8 9 -11 -12 -13 13 -15
leaf_value=0.00078944900677377491 0.032435670912267088 -0.033627696326847749 -0.029517486489877315 0.0046903810297629208 -0.033138993135875171 0.048107577052980258 -0.02181204618568066 -0.077497684407988265 0.024064460461101778 -0.038633429492012726 0.043147192137059857 0.054992786908370631 0.049191891527349575 0.0049911763555343137
leaf_weight=2.6801544995978497 0.48916453868150656 1.5001246200408784 0.82565925642848048 0.6580795755144212 1.7580911142285911 1.3615255367476491 1.066465890035033 0.47606469597667489 0.86860795319080331 0.95309138204902411 0.8607859769836067 0.55411375313997258 0.90690287202596698 2.255601329728961
leaf_count=63 13 47 22 17 48 66 16 5 19 23 17 10 20 43
internal_value=0 -0.00737576 0.00035738 0.0155398 -0.0188652 0.0339603 0.00466255 -0.00232178 -0.0229843 -0.00873833 0.0110864 0.0131883 0.00771076 0.0176665
internal_weight=0 6.59264 5.09252 2.84526 2.24726 2.01961 10.6218 5.8387 2.29776 1.8217 3.54094 4.78308 4.22897 3.1625
internal_count=429 213 166 105 61 83 216 127 47 42 80 89 79 63
is_linear=0
shrinkage=0.05


Tree=121
num_leaves=15
num_cat=0
split_feature=9 1 1 1 1 1 1 0 2 10 8 4 13 8
split_gain=0.224649 0.210408 0.205806 0.463835 0.541733 0.473529 0.811164 0.514662 0.367603 0.465234 0.807641 0.592906 0.635834 0.74299
threshold=0.25298289528577395 0.16736694677871153 0.33908045977011497 0.25615090213231279 0.27093760427093766 0.22796563192904659 0.217967175352721 2.524928003624769 0.69615384615384623 0.9207221350078495 24.51136363636364 0.0036021840064327034 6.0915275200989489 39.283787661406031
decision_type=2 2 2 2 2 2 2 2 2 2 2 2 2 2
left_child=1 -1 3 5 -5 6 7 -2 9 -9 -11 -12 13 -13
right_child=2 -3 -4 4 -6 -7 -8 8 -10 10 11 12 -14 -15
leaf_value=0.0051578813068434148 0.056884010995791448 -0.055758240558201368 0.033244081127845548 -0.063569977982555384 0.0020340556732387979 0.033879962628250049 -0.048147246629135332 0.018605480141961294 -0.034696077408794268 0.061580834735581597 -0.030348873211992367 -0.0022877942977605876 -0.016676058442900838 0.04907902372577666
leaf_weight=0.24264683853835123 0.43112550303339681 0.34092128893826157 0.48446498811245042 0.59567148797214098 0.66707067936658859 1.1222038622945536 0.81908973958343345 3.5036408945452395 0.67040812037885267 0.45412316359579374 2.0120208086445928 1.8752420041710141 2.6303267166949809 1.1270925085991619
leaf_count=7 10 16 5 8 14 20 10 107 22 7 42 56 48 57
internal_value=0 -0.0304294 0.00114047 0.000162783 -0.0289132 0.00266977 7.9811e-05 0.00318925 0.00130304 0.00338313 -0.00320224 -0.0070506 0.00127168 0.0169956
internal_weight=0 0.583568 16.3925 15.908 1.26274 14.6453 13.5231 12.704 12.2729 11.6024 8.09881 7.64468 5.63266 3.00233
internal_count=429 23 406 401 22 379 359 349 339 317 210 203 161 113
is_linear=0
shrinkage=0.05


Tree=122
num_leaves=15
num_cat=0
split_feature=7 13 6 2 9 8 8 2 2 11 1 8 1 11
split_gain=0.241196 0.511618 0.514383 0.444006 0.458379 0.587921 0.69614 0.372799 0.724309 0.394198 0.330236 0.743349 0.596845 0.723213
threshold=1.0000000180025095e-35 8.5107924090974958 0.22500000000000003 0.51619644723093006 0.50757575757575768 34.944358974358984 52.691756272401442 0.49506943360898742 0.42927747705342439 0.093073593073593086 0.22796563192904659 37.371462264150949 0.217967175352721 0.13563218390804602
decision_type=2 2 2 2 2 2 2 2 2 2 2 2 2 2
left_child=7 2 3 4 -2 -6 -7 8 10 -9 12 -12 13 -1
right_child=1 -3 -4 -5 5 6 -8 9 -10 -11 11 -13 -14 -15
leaf_value=0.019323710161335945 -0.044259005449176138 -0.061408192690287335 0.024704879913913316 -0.043764994273510174 -0.033181002822798844 0.042372857917259012 -0.033864721176558796 -0.0046569792599136517 -0.043424245359086809 0.038516366436176279 -0.017450294905196562 0.05375887357913392 -0.045724846602123954 -0.015359410016328918
leaf_weight=3.4859868553467095 0.55241909227333952 0.42461500747594971 1.1706328773871062 0.90482971654273558 0.6568363839760426 1.1833371103275565 0.40086829476058472 0.84539709333330337 0.88174299523234445 1.4114400167018173 0.61120969802141167 0.91533651202917099 0.6584869623184203 2.6423093369230628
leaf_count=91 17 13 49 30 19 38 7 27 11 21 15 17 6 68
internal_value=0 -0.0087715 -0.0041811 -0.0133245 -0.00346449 0.0065914 0.0230817 0.00413449 -0.000334819 0.0223439 0.00423541 0.0252476 -0.000490855 0.00436955
internal_weight=0 5.29354 4.86892 3.69829 2.79346 2.24104 1.58421 11.4519 9.19507 2.25684 8.31333 1.52655 6.78678 6.1283
internal_count=429 173 160 111 81 64 45 256 208 48 197 32 165 159
is_linear=0
shrinkage=0.05


Tree=123
num_leaves=15
num_cat=0
split_feature=3 7 0 6 2 2 2 2 2 2 2 4 2 8
split_gain=0.224093 0.355025 0.36837 0.308531 0.274953 0.258008 0.746249 0.552637 0.522666 0.39029 0.419909 0.484207 0.882856 0.825019
threshold=1.0050505050505054 1.0000000180025095e-35 4.7833076179467886 0.51923076923076927 0.18624359479700436 0.29864864864864871 0.41507177033492831 0.49506943360898742 0.5761327713382508 0.28524124881740781 0.26376285541439809 0.015964989127697376 0.18724593495934963 36.504545454545458
decision_type=2 2 2 2 2 2 2 2 2 2 2 2 2 2
left_child=3 2 -2 5 -3 9 -7 -8 -9 10 11 12 -1 -13
right_child=1 4 -4 -5 -6 6 7 8 -10 -11 -12 13 -14 -15
leaf_value=-0.0016493296046701262 0.024756089282238308 0.02085385814083366 -0.030795724715965651 0.040430403119109275 -0.043776298539021027 0.038121912464698177 -0.03068494585197365 0.044385484565981771 -0.0067119192709059576 -0.047499649150694725 0.044798745264883144 -0.0065264093533796575 -0.057942228951508648 0.043255785440013295
leaf_weight=2.2817564113065569 0.81850245036184721 0.19660165719687928 0.4696518718264997 0.51674867304973382 1.0097698628669602 1.6082773809321231 1.1895240768790247 0.78281163703650269 1.3874826608225701 0.49103904142975885 0.46006723004393268 3.1297406232915819 1.0025199744850395 1.1337339216843245
leaf_count=40 15 4 13 30 43 40 15 20 31 10 11 82 20 55
internal_value=0 -0.0137519 0.00450229 0.00251611 -0.0332436 0.00106128 0.0101131 -0.00329413 0.0117186 -0.00423007 -0.00157678 -0.00440357 -0.0188326 0.00671156
internal_weight=0 2.49453 1.28815 13.9837 1.20637 13.467 4.9681 3.35982 2.17029 8.49886 8.00782 7.54775 3.28428 4.26347
internal_count=429 75 28 354 47 324 106 66 51 218 208 197 60 137
is_linear=0
shrinkage=0.05


Tree=124
num_leaves=15
num_cat=0
split_feature=7 13 7 10 4 3 6 10 11 1 11 1 4 4
split_gain=0.225085 0.480428 0.481581 0.404816 0.403796 0.512019 0.386813 0.355891 0.686069 0.927618 0.456543 0.946388 0.664983 0.611638
threshold=1.0000000180025095e-35 8.5107924090974958 1.8779756656674309 0.83130081300813019 0.040408163265306128 1.0050505050505054 0.31666666666666671 0.97511452271883137 0.067424242424242428 0.19940209267563533 0.15603700097370987 0.16575091575091577 0.019169524742773152 0.0036021840064327034
decision_type=2 2 2 2 2 2 2 2 2 2 2 2 2 2
left_child=7 2 3 -2 5 -4 -5 8 9 -1 13 -12 -13 -9
right_child=1 -3 4 6 -6 -7 -8 10 -10 -11 11 12 -14 -15
leaf_value=0.034120178634413321 -0.049981625011920869 -0.060841292970027695 0.012098739332814327 -0.017392669111929472 0.041645206383514627 -0.053200531382270544 0.051644563593141603 -0.0086363194515904872 0.045189462210882457 -0.05764205366814526 -0.051899332642410347 0.031672569062623175 -0.017656634238565026 0.027125642126957977
leaf_weight=0.59849346382543556 0.78735582064837162 0.40618752618320275 1.3613174022175374 1.1373230214230714 0.74597169179469336 0.38512752763926972 0.2469519106671213 2.3303734865039587 1.3260945598594842 0.51018419768661261 1.1310914168134334 1.1426171138882639 1.6991327549330888 2.4553535939194262
leaf_count=16 25 13 35 39 33 12 16 44 50 6 26 12 33 69
internal_value=0 -0.00868723 -0.00414518 -0.0213575 0.0108519 -0.00230111 -0.00507656 0.00401141 0.0209211 -0.00810638 -0.000689273 -0.0132183 0.00217776 0.00971163
internal_weight=0 5.07023 4.66405 2.17163 2.49242 1.74644 1.38427 11.1933 2.43477 1.10868 8.75857 3.97284 2.84175 4.78573
internal_count=429 173 160 80 80 47 55 256 72 22 184 71 45 113
is_linear=0
shrinkage=0.05


Tree=125
num_leaves=15
num_cat=0
split_feature=2 1 2 8 2 2 1 8 1 11 8 4 8 0
split_gain=0.216909 0.231832 0.256562 0.416403 0.296706 0.637294 0.52391 0.615858 0.560152 0.494444 0.919204 0.485131 0.891582 0.470251
threshold=0.90301724137931039 0.03807471264367817 0.5761327713382508 42.944504117436459 0.49506943360898742 0.42927747705342439 0.22796563192904659 37.371462264150949 0.217967175352721 0.12672018348623856 23.421631205673762 0.018085030350677215 37.501107419712078 2.9700856263602158
decision_type=2 2 2 2 2 2 2 2 2 2 2 2 2 2
left_child=1 -1 4 -4 5 6 8 -8 9 13 -11 -12 -13 -3
right_child=-2 2 3 -5 -6 -7 7 -9 -10 10 11 12 -14 -15
leaf_value=0.05204657669665657 0.039145531343679013 -0.042110759182942936 -0.0358685657978128 0.024481663450285907 0.023704226930776041 -0.040429371771984884 -0.0083794596892690278 0.053710768170500058 -0.045040692942450021 0.062799229779702315 -0.039962454829260065 -0.026140570726968317 0.04208676321491836 0.015417981641860213
leaf_weight=0.20465351501479645 0.34703504107892591 0.38427984807639592 1.1543205240741361 0.37988647166639555 1.2653192344587285 0.97939437325112599 0.68639156548306413 0.95505658444017172 0.72552489629015404 0.37304253876209248 1.6415881654247644 1.4747228543274107 0.7090614151675253 4.6976795368827879
leaf_count=8 7 7 31 12 34 21 17 18 9 4 39 40 40 142
internal_value=0 -0.000820459 -0.00152182 -0.0209252 0.000621039 -0.00169211 0.0015652 0.027747 -0.00272987 0.00057792 -0.0121196 -0.0194255 -0.00398757 0.0110679
internal_weight=0 15.6309 15.4263 1.53421 13.8921 12.6267 11.6473 1.64145 10.0059 9.28037 4.19841 3.82537 2.18378 5.08196
internal_count=429 422 414 43 371 337 316 35 281 272 123 119 80 149
is_linear=0
shrinkage=0.05


Tree=126
num_leaves=15
num_cat=0
split_feature=0 13 8 4 1 9 13 0 0 10 8 8 13 13
split_gain=0.217574 0.462531 0.396875 0.572044 0.471014 0.448502 0.557491 0.523942 0.247552 0.534524 0.361254 0.325608 0.224569 0.224086
threshold=4.2765696590948545 10.056179775280901 32.09206706706707 0.0042602843807663096 0.11495771670190276 0.82020202020202027 1.8957771787960469 4.7050052835523761 3.9219243190762363 0.61781343800507982 48.02272727272728 43.37174303683738 2.0287419399094531 4.7065337763012192
decision_type=2 2 2 2 2 2 2 2 2 2 2 2 2 2
left_child=8 2 4 -4 -2 6 -5 12 10 -10 11 13 -7 -1
right_child=1 -3 3 5 -6 7 -8 -9 9 -11 -12 -13 -14 -15
leaf_value=0.0080389726712504824 0.024917485704599132 -0.048912144366558892 -0.054835262425622977 0.041695565049083838 -0.042834961451425423 -0.027814226469961546 -0.029391585081255611 0.044172660975514019 -0.033260406956651223 0.033700388144197249 0.038630194160741371 -0.035850810711870344 0.024507841706138213 -0.011065589128000819
leaf_weight=4.1801016298122686 0.34138204623013813 0.60487238783389319 0.36154885683208693 0.373690735548735 1.0319484025239942 0.48946313280612264 1.0528583289124069 1.3764502690173683 0.3693163329735395 1.5441321590915322 0.58176001347601403 0.65831723948940624 0.35296579240821302 2.4255386153236032
leaf_count=98 10 13 7 14 28 9 40 70 8 41 15 12 22 42
internal_value=0 -0.00745748 -0.00279701 0.00515309 -0.0259931 0.0111027 -0.01077 0.0251649 0.00465104 0.0207762 0.000718354 -0.00231795 -0.00589202 0.00102393
internal_weight=0 5.98518 5.38031 4.00698 1.37333 3.64543 1.42655 2.21888 9.75917 1.91345 7.84572 7.26396 0.842429 6.60564
internal_count=429 213 200 162 38 155 54 101 216 49 167 152 31 140
is_linear=0
shrinkage=0.05


Tree=127
num_leaves=15
num_cat=0
split_feature=9 1 11 11 8 1 7 13 2 10 1 1 11 8
split_gain=0.208894 0.217959 0.192973 0.30148 0.418102 0.523979 0.322599 0.500169 0.516047 0.497893 0.899043 0.754392 0.548905 0.4737
threshold=0.25298289528577395 0.15590277777777781 0.75961538461538469 0.48054968287526428 25.665714285714291 0.1625641800060405 0.25306961147669121 8.5107924090974958 0.67479674796747979 0.96675262479277968 0.15873897937836226 0.25615090213231279 0.15603700097370987 31.189218681798344
decision_type=2 2 2 2 2 2 2 2 2 2 2 2 2 2
left_child=1 -1 3 4 5 -2 9 8 -8 -6 12 13 -11 -12
right_child=2 -3 -4 -5 6 -7 7 -9 -10 10 11 -13 -14 -15
leaf_value=0.01143575410774429 0.01840283051532458 -0.054977386744316771 0.032310664778973958 -0.021910582779439292 0.036293395680667556 -0.053044098068677784 0.0060553277138360416 -0.060501836789993151 -0.05216214722329901 -0.0023895036231784249 0.0014066761176931668 -0.018480150759259611 -0.051932312435173295 0.053738408308725533
leaf_weight=0.1946351258084168 0.40433677937835344 0.33821076899766922 0.48059318098239678 1.4043366974219669 1.573360527632756 0.70241536758840084 3.351372074335814 0.38325314130634058 0.42942026816308487 2.6144958434160803 0.59130162373185235 0.7468193545937537 0.71115612238645542 1.6094215186312792
leaf_count=5 19 18 10 23 53 15 111 12 19 59 13 12 17 43
internal_value=0 -0.0307183 0.00113906 0.000107441 0.00246468 -0.0269419 0.00517444 -0.00607422 -0.00055698 0.0111439 0.00483627 0.0249422 -0.0129837 0.0396776
internal_weight=0 0.532846 15.0023 14.5217 13.1174 1.10675 12.0106 4.16405 3.78079 7.84655 6.27319 2.94754 3.32565 2.20072
internal_count=429 23 406 396 373 34 339 142 130 197 144 68 76 56
is_linear=0
shrinkage=0.05


Tree=128
num_leaves=15
num_cat=0
split_feature=3 1 1 2 11 8 4 9 13 9 8 13 2 0
split_gain=0.205122 0.430845 0.446024 0.364303 0.314844 0.672424 0.620495 0.649287 0.482146 0.369767 0.402553 0.346436 0.325297 0.300707
threshold=1.0050505050505054 0.33908045977011497 0.25615090213231279 0.33043315907393583 0.14589665653495443 25.276666666666671 0.0042602843807663096 0.82020202020202027 9.1160916645681223 0.70106382978723414 37.501107419712078 3.2362798491830751 0.045569912321181363 5.0072908000208587
decision_type=2 2 2 2 2 2 2 2 2 2 2 2 2 2
left_child=1 2 3 4 6 -6 12 13 -9 -7 -11 -12 -1 -8
right_child=-2 -3 -4 -5 5 9 7 8 -10 10 11 -13 -14 -15
leaf_value=0.010276978269456071 -0.013807309110319677 0.058449458065543913 -0.030324482132028947 0.017264600038000233 0.042725049897889861 0.026011730348495622 0.014811836004365021 0.048086287949471965 -0.012941482169245073 -0.046341156537961593 -0.030420439634195141 0.022621338337120666 -0.033880754909279991 -0.045467774549356715
leaf_weight=0.67937595304101162 2.2753190052462751 0.33481040224433023 1.0437978878617293 3.507110161939635 0.46440618857741389 0.35603698017075691 0.39897129917517338 1.638229040661827 0.40331862121820439 1.4311432158574464 0.71383869089186169 0.54125678283162415 1.080204840749502 0.42973800981417298
leaf_count=15 75 4 18 88 10 15 11 89 6 36 20 18 15 9
internal_value=0 0.00246404 0.000986633 0.00379353 -0.00201295 -0.0133144 0.00654685 0.0208786 0.0360299 -0.0218688 -0.028215 -0.00754631 -0.0168314 -0.0164469
internal_weight=0 13.0222 12.6874 11.6436 8.13652 3.50668 4.62984 2.87026 2.04155 3.04228 2.68624 1.2551 1.75958 0.828709
internal_count=429 354 350 332 244 99 145 115 95 89 74 38 30 20
is_linear=0
shrinkage=0.05


Tree=129
num_leaves=15
num_cat=0
split_feature=0 2 1 1 8 4 13 7 10 11 0 10 8 8
split_gain=0.202368 0.417208 0.484626 0.510037 0.668125 0.648047 0.348917 0.301092 0.300903 0.276618 0.20847 0.478821 0.322235 0.30233
threshold=4.2765696590948545 0.42927747705342439 0.12060606060606062 0.12791467938526765 31.054748062015509 0.0069329296133419848 2.9586834733893559 0.66228070175438603 0.98230334154550825 0.087595907928388769 3.9219243190762363 0.61781343800507982 48.02272727272728 43.734000994388815
decision_type=2 2 2 2 2 2 2 2 2 2 2 2 2 2
left_child=10 2 9 -4 -5 -6 -7 -8 -9 -2 12 -12 13 -1
right_child=1 -3 3 4 5 6 7 8 -10 -11 11 -13 -14 -15
leaf_value=0.0011162373530291256 0.052307907468845338 -0.032590586889362234 -0.054094302902645136 -0.052494562891820321 -0.054726947417207461 0.050384354311918116 0.029629694574387491 -0.05096433767241422 0.022473135430449594 0.0030344183157847582 -0.032206568807867292 0.032415772442120259 0.037635328413612473 -0.036594649269494586
leaf_weight=6.4466100367717427 0.57648557727225191 1.2751954293344168 0.54424288147129152 0.51304626837372813 0.32214180659502778 0.68833782663568843 0.62984136166051008 0.33547269646078348 0.23875977727584541 0.563013831153512 0.35652771312743392 1.4624588408041745 0.55339232808910299 0.57923469366505731
leaf_count=142 27 47 10 14 6 29 24 13 27 16 8 41 15 10
internal_value=0 -0.0074011 -0.00011952 -0.00989975 -0.00108153 0.0108293 0.0219889 0.00575591 -0.0204298 0.0279624 0.00454877 0.0197496 0.000900639 -0.00199278
internal_weight=0 5.68654 4.41134 3.27184 2.7276 2.21455 1.89241 1.20407 0.574232 1.1395 9.39822 1.81899 7.57924 7.02584
internal_count=429 213 166 123 113 99 93 64 40 43 216 49 167 152
is_linear=0
shrinkage=0.05


Tree=130
num_leaves=15
num_cat=0
split_feature=2 2 8 8 2 3 2 0 2 13 4 0 4 9
split_gain=0.204176 0.208824 0.332568 0.40218 0.24886 0.245356 0.378353 0.548227 0.356424 0.312917 0.489688 0.479025 0.670497 0.453573
threshold=0.90301724137931039 0.5761327713382508 42.944504117436459 27.207415128052414 0.53078775369797049 1.0050505050505054 0.49506943360898742 2.740319461670996 0.28524124881740781 4.7065337763012192 0.015964989127697376 3.5408542930527882 0.015964989127697376 0.77260981912144711
decision_type=2 2 2 2 2 2 2 2 2 2 2 2 2 2
left_child=1 4 3 -3 5 6 7 -1 -7 11 -11 -9 13 -13
right_child=-2 2 -4 -5 -6 8 -8 9 -10 10 -12 12 -14 -15
leaf_value=-0.039198732304414494 0.038958137301705741 0.016716051639439285 0.023533295074205662 -0.050092252963824795 0.033827541745155301 0.024669839382344228 0.049019381245252618 0.037985448631526822 -0.032914415809023094 0.02740177554596139 -0.015250316181404149 0.031468179323071194 0.022248203138105025 -0.028590042578805833
leaf_weight=0.80505957687272989 0.32957343664020378 0.31007643323391565 0.35674411430954922 0.82362462300807238 0.55886556068435389 0.35177872283384282 0.41697394754737693 1.3043542881496231 1.1381058095721526 0.84322118293493975 3.3324531335383654 0.38746664114296447 2.2507097322959453 1.6664111670106649
leaf_count=13 7 7 12 25 19 12 10 38 35 14 77 9 113 38
internal_value=0 -0.000839909 -0.0185707 -0.0318196 0.00118429 -0.000275568 0.00230207 0.000462555 -0.0193181 0.00372581 -0.0066373 0.0114408 0.00339739 -0.01726
internal_weight=0 14.5458 1.49045 1.1337 13.0554 12.4965 11.0066 10.5897 1.48988 9.78462 4.17567 5.60894 4.30459 2.05388
internal_count=429 422 44 32 378 359 312 302 47 289 91 198 160 47
is_linear=0
shrinkage=0.05


Tree=131
num_leaves=15
num_cat=0
split_feature=9 1 2 10 0 10 1 2 0 8 8 2 9 1
split_gain=0.210577 0.198418 0.176425 0.224944 0.57725 0.580737 0.409959 0.516256 0.45794 0.438953 0.431371 0.387986 0.352586 0.628524
threshold=0.25298289528577395 0.15590277777777781 0.90301724137931039 0.9207221350078495 4.1026092131977068 0.86707427536231896 0.15873897937836226 1.0000000180025095e-35 2.524928003624769 36.504545454545458 36.142857142857146 0.18350168350168353 0.95235394214407265 0.11721768999570632
decision_type=2 2 2 2 2 2 2 2 2 2 2 2 2 2
left_child=1 -1 3 4 -2 -6 7 -5 -8 10 11 -10 13 -9
right_child=2 -3 -4 6 5 -7 8 12 9 -11 -12 -13 -14 -15
leaf_value=0.0097002682863253555 0.034576143975531368 -0.055004679335278084 0.037635965599322592 0.051865423085137523 -0.017727271105119995 0.052772718494380637 -0.034666585202832015 0.047498940740183938 0.022757229539772588 0.024638564384391701 -0.050538722225953674 -0.018476475399780225 -0.029930606193916826 -0.024780187836388093
leaf_weight=0.1862320052459826 1.5145868838299041 0.32567284698598087 0.32423302996903736 0.26862430060282338 1.7461306662298741 0.35078982030972827 0.64778328221291293 0.47529652202501871 1.2808328261598951 2.5831496173050255 0.42285175574943412 1.0286745475605128 2.7262418365571648 0.81910946755670011
leaf_count=5 53 18 7 15 62 13 9 15 24 75 6 30 74 23
internal_value=0 -0.0314649 0.00117718 0.000324538 0.0110554 -0.00593346 -0.00345544 -0.0152444 0.0050241 0.00986108 -0.00410944 0.00439138 -0.0197281 0.00176019
internal_weight=0 0.511905 14.1883 13.8641 3.61151 2.09692 10.2526 4.28927 5.96329 5.31551 2.73236 2.30951 4.02065 1.29441
internal_count=429 23 406 399 128 75 271 127 144 135 60 54 112 38
is_linear=0
shrinkage=0.05


Tree=132
num_leaves=15
num_cat=0
split_feature=7 6 1 2 7 11 10 11 1 2 1 2 0 11
split_gain=0.199624 0.43112 0.329038 0.552648 0.454926 0.328109 0.303293 0.606969 0.791911 0.530443 0.480456 0.433189 1.04715 0.643529
threshold=1.0000000180025095e-35 0.22500000000000003 0.1493491627420199 0.51619644723093006 0.71049974760222123 0.18350168350168353 0.97511452271883137 0.067424242424242428 0.19940209267563533 0.045569912321181363 0.095619047619047631 0.49506943360898742 2.740319461670996 0.1126984126984127
decision_type=2 2 2 2 2 2 2 2 2 2 2 2 2 2
left_child=6 2 3 4 -2 -4 7 8 -1 -8 -11 12 -12 -14
right_child=1 -3 5 -5 -6 -7 9 -9 -10 10 11 -13 13 -15
leaf_value=0.033137583283025455 -0.025812199239761316 0.018950820492516111 -0.046477939893423685 -0.051373223241135017 0.036494107964960963 0.0021511531181995312 0.035777196699922457 0.045210696841837081 -0.056627529196732709 -0.038246631034601804 -0.077790740615593379 0.029012252492794134 0.025442982804707522 -0.013581074180949591
leaf_weight=0.53446669876575326 0.45261181425303332 1.0727236836683003 1.2353217995259909 0.42317864019423712 0.83058508927933872 0.48229304002597917 0.88980036042630661 1.1574083392042664 0.45474823750555515 0.95084667904302467 0.46310142800211895 1.0600092886015771 1.6988017454277722 2.7938552047125995
leaf_count=16 16 51 39 22 32 13 37 50 6 34 3 21 33 56
internal_value=0 -0.00870863 -0.0173742 -0.00182345 0.0145173 -0.0328233 0.003975 0.020631 -0.008128 -0.000575942 -0.00521909 1.21063e-06 -0.00620409 0.00117503
internal_weight=0 4.49671 3.42399 1.70638 1.2832 1.71761 10.003 2.14662 0.989215 7.85641 6.96661 6.01577 4.95576 4.49266
internal_count=429 173 122 70 48 52 256 72 22 184 147 113 92 89
is_linear=0
shrinkage=0.05


Tree=133
num_leaves=15
num_cat=0
split_feature=9 1 13 7 10 1 2 1 13 2 7 2 0 4
split_gain=0.189479 0.183722 0.17337 0.215312 0.439976 0.591393 0.447111 0.498094 0.402065 0.427971 0.459584 0.392958 1.01854 0.37261
threshold=0.25298289528577395 0.15590277777777781 12.613636363636365 1.0000000180025095e-35 0.97511452271883137 0.20722186076772939 0.045569912321181363 0.095619047619047631 8.5107924090974958 0.67479674796747979 1.8779756656674309 0.47608966376089668 2.740319461670996 0.012086155592559671
decision_type=2 2 2 2 2 2 2 2 2 2 2 2 2 2
left_child=1 -1 3 4 5 -2 -6 -8 9 10 -5 12 -9 -14
right_child=2 -3 -4 8 6 -7 7 11 -10 -11 -12 -13 13 -15
leaf_value=0.0089173397825271818 0.047309428128628872 -0.054485612672632869 -0.026800906128217873 -0.016637896480641817 0.034811530783086596 -0.01716884244305775 -0.037291160588344141 -0.077023400790965021 -0.058927889246142395 -0.051914746523041122 0.019611426709794304 0.030647406004970096 0.028375127122638285 -0.0056817699272852656
leaf_weight=0.18322324100881893 1.2592492352705393 0.30354768724646419 0.5343174817971893 1.6089877313934282 0.8692896554712205 0.49557795096188773 0.92706312797963608 0.43137276172637928 0.34282993944361795 0.3935311110690235 1.9151722542010245 1.0015007983893154 1.1157982870936396 2.8660426682326943
leaf_count=5 54 18 10 59 37 13 34 2 12 20 67 19 14 65
internal_value=0 -0.0306204 0.0011218 0.00224982 0.00664744 0.0291002 0.00118351 -0.003426 -0.00700459 -0.00246088 0.00306146 0.00237212 -0.00404446 0.00386171
internal_weight=0 0.486771 13.7607 13.2264 8.96589 1.75483 7.21107 6.34178 4.26052 3.91769 3.52416 5.41471 4.41321 3.98184
internal_count=429 23 406 396 238 67 171 134 158 146 126 100 81 79
is_linear=0
shrinkage=0.05


Tree=134
num_leaves=15
num_cat=0
split_feature=11 13 1 4 2 1 10 2 9 11 10 0 8 13
split_gain=0.19387 0.252792 0.427383 0.360217 0.624045 0.557003 0.498321 0.481419 0.372307 0.480335 0.366177 0.476572 0.331162 0.544032
threshold=0.75961538461538469 4.3978021978021991 0.25615090213231279 0.017370537958773257 0.26628151260504207 0.10939369764658956 0.63559168925022591 0.21194295900178256 0.98717896034518193 0.13563218390804602 0.99875311720698268 4.1026092131977068 32.487406398910828 10.717108321710834
decision_type=2 2 2 2 2 2 2 2 2 2 2 2 2 2
left_child=1 2 3 4 7 10 -5 8 -1 -10 11 -6 13 -3
right_child=-2 12 -4 6 5 -7 -8 -9 9 -11 -12 -13 -14 -15
leaf_value=-0.033184897345535591 0.032275623062381041 -0.053014684503239921 -0.031536105276711204 -0.012935880958615682 0.051212086371018019 0.044904052203803051 0.031687803585700142 -0.050671873019542804 0.051951459602845362 -0.012720115452680345 -0.04730435437498845 -0.027069913671510376 -0.002225012961015948 0.017759057527517049
leaf_weight=0.6903890203684534 0.45129296905361194 0.91035202983766683 0.77552662603557188 0.8436619155108932 0.40493574831634782 1.0429778918623922 2.4208487526047975 0.77734846435487259 0.47545934654772282 0.72480559721589088 0.36079422198235989 0.37398099480196834 3.4109263344435021 0.3869463112205267
leaf_count=12 10 27 9 29 9 25 128 16 16 17 11 13 97 10
internal_value=0 -0.00103516 0.00392572 0.00731462 -0.00132728 0.0185005 0.0201555 -0.0175483 -0.00392948 0.0128981 -0.00566211 0.0136266 -0.010403 -0.0319049
internal_weight=0 13.599 8.89073 8.1152 4.85069 2.18269 3.26451 2.668 1.89065 1.20026 1.13971 0.778917 4.70822 1.2973
internal_count=429 419 285 276 119 58 157 61 45 33 33 22 134 37
is_linear=0
shrinkage=0.05


Tree=135
num_leaves=15
num_cat=0
split_feature=3 1 1 2 11 8 4 9 10 8 4 13 1 8
split_gain=0.195857 0.373591 0.339216 0.285649 0.303695 0.849646 0.518774 0.534044 0.482002 0.514408 0.446455 0.391735 0.274131 0.271316
threshold=1.0050505050505054 0.33908045977011497 0.25615090213231279 0.33043315907393583 0.14589665653495443 24.51136363636364 0.0042602843807663096 0.82020202020202027 0.99482210466604237 38.264992583174411 0.020677860696517416 9.1160916645681223 0.13313192346424976 49.163265306122462
decision_type=2 2 2 2 2 2 2 2 2 2 2 2 2 2
left_child=1 2 3 4 6 -6 12 -8 10 -10 -7 -9 -1 -5
right_child=-2 -3 -4 13 5 8 7 11 9 -11 -12 -13 -14 -15
leaf_value=0.0077977161835321414 -0.014109928155908849 0.057243597896923452 -0.027183854911193073 0.010535986819819688 0.060876314966843287 -0.021895455981487167 -0.01411146714082186 0.047648566503141018 -0.052931788259774327 0.001439820951335484 0.051695220718887797 -0.0097634057606817148 -0.033743413672854876 0.053547733749947847
leaf_weight=0.72034390456973951 2.079801776446403 0.30398755148053247 0.97133400244638401 2.6894944803789262 0.34456015005707774 0.48357688542455468 0.75916205439716589 1.4425868841353802 1.3648343258537354 0.63853397988714267 0.35917583643458784 0.37418421171605598 0.88512362726032734 0.42451200447976578
leaf_count=16 75 4 18 76 5 10 20 89 42 19 23 6 14 12
internal_value=0 0.00253517 0.00108365 0.00370209 -0.00166136 -0.0132789 0.00720355 0.0211073 -0.0222563 -0.0356019 0.00946842 0.0358239 -0.0151047 0.0163995
internal_weight=0 11.7614 11.4574 10.4861 7.37208 3.19068 4.1814 2.57593 2.84612 2.00337 0.842753 1.81677 1.60547 3.11401
internal_count=429 354 350 332 244 99 145 115 94 61 33 95 30 88
is_linear=0
shrinkage=0.05


Tree=136
num_leaves=15
num_cat=0
split_feature=9 4 1 1 1 1 9 13 4 8 8 2 1 7
split_gain=0.193112 0.402296 0.34671 0.569697 0.341533 0.562705 0.451994 0.568955 0.441197 0.941095 0.828566 0.482819 0.51123 0.362037
threshold=0.49917491749174919 0.016526708995328245 0.27326839826839833 0.25615090213231279 0.22796563192904659 0.217967175352721 0.54700854700854717 8.0540540540540562 0.015117985878855445 35.920000000000009 30.818158740903709 0.074565637065637083 0.12060606060606062 1.0000000180025095e-35
decision_type=2 2 2 2 2 2 2 2 2 2 2 2 2 2
left_child=1 -1 3 4 5 6 -2 8 10 11 -8 -10 -13 -12
right_child=2 -3 -4 -5 -6 -7 7 -9 9 -11 13 12 -14 -15
leaf_value=0.018801954578151751 0.046425113302764061 -0.035853074352623936 0.036418727136902994 -0.050841736373931294 0.032008479116851972 -0.043938793247655004 0.038197765931077758 -0.032013780019554738 0.038244101290325003 0.046843707176150495 -0.0065594826632400065 0.027737141791321269 -0.032713756494934194 -0.043546945398087775
leaf_weight=0.51455799583345718 0.56415276788174296 0.97398694488219917 0.69469350948929864 0.52490278519690114 0.89895235560834486 0.68399456888437349 0.79757989011704777 1.182045775465667 0.53413593629375178 1.5763815832324324 1.9238471109420063 0.48275602934882034 1.2693727249279616 1.0083326948806641
leaf_count=10 20 38 14 10 20 10 14 25 21 103 57 21 37 29
internal_value=0 -0.01696 0.00212123 3.96877e-05 0.00248511 -0.000162916 0.00304339 0.000254169 0.0052779 0.0171218 -0.00698798 -0.00337149 -0.016058 -0.0192789
internal_weight=0 1.48854 12.1411 11.4465 10.9216 10.0226 9.3386 8.77445 7.59241 3.86265 3.72976 2.28626 1.75213 2.93218
internal_count=429 48 381 367 357 337 327 307 282 182 100 79 58 86
is_linear=0
shrinkage=0.05


Tree=137
num_leaves=15
num_cat=0
split_feature=7 6 8 3 11 1 8 10 0 10 1 11 2 1
split_gain=0.186893 0.377262 0.27682 0.337763 0.380992 0.429594 0.267056 0.252336 0.249866 0.288005 0.630229 0.465669 0.452725 0.439713
threshold=1.0000000180025095e-35 0.22500000000000003 37.501107419712078 1.069549302219172 0.16904761904761909 0.15424266455194294 39.877990430622013 0.98230334154550825 5.6594761454779006 0.97511452271883137 0.1822134387351779 0.062114197530864203 0.045569912321181363 0.095619047619047631
decision_type=2 2 2 2 2 2 2 2 2 2 2 2 2 2
left_child=8 2 -2 4 5 6 -4 -3 9 10 -1 -12 -11 -14
right_child=1 7 3 -5 -6 -7 -8 -9 -10 12 11 -13 13 -15
leaf_value=0.050753488522034221 -0.037549165557220203 -0.003850128161511486 -0.018883798110698555 -0.043298229894309634 0.052869466661925782 -0.037688254332155134 0.048462813084237881 0.046883582844330474 -0.038440350268371254 0.038179179423827814 -0.055881614384548084 0.021155428336173444 -0.036248593803341361 0.0019914011919613373
leaf_weight=0.97181633743457119 1.1007741293869924 0.57152363611385204 0.2448823042213919 0.47458430717233557 0.32678954862058152 0.60829937737435102 0.36902770772576332 0.42910787044093013 0.33450676919892508 0.73637669440358866 0.31979051558300853 0.50742254545912147 0.87052491586655367 5.5097609038930386
leaf_count=46 43 18 7 26 15 15 16 33 8 33 5 18 34 112
internal_value=0 -0.00881284 -0.0173701 -0.00639331 0.00491366 -0.00790857 0.021599 0.0179064 0.00398477 0.00557652 0.0234501 -0.00862616 0.00105823 -0.00322606
internal_weight=0 4.12499 3.12436 2.02358 1.549 1.22221 0.61391 1.00063 9.2502 8.91569 1.79903 0.827213 7.11666 6.38029
internal_count=429 173 122 79 53 38 23 51 256 248 69 23 179 146
is_linear=0
shrinkage=0.05


Tree=138
num_leaves=15
num_cat=0
split_feature=0 13 8 4 1 9 13 0 13 4 9 1 1 9
split_gain=0.17405 0.361473 0.347947 0.417267 0.340218 0.340111 0.466325 0.414582 0.18244 0.271896 0.259684 0.421544 0.421208 0.33796
threshold=4.2765696590948545 10.056179775280901 32.09206706706707 0.0042602843807663096 0.11495771670190276 0.82020202020202027 1.8957771787960469 4.7050052835523761 9.4343354430379769 0.048074145402022157 0.50757575757575768 0.22073677956030899 0.27093760427093766 0.96850198412698429
decision_type=2 2 2 2 2 2 2 2 2 2 2 2 2 2
left_child=8 2 4 -4 -2 6 -5 -7 10 -10 11 -1 13 -12
right_child=1 -3 3 5 -6 7 -8 -9 9 -11 12 -13 -14 -15
leaf_value=0.0047730800976018596 0.022043595010306991 -0.047608285448578751 -0.053427436441444369 0.042370740325625218 -0.041978540977239187 -0.0055169417337112983 -0.028853825158427573 0.043603109770084365 0.046974970868694677 -0.0031491258855437204 0.034808956796334799 -0.056453616725778123 0.054965577133132298 -0.0024176629655214992
leaf_weight=0.69455974968150058 0.27291932143271036 0.5022770098876207 0.27538717910647426 0.3126238761469724 0.86581815779209137 0.70248133642598976 0.86754128069151193 1.1057188113918526 0.57912049442529656 0.50777027755975723 0.69613896473310877 0.47228580806404352 0.40568165667355049 4.9085918432101607
leaf_count=20 10 13 7 14 28 31 40 70 12 13 24 7 9 131
internal_value=0 -0.00742216 -0.00283736 0.00546556 -0.0266345 0.0108927 -0.00998655 0.0245201 0.00446763 0.0235581 0.00157665 -0.0200087 0.00576717 0.00220609
internal_weight=0 4.90477 4.40249 3.26375 1.13874 2.98837 1.18017 1.8082 8.26415 1.08689 7.17726 1.16685 6.01041 5.60473
internal_count=429 213 200 162 38 155 54 101 216 25 191 27 164 155
is_linear=0
shrinkage=0.05


Tree=139
num_leaves=15
num_cat=0
split_feature=7 6 1 2 8 7 11 2 2 10 0 1 13 1
split_gain=0.17792 0.355763 0.257569 0.454587 0.407687 0.295159 0.272559 0.237629 0.275543 0.44278 0.603395 0.623943 0.955224 0.511442
threshold=1.0000000180025095e-35 0.22500000000000003 0.1493491627420199 0.51619644723093006 39.704503676470594 0.71049974760222123 0.18350168350168353 0.73863636363636376 0.074565637065637083 0.96675262479277968 3.0677824455408698 0.13054402447017702 5.4446640316205537 0.1822134387351779
decision_type=2 2 2 2 2 2 2 2 2 2 2 2 2 2
left_child=7 2 3 4 5 -2 -4 8 -1 13 -11 -12 -13 -10
right_child=1 -3 6 -5 -6 -7 -8 -9 9 10 11 12 -14 -15
leaf_value=0.022164978268656613 -0.045145910399892124 0.017676933877392994 -0.045326085698853991 -0.051171586669679525 0.052475650150787173 0.019455175626479308 0.0015940119937963865 0.043761829585238693 0.047091659739732152 -0.03842106398073309 -0.029347104817701555 0.045341428484797018 -0.010358630994823132 -0.012110450140119484
leaf_weight=1.4486806879285685 0.32328861951828158 0.96176213782746334 1.0755838340264743 0.36347194761037815 0.41573275648988783 0.39025164162740111 0.43457049620337773 0.35933887120336372 0.87582700722850837 1.2735430300235746 1.2478140220046041 1.2999410375487062 1.8871339668985454 0.62523325346410275
leaf_count=49 13 51 39 22 23 12 13 8 43 22 37 34 43 20
internal_value=0 -0.0087888 -0.0172652 -0.00253649 0.0131174 -0.00981409 -0.0318241 0.00392016 0.00226661 -0.00173178 -0.00808585 0.000625344 0.0123603 0.0224323
internal_weight=0 3.96466 3.0029 1.49274 1.12927 0.71354 1.51015 9.01751 8.65817 7.20949 5.70843 4.43489 3.18708 1.50106
internal_count=429 173 122 70 48 25 52 256 248 199 136 114 77 63
is_linear=0
shrinkage=0.05


Tree=140
num_leaves=15
num_cat=0
split_feature=11 11 8 0 1 4 8 1 13 0 10 1 11 1
split_gain=0.169388 0.228829 0.394444 0.382061 0.380553 0.232165 0.585181 0.399716 0.333438 0.47882 0.439359 0.374596 0.365996 0.509522
threshold=0.75961538461538469 0.48054968287526428 25.665714285714291 2.249904835165133 0.1625641800060405 0.0042602843807663096 30.818158740903709 0.24880952380952384 1.5127251930225911 2.6735537653587351 0.48148601256015011 0.18738295880149816 0.083551483420593389 0.17883795309168446
decision_type=2 2 2 2 2 2 2 2 2 2 2 2 2 2
left_child=1 2 4 -4 -1 6 -5 -8 9 -7 -11 12 13 -10
right_child=-2 -3 3 5 -6 8 7 -9 11 10 -12 -13 -14 -15
leaf_value=0.014369110139152493 0.031652475493301573 -0.021655023521950104 0.055017811523107099 0.036965109039552788 -0.052951434696145216 -0.053197791362582326 -0.033847150024448103 0.025773794230272332 0.019776908539688307 -0.0040157145549298912 0.047690612971354109 0.020325717897623746 -0.023543543873350052 -0.052197160070692396
leaf_weight=0.3192323874682178 0.41011572559364218 1.2106843013316382 0.35524329729378123 0.50397151149809216 0.61306733824312687 0.18458040244877372 1.6138974647037683 0.34041857160627831 1.4794211066327991 0.60366406105458725 1.2861894891830159 1.5940263108350334 1.9567106454633174 0.29491372901247803
leaf_count=19 10 23 7 6 15 2 51 4 67 23 64 61 69 8
internal_value=0 -0.00100993 0.00123269 0.00407464 -0.0298999 0.00223881 -0.0110738 -0.0234619 0.00666157 0.0236671 0.0311744 3.6909e-05 -0.00863114 0.00781404
internal_weight=0 12.356 11.1453 10.213 0.9323 9.85779 2.45829 1.95432 7.39951 2.07443 1.88985 5.32507 3.73105 1.77433
internal_count=429 419 396 362 34 355 61 55 294 89 87 205 144 75
is_linear=0
shrinkage=0.05


Tree=141
num_leaves=15
num_cat=0
split_feature=3 7 0 2 2 2 2 8 2 2 2 4 1 13
split_gain=0.179969 0.230663 0.265477 0.203022 0.144908 0.472081 0.345481 0.374999 0.467194 0.329193 0.300952 0.327271 0.448931 0.423009
threshold=1.0050505050505054 1.0000000180025095e-35 4.7833076179467886 0.18624359479700436 0.29864864864864871 0.41507177033492831 0.49506943360898742 40.326895902025448 0.5761327713382508 0.28524124881740781 0.26376285541439809 0.026296082949308758 0.22796563192904659 5.5175038051750382
decision_type=2 2 2 2 2 2 2 2 2 2 2 2 2 2
left_child=4 2 -2 -3 9 -6 -7 8 -8 10 11 12 -1 -13
right_child=1 3 -4 -5 5 6 7 -9 -10 -11 -12 13 -14 -15
leaf_value=-0.020833676356081739 0.02221232465609722 0.020221169322850032 -0.031873051727829553 -0.042922560217692501 0.035629637382612905 -0.026532290925329678 0.037615975635380348 0.049675128932404951 -0.026766384588908738 -0.046565991166642035 0.044140315620116194 0.033185246830771807 0.034024171225274104 -0.0053050770320783973
leaf_weight=2.6703213700093316 0.62666186597198315 0.15302590094506741 0.35565021354705095 0.7571664375718683 1.2457468947395685 0.91519061103463206 0.44627121184021212 0.4678075942210852 0.76444621942937374 0.3874932532198726 0.37849962944164861 1.1865416717482733 0.43348398432135571 1.7916813017800448
leaf_count=77 15 4 13 43 42 16 13 17 22 10 11 92 9 45
internal_value=0 -0.0141723 0.00263049 -0.0323065 0.00255601 0.0103315 -0.0018191 0.0116554 -0.00303501 -0.00180343 0.000881365 -0.00181075 -0.0131721 0.0100297
internal_weight=0 1.8925 0.982312 0.910192 10.6875 3.83946 2.59372 1.67853 1.21072 6.84802 6.46053 6.08203 3.10381 2.97822
internal_count=429 75 28 47 354 110 68 52 35 244 234 223 86 137
is_linear=0
shrinkage=0.05


Tree=142
num_leaves=15
num_cat=0
split_feature=9 4 1 1 9 13 1 1 4 8 7 2 2 1
split_gain=0.174493 0.348489 0.292688 0.496718 0.268563 0.429395 0.406523 0.396314 0.364053 0.728288 0.603872 0.46454 0.841773 0.45251
threshold=0.49917491749174919 0.016526708995328245 0.27326839826839833 0.25615090213231279 0.54700854700854717 8.0540540540540562 0.23399926008139108 0.21188597991668848 0.015964989127697376 35.920000000000009 0.50890914741531146 0.26628151260504207 0.13501030927835053 0.091868047564250113
decision_type=2 2 2 2 2 2 2 2 2 2 2 2 2 2
left_child=1 -1 3 4 -2 6 7 8 10 -10 11 12 -6 -13
right_child=2 -3 -4 -5 5 -7 -8 -9 9 -11 -12 13 -14 -15
leaf_value=0.018097821744895642 0.032875489869624519 -0.035641189204324311 0.035189191971391622 -0.049734325918969285 0.027469215130171018 -0.0248264576428689 0.053580645533709725 -0.038535179750022852 -0.0014898379096202705 0.046188546966835595 -0.042197752077750478 -0.0048925735936471261 -0.051832637932658666 0.053464809460480073
leaf_weight=0.46126707457006044 0.6775938007049217 0.87199127179337665 0.63016710150986988 0.477171830832959 0.62803875561803468 1.4402881194837389 0.40620811702683557 0.55239132465794671 2.0343669091816996 1.3210387533763421 0.85864009056240309 0.61119466461241223 0.71628444362431765 0.72766599990427494
leaf_count=10 23 38 14 10 16 34 9 11 77 100 29 21 22 15
internal_value=0 -0.0170491 0.00209664 0.000101224 0.0024855 0.000270379 0.00487163 0.00221566 0.00547935 0.0172814 -0.00570148 0.00597761 -0.0147845 0.0268245
internal_weight=0 1.33326 11.081 10.4509 9.97371 9.29612 7.85583 7.44962 6.89723 3.35541 3.54182 2.68318 1.34432 1.33886
internal_count=429 48 381 367 357 334 300 291 280 177 103 74 38 36
is_linear=0
shrinkage=0.05


Tree=143
num_leaves=15
num_cat=0
split_feature=3 7 0 6 2 9 1 1 10 10 1 11 13 9
split_gain=0.165783 0.219337 0.245864 0.212843 0.187392 0.161669 0.48506 0.549415 0.25125 0.43201 0.400611 0.581736 0.36479 0.510232
threshold=1.0050505050505054 1.0000000180025095e-35 4.7833076179467886 0.51923076923076927 0.18624359479700436 0.40817242927705438 0.27326839826839833 0.25615090213231279 0.93490499648135128 0.43795062935353785 0.15873897937836226 0.14589665653495443 4.3978021978021991 0.78787878787878796
decision_type=2 2 2 2 2 2 2 2 2 2 2 2 2 2
left_child=3 2 -2 5 -3 -1 7 8 9 -7 11 -10 13 -12
right_child=1 4 -4 -5 -6 6 -8 -9 10 -11 12 -13 -14 -15
leaf_value=-0.019935472224351908 0.021489306445739303 0.019534912656841371 -0.031327245991536828 0.040116359523573897 -0.042315278259694333 -0.026613396415029647 0.054888788498006005 -0.056489393138655301 0.0016636290775375363 0.035525098891975429 -0.032252887485469166 -0.041774992200905664 -0.001315656017961502 0.049122357408311806
leaf_weight=0.83452976588159522 0.6189607139676816 0.14723086729645729 0.34213623777031898 0.36284202139359045 0.72800550400279462 0.3633782826363986 0.43010271433740932 0.40339833498001176 2.3212536603678022 1.2148586716502903 0.2394624622538688 1.1538874320685861 2.0401500836014748 0.98494283366017044
leaf_count=21 15 4 13 30 43 17 9 8 75 69 7 39 40 39
internal_value=0 -0.0138029 0.0026874 0.00249882 -0.0319109 0.00113198 0.00305314 0.000496806 0.00326049 0.0212181 -0.000944658 -0.0127598 0.0116326 0.0332074
internal_weight=0 1.83633 0.961097 10.3488 0.875236 9.98596 9.15143 8.72133 8.31793 1.57824 6.7397 3.47514 3.26456 1.22441
internal_count=429 75 28 354 47 324 303 294 286 86 200 114 86 46
is_linear=0
shrinkage=0.05


Tree=144
num_leaves=15
num_cat=0
split_feature=8 2 9 1 8 13 1 4 4 0 8 9 4 8
split_gain=0.159975 0.431484 0.327116 0.315159 0.260368 0.220758 0.322543 0.484986 0.388507 0.583364 0.513489 0.532566 0.329783 0.306658
threshold=48.40083437630372 0.28829856584093877 0.27310735567060668 0.15590277777777781 47.777478799739079 2.6088929219600732 0.22796563192904659 0.025526978328479045 0.026296082949308758 3.1984648276080736 36.504545454545458 0.6048780487804879 0.046120119950585146 37.371462264150949
decision_type=2 2 2 2 2 2 2 2 2 2 2 2 2 2
left_child=2 3 -1 -2 5 -4 8 -8 -7 -10 12 -12 -11 -9
right_child=1 -3 4 -5 -6 6 7 13 9 10 11 -13 -14 -15
leaf_value=-0.053192181998549186 0.026353139210645693 0.050155642025879646 0.008666489987906402 -0.050610399448520416 -0.043860879699555051 -0.031045587882401412 0.05135909407210465 -0.043725579616434619 0.057633549166267173 0.023574630885135481 -0.053151020935914561 0.051340481151432166 -0.039145524788624847 0.025298568869426104
leaf_weight=0.30069297732552414 0.25767469895072348 0.53640092257410288 4.9762830082327092 0.27494344813749194 0.33243162161670703 1.6895309453830121 0.55033126380294539 0.35502444766461849 0.37378308735787902 0.25714557059109244 0.16110619320534159 0.50161333614960313 1.1330797672271726 0.29430732969194651
leaf_count=22 10 19 183 10 9 45 11 13 5 11 6 44 33 8
internal_value=0 0.0185021 -0.00176423 -0.0133763 -0.000308738 0.00109797 -0.00598699 0.0168267 -0.0126359 0.000181177 -0.0102793 0.0259387 -0.0275444 -0.0124406
internal_weight=0 1.06902 10.9253 0.532618 10.6246 10.2922 5.31592 1.19966 4.11626 2.42673 2.05294 0.66272 1.39023 0.649332
internal_count=429 39 390 20 368 359 176 32 144 99 94 50 44 21
is_linear=0
shrinkage=0.05


Tree=145
num_leaves=15
num_cat=0
split_feature=3 7 6 1 9 1 1 10 10 1 11 8 8 11
split_gain=0.152019 0.200711 0.194301 0.180243 0.139632 0.446892 0.502657 0.240777 0.395201 0.357185 0.509099 0.361001 0.467525 0.519374
threshold=1.0050505050505054 1.0000000180025095e-35 0.51923076923076927 0.16125703564727958 0.40817242927705438 0.27326839826839833 0.25615090213231279 0.93490499648135128 0.43795062935353785 0.15967032967032971 0.14589665653495443 31.494639267366544 32.95000000000001 0.070197044334975381
decision_type=2 2 2 2 2 2 2 2 2 2 2 2 2 2
left_child=2 3 4 -2 -1 6 7 8 -6 10 11 -9 -13 -14
right_child=1 -3 -4 -5 5 -7 -8 9 -10 -11 -12 12 13 -15
leaf_value=-0.018708349481961178 0.030019381462312856 -0.031184794401130894 0.039327634961698693 -0.014989802079427322 -0.025335212380842395 0.054573505617463061 -0.055931614036686117 0.036509449840366075 0.03496748154812427 0.011296773568309736 -0.039232107469596197 -0.055452533722861547 0.051685618186557453 -0.016022135899925804
leaf_weight=0.81338391150347611 0.3634882457554347 0.83994505717419088 0.34456277976278293 0.57317971903830767 0.35353825986384801 0.40010931994766075 0.37707332801073867 0.55751958535984236 1.1736703419592229 3.0969683576840907 1.1516197090968487 0.42316858284175385 0.40995997143909313 0.91625267872586846
leaf_count=21 9 47 30 19 17 9 8 21 69 84 41 5 24 25
internal_value=0 -0.0134377 0.00243217 0.0024767 0.00111795 0.00293811 0.00049599 0.00312845 0.0210078 -0.00103685 -0.0120811 0.00147283 -0.00969318 0.00490774
internal_weight=0 1.77661 10.0178 0.936668 9.67326 8.85988 8.45977 8.0827 1.52721 6.55549 3.45852 2.3069 1.74938 1.32621
internal_count=429 75 354 28 324 303 294 286 86 200 116 75 54 49
is_linear=0
shrinkage=0.05


Tree=146
num_leaves=15
num_cat=0
split_feature=8 2 1 8 13 1 4 4 0 8 2 2 4 8
split_gain=0.147785 0.408154 0.294471 0.210753 0.191541 0.29252 0.482432 0.320665 0.578352 0.366384 0.329112 0.274585 0.266017 0.240967
threshold=48.40083437630372 0.28829856584093877 0.15590277777777781 47.777478799739079 2.6088929219600732 0.22796563192904659 0.025526978328479045 0.026296082949308758 3.1984648276080736 36.504545454545458 0.29338212242842249 0.15479521371591859 0.046120119950585146 37.371462264150949
decision_type=2 2 2 2 2 2 2 2 2 2 2 2 2 2
left_child=3 2 -2 4 11 7 -7 -6 -9 12 -11 -1 -10 -8
right_child=1 -3 -4 -5 5 6 13 8 9 10 -12 -13 -14 -15
leaf_value=0.030257174461076342 0.025398662610542702 0.049821157294177895 -0.050338865058969152 -0.041738381946768349 -0.03038838156448196 0.050908257012156545 -0.043087510385785045 0.057157731926477273 0.017391788621115654 0.035071608057342211 -0.048965457914548705 0.00075785470568023264 -0.038113652666100367 0.017977728684451206
leaf_weight=0.97926757740787795 0.25117955310270257 0.51083981012925506 0.26242475281469524 0.31896327610593367 1.6607779241167007 0.51776726171374299 0.33731101267039776 0.3543665744364265 0.26912592258304391 0.55324499506968994 0.14758274436462671 4.0567405065521598 1.0907129109837113 0.31004030862823129
leaf_count=45 10 19 10 9 46 11 13 5 12 48 14 142 33 12
internal_value=0 0.0181758 -0.0132992 -0.00171174 -0.000469445 -0.0071607 0.0149329 -0.0134764 -0.00184633 -0.0119931 0.0173748 0.00649409 -0.0271286 -0.0138411
internal_weight=0 1.02444 0.513604 10.5959 10.2769 5.24093 1.16512 4.07581 2.41503 2.06067 0.700828 5.03601 1.35984 0.647351
internal_count=429 39 20 390 381 194 36 158 112 107 62 187 45 25
is_linear=0
shrinkage=0.05


Tree=147
num_leaves=15
num_cat=0
split_feature=3 2 3 0 6 2 2 2 2 4 0 1 13 0
split_gain=0.136785 0.199422 0.211478 0.219833 0.178328 0.141505 0.396317 0.274919 0.268154 0.279059 0.45291 0.40512 0.39733 0.373246
threshold=1.0050505050505054 0.28524124881740781 6.3960280373831777 3.7726948748059121 0.51923076923076927 0.29864864864864871 0.41507177033492831 0.28524124881740781 0.26376285541439809 0.0092225588177005189 3.1984648276080736 0.14271371199082045 1.5127251930225911 3.7726948748059121
decision_type=2 2 2 2 2 2 2 2 2 2 2 2 2 2
left_child=4 -2 -3 -4 5 7 -7 8 9 11 -11 -1 -12 -14
right_child=1 2 3 -5 -6 6 -8 -9 -10 10 12 -13 13 -15
leaf_value=-0.04345918234468138 0.025543722407795906 -0.035071469856160373 0.034685673930735239 -0.029040107603085709 0.038560481815840965 0.034002676995132701 -0.0025298789678193708 -0.046181528486873631 0.041329667058423447 0.047788182569091897 0.051105632227253096 0.0036638080010770895 -0.043951404838299755 0.0010238362686182307
leaf_weight=0.89653785573318223 0.2826633264776327 0.91116120381047927 0.28436105139553547 0.25822783098556101 0.32855632225982923 1.0947224493138494 2.3065032076556236 0.3555883616209029 0.35316435038112093 0.51805418403819237 0.30488707358017597 0.92841243278235197 0.59692244790494475 2.0304500208003446
leaf_count=26 12 40 6 17 30 40 66 10 11 21 23 22 15 90
internal_value=0 -0.0128836 -0.0203553 0.00435743 0.00235258 0.00108502 0.00922853 -0.00354363 -0.000849887 -0.00367369 0.00468989 -0.0194862 -0.00292446 -0.00919425
internal_weight=0 1.73641 1.45375 0.542589 9.7138 9.38524 3.40123 5.98402 5.62843 5.27526 3.45031 1.82495 2.93226 2.62737
internal_count=429 75 63 23 354 324 106 218 208 197 149 48 128 105
is_linear=0
shrinkage=0.05


Tree=148
num_leaves=15
num_cat=0
split_feature=2 2 8 1 2 3 1 1 8 2 2 1 11 11
split_gain=0.140353 0.167235 0.244105 0.285977 0.174956 0.162414 0.266458 0.329749 0.254649 0.226033 0.212145 0.295095 0.312953 0.248058
threshold=0.90301724137931039 0.5761327713382508 45.058127356514454 0.071898496240601517 0.53078775369797049 0.69570477918935281 0.27326839826839833 0.25615090213231279 34.689189189189193 0.3029956350323853 0.33043315907393583 0.14348097317529634 0.14589665653495443 0.14589665653495443
decision_type=2 2 2 2 2 2 2 2 2 2 2 2 2 2
left_child=1 4 3 -3 5 6 7 10 -7 -10 13 -12 -13 -1
right_child=-2 2 -4 -5 -6 8 -8 -9 9 -11 11 12 -14 -15
leaf_value=0.0070310452534685115 0.036772330244601158 0.021762509867296165 0.029736235084038262 -0.045664093125564215 0.033072324611039088 -0.042429520713617913 0.039330289117617323 -0.046636003602753384 0.039009190175018672 -0.018252230749239911 0.048222750282950581 -0.02875974988609897 0.031356554443563049 -0.013594947919859227
leaf_weight=3.4838172834133676 0.25422212248668152 0.20297800842672475 0.2069885516539216 0.69813457317650318 0.41392248414922583 0.54922744724899597 0.46242701914161433 0.35755462339147914 0.2696877415291965 0.47744778048945591 0.5580991144524885 0.42868275940418243 0.43735770275816321 2.5064067665953189
leaf_count=143 7 7 10 27 19 21 11 9 15 19 22 12 11 96
internal_value=0 -0.00080382 -0.0192287 -0.0304761 0.00124921 -0.000132883 0.00245693 0.00026297 -0.016583 0.00241698 0.00252465 0.0198705 0.00159949 -0.0015992
internal_weight=0 11.0527 1.1081 0.901113 9.94463 9.53071 8.23435 7.77192 1.29636 0.747136 7.41436 1.42414 0.86604 5.99022
internal_count=429 422 44 34 378 359 304 293 55 34 284 45 23 239
is_linear=0
shrinkage=0.05


Tree=149
num_leaves=15
num_cat=0
split_feature=9 8 1 2 0 11 0 4 13 10 4 9 0 4
split_gain=0.137564 0.127373 0.296286 0.521233 0.496423 0.21176 0.447552 0.46747 0.446628 0.334823 0.304539 0.385538 0.292577 0.289177
threshold=0.25298289528577395 32.487406398910828 0.13165773715726445 0.18350168350168353 4.945201156493737 0.35099637681159429 2.8617925509761908 0.0036021840064327034 1.3368327004690643 0.97860335056050751 0.028848821081830792 0.54700854700854717 3.3497501700808394 0.015964989127697376
decision_type=2 2 2 2 2 2 2 2 2 2 2 2 2 2
left_child=-1 2 4 -4 -2 6 -3 -8 -9 10 -10 -12 -7 -11
right_child=1 5 3 -5 -6 12 7 8 9 13 11 -13 -14 -15
leaf_value=-0.029719543931007737 0.030590506843948456 0.054946845048775006 0.005269398049540598 -0.042512590489291811 -0.043561036808489058 -0.038272935297922854 -0.023926312618112781 0.039884546148199113 -0.032019107442956725 0.052526082590854929 -0.053023311695437551 0.046634216528247605 0.010385902372929384 0.0060805534463935409
leaf_weight=0.37529431405710134 0.94763450999744081 0.48186990479007352 1.2036935687065127 1.0854059560224412 0.29627895168960094 0.61915559973567702 1.1337815904989836 1.0874556679045779 0.93734959093853831 0.43259840924292814 0.13739108084701002 0.33050538401585072 0.61656176648102701 1.4874593133572487
leaf_count=23 37 11 25 43 12 9 41 63 33 11 4 29 21 67
internal_value=0 0.00107373 -0.00671333 -0.017387 0.0129289 0.00486107 0.00872615 0.00471061 0.0120684 0.00297179 -0.0155739 0.0173712 -0.0139946 0.016545
internal_weight=0 10.7971 3.53301 2.2891 1.24391 7.26413 6.02841 5.54654 4.41276 3.3253 1.40525 0.467896 1.23572 1.92006
internal_count=429 406 117 68 49 289 259 248 207 144 66 33 30 78
is_linear=0
shrinkage=0.05


end of trees

feature_importances:
Column_1=291
Column_8=272
Column_2=231
Column_4=198
Column_0=190
Column_9=182
Column_11=172
Column_13=161
Column_10=155
Column_7=148
Column_3=58
Column_6=42

parameters:
[boosting: gbdt]
[objective: binary]
[metric: binary_logloss]
[tree_learner: serial]
[device_type: cpu]
[data_sample_strategy: bagging]
[data: ]
[valid: ]
[num_iterations: 150]
[learning_rate: 0.05]
[num_leaves: 15]
[num_threads: 0]
[seed: 0]
[deterministic: 0]
[force_col_wise: 0]
[force_row_wise: 0]
[histogram_pool_size: -1]
[max_depth: -1]
[min_data_in_leaf: 10]
[min_sum_hessian_in_leaf: 0.001]
[bagging_fraction: 1]
[pos_bagging_fraction: 1]
[neg_bagging_fraction: 1]
[bagging_freq: 0]
[bagging_seed: 3]
[feature_fraction: 0.9]
[feature_fraction_bynode: 1]
[feature_fraction_seed: 2]
[extra_trees: 0]
[extra_seed: 6]
[early_stopping_round: 0]
[early_stopping_min_delta: 0]
[first_metric_only: 0]
[max_delta_step: 0]
[lambda_l1: 0]
[lambda_l2: 0]
[linear_lambda: 0]
[min_gain_to_split: 0]
[drop_rate: 0.1]
[max_drop: 50]
[skip_drop: 0.5]
[xgboost_dart_mode: 0]
[uniform_drop: 0]
[drop_seed: 4]
[top_rate: 0.2]
[other_rate: 0.1]
[min_data_per_group: 100]
[max_cat_threshold: 32]
[cat_l2: 10]
[cat_smooth: 10]
[max_cat_to_onehot: 4]
[top_k: 20]
[monotone_constraints: ]
[monotone_constraints_method: basic]
[monotone_penalty: 0]
[feature_contri: ]
[forcedsplits_filename: ]
[refit_decay_rate: 0.9]
[cegb_tradeoff: 1]
[cegb_penalty_split: 0]
[cegb_penalty_feature_lazy: ]
[cegb_penalty_feature_coupled: ]
[path_smooth: 0]
[interaction_constraints: ]
[verbosity: -1]
[saved_feature_importance_type: 0]
[use_quantized_grad: 0]
[num_grad_quant_bins: 4]
[quant_train_renew_leaf: 0]
[stochastic_rounding: 1]
[linear_tree: 0]
[max_bin: 255]
[max_bin_by_feature: ]
[min_data_in_bin: 3]
[bin_construct_sample_cnt: 200000]
[data_random_seed: 1]
[is_enable_sparse: 1]
[enable_bundle: 1]
[use_missing: 1]
[zero_as_missing: 0]
[feature_pre_filter: 1]
[pre_partition: 0]
[two_round: 0]
[header: 0]
[label_column: ]
[weight_column: ]
[group_column: ]
[ignore_column: ]
[categorical_feature: ]
[forcedbins_filename: ]
[precise_float_parser: 0]
[parser_config_file: ]
[objective_seed: 5]
[num_class: 1]
[is_unbalance: 0]
[scale_pos_weight: 1]
[sigmoid: 1]
[boost_from_average: 1]
[reg_sqrt: 0]
[alpha: 0.9]
[fair_c: 1]
[poisson_max_delta_step: 0.7]
[tweedie_variance_power: 1.5]
[lambdarank_truncation_level: 30]
[lambdarank_norm: 1]
[label_gain: ]
[lambdarank_position_bias_regularization: 0]
[eval_at: ]
[multi_error_top_k: 1]
[auc_mu_weights: ]
[num_machines: 1]
[local_listen_port: 12400]
[time_out: 120]
[machine_list_filename: ]
[machines: ]
[gpu_platform_id: -1]
[gpu_device_id: -1]
[gpu_use_dp: 0]
[num_gpu: 1]

end of parameters

pandas_categorical:null
